-- MySQL dump 10.13  Distrib 8.0.46, for Linux (x86_64)
--
-- Host: localhost    Database: ai_customer_service
-- ------------------------------------------------------
-- Server version	8.0.46-0ubuntu0.24.04.2

/*!40101 SET @OLD_CHARACTER_SET_CLIENT=@@CHARACTER_SET_CLIENT */;
/*!40101 SET @OLD_CHARACTER_SET_RESULTS=@@CHARACTER_SET_RESULTS */;
/*!40101 SET @OLD_COLLATION_CONNECTION=@@COLLATION_CONNECTION */;
/*!50503 SET NAMES utf8mb4 */;
/*!40103 SET @OLD_TIME_ZONE=@@TIME_ZONE */;
/*!40103 SET TIME_ZONE='+00:00' */;
/*!40014 SET @OLD_UNIQUE_CHECKS=@@UNIQUE_CHECKS, UNIQUE_CHECKS=0 */;
/*!40014 SET @OLD_FOREIGN_KEY_CHECKS=@@FOREIGN_KEY_CHECKS, FOREIGN_KEY_CHECKS=0 */;
/*!40101 SET @OLD_SQL_MODE=@@SQL_MODE, SQL_MODE='NO_AUTO_VALUE_ON_ZERO' */;
/*!40111 SET @OLD_SQL_NOTES=@@SQL_NOTES, SQL_NOTES=0 */;

--
-- Table structure for table `kb_industry`
--

DROP TABLE IF EXISTS `kb_industry`;
/*!40101 SET @saved_cs_client     = @@character_set_client */;
/*!50503 SET character_set_client = utf8mb4 */;
CREATE TABLE `kb_industry` (
  `id` bigint NOT NULL AUTO_INCREMENT COMMENT '行业ID',
  `industry_name` varchar(100) NOT NULL COMMENT '行业名称',
  `industry_code` varchar(50) NOT NULL COMMENT '行业编码',
  `description` text COMMENT '行业描述',
  `icon` varchar(50) DEFAULT 0xF09F8FA2 COMMENT '图标',
  `sort_order` int DEFAULT '0' COMMENT '排序',
  `status` tinyint DEFAULT '1' COMMENT '状态 1-启用 0-禁用',
  `create_time` datetime DEFAULT CURRENT_TIMESTAMP,
  `update_time` datetime DEFAULT CURRENT_TIMESTAMP ON UPDATE CURRENT_TIMESTAMP,
  PRIMARY KEY (`id`),
  UNIQUE KEY `industry_code` (`industry_code`),
  KEY `idx_code` (`industry_code`),
  KEY `idx_status` (`status`)
) ENGINE=InnoDB AUTO_INCREMENT=11 DEFAULT CHARSET=utf8mb4 COLLATE=utf8mb4_0900_ai_ci COMMENT='行业分类表';
/*!40101 SET character_set_client = @saved_cs_client */;

--
-- Dumping data for table `kb_industry`
--

LOCK TABLES `kb_industry` WRITE;
/*!40000 ALTER TABLE `kb_industry` DISABLE KEYS */;
INSERT INTO `kb_industry` VALUES (1,'电商零售','ecommerce','电商平台、零售商城、品牌官网等','🛒',1,1,'2026-05-25 14:55:41','2026-05-25 14:55:41'),(2,'教育培训','education','K12 教育、职业培训、知识付费等','📚',2,1,'2026-05-25 14:55:41','2026-05-25 14:55:41'),(3,'医疗健康','healthcare','医院、诊所、健康管理、医药电商等','🏥',3,1,'2026-05-25 14:55:41','2026-05-25 14:55:41'),(4,'金融服务','finance','银行、保险、证券、理财等','💰',4,1,'2026-05-25 14:55:41','2026-05-25 14:55:41'),(5,'生活服务','lifestyle','餐饮、酒店、旅游、家政等','🏠',5,1,'2026-05-25 14:55:41','2026-05-25 14:55:41'),(6,'企业服务','enterprise','SaaS、咨询、法律、人力资源等','💼',6,1,'2026-05-25 14:55:41','2026-05-25 14:55:41'),(7,'科技互联网','technology','软件开发、人工智能、云计算等','💻',7,1,'2026-05-25 14:55:41','2026-05-25 14:55:41'),(8,'制造业','manufacturing','工业制造、生产加工、供应链等','🏭',8,1,'2026-05-25 14:55:41','2026-05-25 14:55:41'),(9,'文化传媒','media','媒体出版、广告营销、娱乐影视等','🎬',9,1,'2026-05-25 14:55:41','2026-05-25 14:55:41'),(10,'其他行业','other','其他未分类行业','📁',10,1,'2026-05-25 14:55:41','2026-05-25 14:55:41');
/*!40000 ALTER TABLE `kb_industry` ENABLE KEYS */;
UNLOCK TABLES;

--
-- Table structure for table `tb_agent`
--

DROP TABLE IF EXISTS `tb_agent`;
/*!40101 SET @saved_cs_client     = @@character_set_client */;
/*!50503 SET character_set_client = utf8mb4 */;
CREATE TABLE `tb_agent` (
  `id` bigint NOT NULL AUTO_INCREMENT COMMENT '客服ID',
  `username` varchar(50) COLLATE utf8mb4_unicode_ci NOT NULL COMMENT '登录账号',
  `password_hash` varchar(255) COLLATE utf8mb4_unicode_ci DEFAULT '$2a$10$gSOa7mDoURguYKnXDo84eeyJ9BiUOUoyP9AvCao8JWi09NGWuAk4G',
  `nickname` varchar(50) COLLATE utf8mb4_unicode_ci DEFAULT '专属客服' COMMENT '客服昵称',
  `avatar` varchar(500) COLLATE utf8mb4_unicode_ci DEFAULT 'https://www.jnysx.cn/icons/default-agent.svg' COMMENT '客服头像',
  `email` varchar(100) COLLATE utf8mb4_unicode_ci DEFAULT NULL COMMENT '邮箱',
  `phone` varchar(20) COLLATE utf8mb4_unicode_ci DEFAULT NULL COMMENT '电话',
  `skill_group` varchar(50) COLLATE utf8mb4_unicode_ci DEFAULT 'default' COMMENT '技能组：default/sales/after_sale/vip等',
  `status` tinyint NOT NULL DEFAULT '1' COMMENT '状态：0-离线，1-在线，2-忙碌，3-离开',
  `max_sessions` int NOT NULL DEFAULT '10' COMMENT '最大同时服务会话数',
  `current_sessions` int NOT NULL DEFAULT '0' COMMENT '当前服务会话数',
  `role` varchar(20) COLLATE utf8mb4_unicode_ci DEFAULT 'agent' COMMENT '角色：agent-坐席，supervisor-主管，admin-管理员',
  `isFirst_login` tinyint DEFAULT '1' COMMENT '是否首次登录：0-否，1-是',
  `is_first_login` tinyint DEFAULT '1' COMMENT '是否首次登录：0-否，1-是',
  `create_time` datetime NOT NULL DEFAULT CURRENT_TIMESTAMP COMMENT '创建时间',
  `update_time` datetime NOT NULL DEFAULT CURRENT_TIMESTAMP ON UPDATE CURRENT_TIMESTAMP COMMENT '更新时间',
  `deleted` int NOT NULL DEFAULT '0' COMMENT '是否删除：0-否，1-是',
  PRIMARY KEY (`id`),
  UNIQUE KEY `uk_username` (`username`),
  KEY `idx_status` (`status`),
  KEY `idx_skill_group` (`skill_group`)
) ENGINE=InnoDB AUTO_INCREMENT=33 DEFAULT CHARSET=utf8mb4 COLLATE=utf8mb4_unicode_ci COMMENT='客服人员表';
/*!40101 SET character_set_client = @saved_cs_client */;

--
-- Dumping data for table `tb_agent`
--

LOCK TABLES `tb_agent` WRITE;
/*!40000 ALTER TABLE `tb_agent` DISABLE KEYS */;
INSERT INTO `tb_agent` VALUES (1,'agent001','$2a$12$nhx3WQxv0Ncu2l0AzLIohuOCyPyt.XEUsF15cEZ79B79hSw6BU0eG','测试更新','https://www.jnysx.cn/icons/agent1.svg',NULL,NULL,'after_sale',1,10,3,'agent',1,1,'2026-05-19 18:29:59','2026-06-15 07:53:34',0),(2,'agent002','$2a$12$nhx3WQxv0Ncu2l0AzLIohuOCyPyt.XEUsF15cEZ79B79hSw6BU0eG','小张客服','https://www.jnysx.cn/icons/agent2.svg',NULL,NULL,'sales',1,10,2,'agent',1,1,'2026-05-19 18:29:59','2026-06-13 08:00:36',0),(3,'agent003','$2a$12$nhx3WQxv0Ncu2l0AzLIohuOCyPyt.XEUsF15cEZ79B79hSw6BU0eG','VIP专属客服','https://www.jnysx.cn/icons/agent3.svg',NULL,NULL,'vip',1,5,2,'agent',1,1,'2026-05-19 18:29:59','2026-06-13 08:00:36',0),(4,'admin001','$2a$12$nhx3WQxv0Ncu2l0AzLIohuOCyPyt.XEUsF15cEZ79B79hSw6BU0eG','系统管理员','https://www.jnysx.cn/icons/admin.svg',NULL,NULL,'default',1,20,2,'admin',1,1,'2026-05-19 18:29:59','2026-06-13 22:07:15',0),(5,'admin','$2a$10$gSOa7mDoURguYKnXDo84eeyJ9BiUOUoyP9AvCao8JWi09NGWuAk4G','测试管理员','https://www.jnysx.cn/icons/default-agent.svg',NULL,NULL,'default',1,10,0,'admin',1,1,'2026-06-05 13:44:23','2026-06-14 14:00:51',0),(10,'1123','$2a$12$ZNTLz8W6DBenGVSy.T1b7e9hbhp/C3llaNHFR8kxDBEIFX83S9en.','test','https://www.jnysx.cn/icons/default-agent.svg',NULL,NULL,'default',1,10,0,'agent',1,1,'2026-06-06 12:18:33','2026-06-08 15:09:13',0),(13,'22','$2a$12$nhx3WQxv0Ncu2l0AzLIohuOCyPyt.XEUsF15cEZ79B79hSw6BU0eG','11','https://www.jnysx.cn/icons/default-agent.svg',NULL,NULL,'default',1,10,0,'agent',1,1,'2026-06-12 19:15:12','2026-06-13 16:49:42',0),(15,'test_crud','$2a$10$gSOa7mDoURguYKnXDo84eeyJ9BiUOUoyP9AvCao8JWi09NGWuAk4G','更新名字','https://www.jnysx.cn/icons/default-agent.svg',NULL,NULL,'after_sale',1,15,0,'agent',1,1,'2026-06-13 17:06:00','2026-06-13 21:17:53',0),(16,'test_001','$2a$10$gSOa7mDoURguYKnXDo84eeyJ9BiUOUoyP9AvCao8JWi09NGWuAk4G','新名字','https://www.jnysx.cn/icons/default-agent.svg',NULL,NULL,'after_sale',1,10,0,'agent',1,1,'2026-06-13 21:05:34','2026-06-13 21:07:20',0),(17,'test_x','$2a$10$gSOa7mDoURguYKnXDo84eeyJ9BiUOUoyP9AvCao8JWi09NGWuAk4G','测试','https://www.jnysx.cn/icons/default-agent.svg',NULL,NULL,'after_sale',1,10,0,'agent',1,1,'2026-06-13 21:17:53','2026-06-13 21:17:53',0),(18,'t999','admin123','测试','https://www.jnysx.cn/icons/default-agent.svg',NULL,NULL,'t',1,10,0,'agent',1,1,'2026-06-14 13:11:04','2026-06-14 13:11:04',0),(21,'test_agent_1781445877','admin123','Test Agent','https://www.jnysx.cn/icons/default-agent.svg',NULL,NULL,'default',1,5,0,'agent',1,1,'2026-06-14 22:04:39','2026-06-14 22:04:39',0),(22,'test_agent_1781445940','admin123','Test Agent','https://www.jnysx.cn/icons/default-agent.svg',NULL,NULL,'default',1,5,0,'agent',1,1,'2026-06-14 22:05:41','2026-06-14 22:05:41',0),(23,'test_agent_1781446000','admin123','Test Agent','https://www.jnysx.cn/icons/default-agent.svg',NULL,NULL,'default',1,5,0,'agent',1,1,'2026-06-14 22:06:41','2026-06-14 22:06:41',0),(24,'test_agent_1781446229','admin123','Test Agent','https://www.jnysx.cn/icons/default-agent.svg',NULL,NULL,'default',1,5,0,'agent',1,1,'2026-06-14 22:10:30','2026-06-14 22:10:30',0),(25,'test_agent_1781446285','admin123','Test Agent','https://www.jnysx.cn/icons/default-agent.svg',NULL,NULL,'default',1,5,0,'agent',1,1,'2026-06-14 22:11:27','2026-06-14 22:11:27',0),(26,'test_agent_1781446330','admin123','Test Agent','https://www.jnysx.cn/icons/default-agent.svg',NULL,NULL,'default',0,5,0,'agent',1,1,'2026-06-14 22:12:12','2026-06-15 08:04:36',0),(27,'test_api','admin123','API测试','https://www.jnysx.cn/icons/default-agent.svg',NULL,NULL,'default',1,10,0,'agent',1,1,'2026-06-15 07:50:35','2026-06-15 07:50:35',0),(28,'api_test','admin123','更新测试','https://www.jnysx.cn/icons/default-agent.svg',NULL,NULL,'default',1,10,0,'agent',1,1,'2026-06-15 07:50:57','2026-06-15 07:53:34',0),(29,'final_test','admin123','最终测试','https://www.jnysx.cn/icons/default-agent.svg',NULL,NULL,'default',1,10,0,'agent',1,1,'2026-06-15 07:53:33','2026-06-15 07:53:33',0),(30,'test_1781481941','admin123','Updated Agent','https://www.jnysx.cn/icons/default-agent.svg',NULL,NULL,'default',0,5,0,'agent',1,1,'2026-06-15 08:05:43','2026-06-15 08:05:43',0),(31,'test_1781481950','admin123','Updated Agent','https://www.jnysx.cn/icons/default-agent.svg',NULL,NULL,'default',0,5,0,'agent',1,1,'2026-06-15 08:05:52','2026-06-15 08:05:52',0),(32,'lifecycle_1781482465','admin123','已更新客服','https://www.jnysx.cn/icons/default-agent.svg',NULL,NULL,'default',0,5,0,'agent',1,1,'2026-06-15 08:14:27','2026-06-15 08:14:28',0);
/*!40000 ALTER TABLE `tb_agent` ENABLE KEYS */;
UNLOCK TABLES;

--
-- Table structure for table `tb_agent_quick_reply`
--

DROP TABLE IF EXISTS `tb_agent_quick_reply`;
/*!40101 SET @saved_cs_client     = @@character_set_client */;
/*!50503 SET character_set_client = utf8mb4 */;
CREATE TABLE `tb_agent_quick_reply` (
  `id` bigint NOT NULL AUTO_INCREMENT COMMENT '快捷短语ID',
  `agent_id` bigint DEFAULT NULL COMMENT '客服ID（NULL表示公共短语）',
  `category` varchar(50) COLLATE utf8mb4_unicode_ci DEFAULT 'common' COMMENT '分类：common/greeting/after_sale/marketing等',
  `title` varchar(100) COLLATE utf8mb4_unicode_ci NOT NULL COMMENT '短语标题',
  `content` text COLLATE utf8mb4_unicode_ci NOT NULL COMMENT '短语内容（支持变量：{username}/{order_no}等）',
  `sort_order` int DEFAULT '0' COMMENT '排序号',
  `create_time` datetime NOT NULL DEFAULT CURRENT_TIMESTAMP COMMENT '创建时间',
  PRIMARY KEY (`id`),
  KEY `idx_agent_id` (`agent_id`),
  KEY `idx_category` (`category`)
) ENGINE=InnoDB AUTO_INCREMENT=6 DEFAULT CHARSET=utf8mb4 COLLATE=utf8mb4_unicode_ci COMMENT='客服快捷短语表';
/*!40101 SET character_set_client = @saved_cs_client */;

--
-- Dumping data for table `tb_agent_quick_reply`
--

LOCK TABLES `tb_agent_quick_reply` WRITE;
/*!40000 ALTER TABLE `tb_agent_quick_reply` DISABLE KEYS */;
INSERT INTO `tb_agent_quick_reply` VALUES (1,NULL,'greeting','欢迎语','您好，我是人工客服{nickname}，很高兴为您服务！',1,'2026-05-19 18:29:59'),(2,NULL,'common','请稍等','请您稍等，我正在为您查询...',2,'2026-05-19 18:29:59'),(3,NULL,'after_sale','退货链接','您的退货链接已发送，请点击：{refund_link}',3,'2026-05-19 18:29:59'),(4,NULL,'common','已解决','请问还有其他问题吗？如没有我将结束本次服务。',4,'2026-05-19 18:29:59'),(5,NULL,'common','结束语','感谢您的咨询，祝您生活愉快！如有问题随时联系我们。',5,'2026-05-19 18:29:59');
/*!40000 ALTER TABLE `tb_agent_quick_reply` ENABLE KEYS */;
UNLOCK TABLES;

--
-- Table structure for table `tb_agent_skill_group`
--

DROP TABLE IF EXISTS `tb_agent_skill_group`;
/*!40101 SET @saved_cs_client     = @@character_set_client */;
/*!50503 SET character_set_client = utf8mb4 */;
CREATE TABLE `tb_agent_skill_group` (
  `id` bigint NOT NULL AUTO_INCREMENT COMMENT '主键 ID',
  `agent_id` bigint NOT NULL COMMENT '坐席 ID',
  `skill_group_id` bigint NOT NULL COMMENT '技能组 ID',
  `proficiency` int DEFAULT '2' COMMENT '熟练度（1-初级，2-中级，3-高级，4-专家）',
  `enabled` int DEFAULT '1' COMMENT '是否启用（0-否，1-是）',
  `create_time` datetime DEFAULT CURRENT_TIMESTAMP,
  `update_time` datetime DEFAULT CURRENT_TIMESTAMP ON UPDATE CURRENT_TIMESTAMP,
  `deleted` int DEFAULT '0',
  PRIMARY KEY (`id`),
  KEY `idx_agent_id` (`agent_id`),
  KEY `idx_skill_group_id` (`skill_group_id`)
) ENGINE=InnoDB DEFAULT CHARSET=utf8mb4 COLLATE=utf8mb4_0900_ai_ci COMMENT='坐席技能组关联表';
/*!40101 SET character_set_client = @saved_cs_client */;

--
-- Dumping data for table `tb_agent_skill_group`
--

LOCK TABLES `tb_agent_skill_group` WRITE;
/*!40000 ALTER TABLE `tb_agent_skill_group` DISABLE KEYS */;
/*!40000 ALTER TABLE `tb_agent_skill_group` ENABLE KEYS */;
UNLOCK TABLES;

--
-- Table structure for table `tb_channel_config`
--

DROP TABLE IF EXISTS `tb_channel_config`;
/*!40101 SET @saved_cs_client     = @@character_set_client */;
/*!50503 SET character_set_client = utf8mb4 */;
CREATE TABLE `tb_channel_config` (
  `id` bigint NOT NULL AUTO_INCREMENT COMMENT 'ID',
  `channel` varchar(30) COLLATE utf8mb4_unicode_ci NOT NULL COMMENT '渠道：web/wechat_mp/wechat_mini/wechat_work/app/dingtalk/feishu/whatsapp',
  `config_name` varchar(100) COLLATE utf8mb4_unicode_ci NOT NULL COMMENT '配置名称',
  `config_data` json NOT NULL COMMENT '配置数据（appid/secret/token等）',
  `welcome_message` text COLLATE utf8mb4_unicode_ci COMMENT '欢迎语',
  `faq_menu` json DEFAULT NULL COMMENT '常见问题菜单（[{"label":"查订单","value":"check_order"}]）',
  `bot_enabled` tinyint DEFAULT '1' COMMENT '是否启用机器人：0-否，1-是',
  `transfer_enabled` tinyint DEFAULT '1' COMMENT '是否允许转人工：0-否，1-是',
  `work_time_start` varchar(10) COLLATE utf8mb4_unicode_ci DEFAULT '09:00' COMMENT '人工服务开始时间',
  `work_time_end` varchar(10) COLLATE utf8mb4_unicode_ci DEFAULT '18:00' COMMENT '人工服务结束时间',
  `work_days` varchar(20) COLLATE utf8mb4_unicode_ci DEFAULT '1,2,3,4,5' COMMENT '工作日（1-7对应周一到周日）',
  `status` tinyint DEFAULT '1' COMMENT '状态：0-禁用，1-启用',
  `create_time` datetime NOT NULL DEFAULT CURRENT_TIMESTAMP COMMENT '创建时间',
  `update_time` datetime NOT NULL DEFAULT CURRENT_TIMESTAMP ON UPDATE CURRENT_TIMESTAMP COMMENT '更新时间',
  `deleted` int NOT NULL DEFAULT '0' COMMENT '是否删除：0-否，1-是',
  PRIMARY KEY (`id`),
  KEY `idx_channel` (`channel`)
) ENGINE=InnoDB AUTO_INCREMENT=4 DEFAULT CHARSET=utf8mb4 COLLATE=utf8mb4_unicode_ci COMMENT='渠道配置表';
/*!40101 SET character_set_client = @saved_cs_client */;

--
-- Dumping data for table `tb_channel_config`
--

LOCK TABLES `tb_channel_config` WRITE;
/*!40000 ALTER TABLE `tb_channel_config` DISABLE KEYS */;
INSERT INTO `tb_channel_config` VALUES (1,'web','网页在线客服','{\"theme\": \"blue\", \"position\": \"bottom-right\", \"auto_popup\": true, \"popup_delay\": 5}','您好！欢迎使用空白格AI客服，请问有什么可以帮您？','[{\"label\": \"查订单\", \"value\": \"query_order\"}, {\"label\": \"申请退货\", \"value\": \"refund\"}, {\"label\": \"产品咨询\", \"value\": \"product_info\"}, {\"label\": \"转人工\", \"value\": \"transfer_manual\"}]',1,1,'09:00','18:00','1,2,3,4,5',1,'2026-05-19 18:29:59','2026-06-15 07:51:44',0),(2,'wechat_mp','微信公众号','{\"appId\": \"\", \"token\": \"blankgrid_aics_2026\", \"appSecret\": \"\", \"autoReply\": true, \"messageType\": \"text,image,voice,video,location,link,event\", \"encodingAesKey\": \"\", \"transferEnabled\": true}','🤖 您好！欢迎使用空白格 AI 客服！\n\n回复关键词获取帮助：\n1️⃣ 查订单\n2️⃣ 退货退款\n3️⃣ 产品咨询\n4️⃣ 转人工\n\n如有其他问题，也可直接留言，我们会尽快回复您！','[{\"label\": \"查订单\", \"value\": \"query_order\"}, {\"label\": \"退货退款\", \"value\": \"refund\"}, {\"label\": \"产品咨询\", \"value\": \"product_info\"}, {\"label\": \"转人工\", \"value\": \"transfer_manual\"}]',1,1,'09:00','18:00','1,2,3,4,5,6,7',1,'2026-06-05 06:05:29','2026-06-05 06:05:29',0),(3,'test_channel','????','{}','??????',NULL,1,1,'09:00','18:00','1,2,3,4,5',1,'2026-06-13 17:06:02','2026-06-13 17:06:02',0);
/*!40000 ALTER TABLE `tb_channel_config` ENABLE KEYS */;
UNLOCK TABLES;

--
-- Table structure for table `tb_dialog_context`
--

DROP TABLE IF EXISTS `tb_dialog_context`;
/*!40101 SET @saved_cs_client     = @@character_set_client */;
/*!50503 SET character_set_client = utf8mb4 */;
CREATE TABLE `tb_dialog_context` (
  `id` bigint NOT NULL AUTO_INCREMENT COMMENT '记录ID',
  `session_id` varchar(64) COLLATE utf8mb4_unicode_ci NOT NULL COMMENT '会话ID',
  `slot_data` json DEFAULT NULL COMMENT '槽位数据（{"order_no":"123","reason":"质量问题"}）',
  `current_intent` varchar(50) COLLATE utf8mb4_unicode_ci DEFAULT NULL COMMENT '当前意图',
  `dialog_state` varchar(30) COLLATE utf8mb4_unicode_ci DEFAULT 'init' COMMENT '对话状态：init/collecting/confirming/executing/completed',
  `pending_slots` json DEFAULT NULL COMMENT '待填充槽位列表（["order_no","reason"]）',
  `turn_history` json DEFAULT NULL COMMENT '对话轮次摘要（最近10轮的意图+实体）',
  `create_time` datetime NOT NULL DEFAULT CURRENT_TIMESTAMP COMMENT '创建时间',
  `update_time` datetime NOT NULL DEFAULT CURRENT_TIMESTAMP ON UPDATE CURRENT_TIMESTAMP COMMENT '更新时间',
  PRIMARY KEY (`id`),
  UNIQUE KEY `uk_session_id` (`session_id`)
) ENGINE=InnoDB AUTO_INCREMENT=142 DEFAULT CHARSET=utf8mb4 COLLATE=utf8mb4_unicode_ci COMMENT='对话上下文表';
/*!40101 SET character_set_client = @saved_cs_client */;

--
-- Dumping data for table `tb_dialog_context`
--

LOCK TABLES `tb_dialog_context` WRITE;
/*!40000 ALTER TABLE `tb_dialog_context` DISABLE KEYS */;
INSERT INTO `tb_dialog_context` VALUES (1,'198e7da3c2834590b013f0da6fd2ab9d','{}',NULL,'init','[]','[]','2026-05-20 07:28:47','2026-05-20 07:28:47'),(2,'8243d284a2684289a7f021bfb408f4de','{}',NULL,'init','[]','[]','2026-05-20 07:31:03','2026-05-20 07:31:03'),(3,'b215ea9e52c544da94d6310908a66afa','{}',NULL,'init','[]','[]','2026-05-20 07:32:14','2026-05-20 07:32:14'),(4,'513ccdd4744840129dac4738a60bf3b8','{}',NULL,'init','[]','[]','2026-05-20 07:40:41','2026-05-20 07:40:41'),(5,'70650e9abf784ffb91c6fb80276acda9','{}',NULL,'init','[]','[]','2026-05-20 07:42:16','2026-05-20 07:42:16'),(6,'f229d2991d954817becf0065915961fc','{}',NULL,'init','[]','[]','2026-05-20 08:26:43','2026-05-20 08:26:43'),(7,'c3355c3e9e25486da4d1f54ff3b0b57c','{}',NULL,'init','[]','[]','2026-05-20 08:35:00','2026-05-20 08:35:00'),(8,'8034e786f8884767a0ca0f05bcbfbc51','{}',NULL,'init','[]','[]','2026-05-20 08:41:40','2026-05-20 08:41:40'),(9,'0b4365957dcd49b381ca91e6babae888','{}',NULL,'init','[]','[]','2026-05-20 08:47:47','2026-05-20 08:47:47'),(10,'f7842bcf08b34d57b2cccb24c8256bcc','{}',NULL,'init','[]','[]','2026-05-20 08:59:11','2026-05-20 08:59:11'),(11,'5df6df12500243298fd41750cf1b1abc','{}',NULL,'init','[]','[]','2026-05-20 09:31:33','2026-05-20 09:31:33'),(12,'d8c04d9b23464f009131d3c4fd7ac910','{}',NULL,'init','[]','[]','2026-05-20 09:51:09','2026-05-20 09:51:09'),(13,'94d1077ef9a14fa29274f2135418aa9e','{}',NULL,'init','[]','[]','2026-05-20 09:51:10','2026-05-20 09:51:10'),(14,'eed3a6a61c4140bca31ebc61e710a7cd','{}',NULL,'init','[]','[]','2026-05-20 10:08:22','2026-05-20 10:08:22'),(15,'2b7cab27c5244b8499d9cc6354feda15','{}',NULL,'init','[]','[]','2026-05-20 10:10:44','2026-05-20 10:10:44'),(16,'ab8aa74171004f2a86e1aefc31d685b7','{}',NULL,'init','[]','[]','2026-05-20 10:10:55','2026-05-20 10:10:55'),(17,'4dfcdce04384484b96f7b6c1d43f3511','{}',NULL,'init','[]','[]','2026-05-20 10:11:05','2026-05-20 10:11:05'),(18,'37063fbae5884fefbb03c228eae568da','{}',NULL,'init','[]','[]','2026-05-20 10:11:05','2026-05-20 10:11:05'),(19,'0dbcb02bc4794a8d8160080fab5dae0c','{}',NULL,'init','[]','[]','2026-05-20 10:15:06','2026-05-20 10:15:06'),(20,'0ff49a63e86248679828f594d089d462','{}',NULL,'init','[]','[]','2026-05-20 10:17:47','2026-05-20 10:17:47'),(21,'e55d073969934877b33b50bc58bfa117','{}',NULL,'init','[]','[]','2026-05-20 10:27:44','2026-05-20 10:27:44'),(22,'d77e4129a16741b2a8710c4569139bf6','{}',NULL,'init','[]','[]','2026-05-20 10:28:13','2026-05-20 10:28:13'),(23,'ea658fb6a9b141e09ad6966bff8c8b41','{}',NULL,'init','[]','[]','2026-05-20 16:20:37','2026-05-20 16:20:37'),(24,'b6fbe41e38de4baaa7c0c58a3c7435fd','{}',NULL,'init','[]','[]','2026-05-20 16:21:04','2026-05-20 16:21:04'),(25,'779c4ad7786040179d03ad5c496fd950','{}',NULL,'init','[]','[]','2026-05-20 16:39:30','2026-05-20 16:39:30'),(26,'999ad901199f419cbbb4cd8de9e1cf01','{}',NULL,'init','[]','[]','2026-05-20 16:43:25','2026-05-20 16:43:25'),(27,'4bb98b7cfff94ff8994882bb6971cfaa','{}',NULL,'init','[]','[]','2026-05-20 16:45:01','2026-05-20 16:45:01'),(28,'8e78357c86aa4777a4c0a90677f1e871','{}',NULL,'init','[]','[]','2026-05-20 17:12:17','2026-05-20 17:12:17'),(29,'b4da689c96e343b5a6555e636640aa71','{}',NULL,'init','[]','[]','2026-05-20 17:14:01','2026-05-20 17:14:01'),(30,'4d87039c4d19420cb981919a9d9b9973','{}',NULL,'init','[]','[]','2026-05-20 17:59:39','2026-05-20 17:59:39'),(31,'23c2e01903a64815a582af8f4909c196','{}',NULL,'init','[]','[]','2026-05-20 21:44:54','2026-05-20 21:44:54'),(32,'51b63239ab1344bd88050683f9e05243','{}',NULL,'init','[]','[]','2026-05-20 21:46:32','2026-05-20 21:46:32'),(33,'6d4600f7d0864a4b9c0025281387fd46','{}',NULL,'init','[]','[]','2026-05-20 22:10:24','2026-05-20 22:10:24'),(34,'c2e0447639604fa886b4132b2ba6a8fc','{}',NULL,'init','[]','[]','2026-05-21 00:35:36','2026-05-21 00:35:36'),(35,'96f6319d111845409ca69d626a16514f','{}',NULL,'init','[]','[]','2026-05-21 00:41:30','2026-05-21 00:41:30'),(36,'a797cda1fe854994a1a67b05b56c5325','{}',NULL,'init','[]','[]','2026-05-21 00:41:36','2026-05-21 00:41:36'),(37,'a40f08a0b2a744d8aaee5fb2f842136b','{}',NULL,'init','[]','[]','2026-05-21 08:07:20','2026-05-21 08:07:20'),(38,'19661f59c81941d4b312e996be4a2d69','{}',NULL,'init','[]','[]','2026-05-21 09:35:01','2026-05-21 09:35:01'),(39,'4eb362364aa0416ebdad826810e4dc18','{}',NULL,'init','[]','[]','2026-05-21 09:40:22','2026-05-21 09:40:22'),(40,'ede8c892183e4cd9bef2c32c3c3d9f24','{}',NULL,'init','[]','[]','2026-05-21 09:53:29','2026-05-21 09:53:29'),(41,'0c7630bfe1c149aaaf10895115f8dca2','{}',NULL,'init','[]','[]','2026-05-21 09:57:51','2026-05-21 09:57:51'),(42,'be13d44885df4f01b3eb034588a4093b','{}',NULL,'init','[]','[]','2026-05-21 10:12:40','2026-05-21 10:12:40'),(43,'33ce5be85a704eb1b417780b9f3f5718','{}',NULL,'init','[]','[]','2026-05-21 10:18:35','2026-05-21 10:18:35'),(44,'0e01cf61598241c5bab0e8f694244b9f','{}',NULL,'init','[]','[]','2026-05-21 10:26:26','2026-05-21 10:26:26'),(45,'c48c128df98849bd872c53ef079ea0ea','{}',NULL,'init','[]','[]','2026-05-21 11:25:59','2026-05-21 11:25:59'),(46,'b8718599023b4ecaa124b587fce0ba59','{}',NULL,'init','[]','[]','2026-05-21 11:29:43','2026-05-21 11:29:43'),(47,'17e2854d9ca342539b7d066cbc67e5b6','{}',NULL,'init','[]','[]','2026-05-25 09:45:36','2026-05-25 09:45:36'),(48,'dd1a73005c1d4612b9a1fa728624685b','{}',NULL,'init','[]','[]','2026-05-25 09:45:58','2026-05-25 09:45:58'),(49,'5d6779b6040d4a448b6eb7adee9beecb','{}',NULL,'init','[]','[]','2026-05-25 10:27:08','2026-05-25 10:27:08'),(50,'3bf82cd5fdd4427093fd02d45795a803','{}',NULL,'init','[]','[]','2026-05-25 10:27:25','2026-05-25 10:27:25'),(51,'784d6e51ee5d49b3a1d03199c2de8f22','{}',NULL,'init','[]','[]','2026-05-25 10:27:35','2026-05-25 10:27:35'),(52,'28fcaefc034f4920baa69a9e1e3a0659','{}',NULL,'init','[]','[]','2026-05-25 10:28:44','2026-05-25 10:28:44'),(53,'e61b00af19a847b6adaa365c3154b46a','{}',NULL,'init','[]','[]','2026-05-25 11:47:40','2026-05-25 11:47:40'),(54,'aede56a45ded4dfc80fcf9253eeb2c2f','{}',NULL,'init','[]','[]','2026-05-25 14:50:38','2026-05-25 14:50:38'),(55,'f637c8fc630a4b6e9d7b8b424672b1a7','{}',NULL,'init','[]','[]','2026-05-25 16:39:37','2026-05-25 16:39:37'),(56,'196b882d883349c18806ee25e3763525','{}',NULL,'init','[]','[]','2026-05-25 16:40:45','2026-05-25 16:40:45'),(57,'9884662153ae4588818adb0f6faa0e7f','{}',NULL,'init','[]','[]','2026-05-25 16:53:33','2026-05-25 16:53:33'),(58,'d9cba097c6664c99b8fa3be4f1601029','{}',NULL,'init','[]','[]','2026-05-25 17:08:01','2026-05-25 17:08:01'),(59,'4ce21efb05fb415f8925f1f2535d17f8','{}',NULL,'init','[]','[]','2026-05-25 17:23:48','2026-05-25 17:23:48'),(60,'fe65e2db524f4991a0217352c8075d7a','{}',NULL,'init','[]','[]','2026-05-25 17:23:50','2026-05-25 17:23:50'),(61,'41d23b6b598f4eeaabe506629af359f5','{}',NULL,'init','[]','[]','2026-05-25 17:23:54','2026-05-25 17:23:54'),(62,'aa9094466e3b466a9b8193c2904c9a9d','{}',NULL,'init','[]','[]','2026-05-25 17:23:58','2026-05-25 17:23:58'),(63,'3c302ac96d6f4b1e854693546e1748f4','{}',NULL,'init','[]','[]','2026-05-25 17:24:00','2026-05-25 17:24:00'),(64,'4faabfd8f15f4066ba78b9df3d0aa9c4','{}',NULL,'init','[]','[]','2026-05-25 17:24:03','2026-05-25 17:24:03'),(65,'56763b343cbe4296b0c962e82954a377','{}',NULL,'init','[]','[]','2026-05-25 17:24:32','2026-05-25 17:24:32'),(66,'696b52cb3f65426a9277a9820f8b80f9','{}',NULL,'init','[]','[]','2026-05-25 17:45:35','2026-05-25 17:45:35'),(67,'d0344608d11a4c71a3526989b8207ed2','{}',NULL,'init','[]','[]','2026-05-25 18:20:59','2026-05-25 18:20:59'),(68,'0772668aa1064c06b0182fce889c761e','{}',NULL,'init','[]','[]','2026-05-25 18:23:29','2026-05-25 18:23:29'),(69,'8d5ca3d9dc504efabc6d117881e9c564','{}',NULL,'init','[]','[]','2026-05-25 18:27:32','2026-05-25 18:27:32'),(70,'3dbb420f52a046a8a6f32e479c5c74d0','{}',NULL,'init','[]','[]','2026-05-25 18:58:09','2026-05-25 18:58:09'),(71,'5c6dcfa5ad924fb5b13483de64fd819a','{}',NULL,'init','[]','[]','2026-05-25 19:01:08','2026-05-25 19:01:08'),(72,'7147cfec26764136a011ed8117deaed9','{}',NULL,'init','[]','[]','2026-05-25 19:19:47','2026-05-25 19:19:47'),(73,'bc08c4c4d794408e99dc4df439fff0de','{}',NULL,'init','[]','[]','2026-05-25 19:42:01','2026-05-25 19:42:01'),(74,'4606922762ec4eb9be4519fc41f2ab1c','{}',NULL,'init','[]','[]','2026-05-25 19:49:38','2026-05-25 19:49:38'),(75,'9bf0bb9c3e444559bc638f272f803823','{}',NULL,'init','[]','[]','2026-05-25 20:05:33','2026-05-25 20:05:33'),(76,'99f1ec307c8f47a588b5dbe434784044','{}',NULL,'init','[]','[]','2026-05-25 20:46:34','2026-05-25 20:46:34'),(77,'88fdca42106449a79b9710f125dd8da4','{}',NULL,'init','[]','[]','2026-05-25 20:52:33','2026-05-25 20:52:33'),(78,'8a667847d305427da92917f029802bce','{}',NULL,'init','[]','[]','2026-05-25 21:18:02','2026-05-25 21:18:02'),(79,'637220225ff1480f88a15b666604d3a0','{}',NULL,'init','[]','[]','2026-05-25 21:40:40','2026-05-25 21:40:40'),(80,'4cd3d2c9e15d43719d7387296f86f965','{}',NULL,'init','[]','[]','2026-05-25 21:48:51','2026-05-25 21:48:51'),(81,'4dcc3246cb6d4ce09cf10606dd5a5925','{}',NULL,'init','[]','[]','2026-05-25 22:35:33','2026-05-25 22:35:33'),(82,'2a1f475ea1ce428e8e3c0f4fbb04742e','{}',NULL,'init','[]','[]','2026-05-26 06:53:23','2026-05-26 06:53:23'),(83,'1981a69ec5c0468296cbb048cc4a9eb7','{}',NULL,'init','[]','[]','2026-05-31 12:06:02','2026-05-31 12:06:02'),(84,'8e52d36d76764152aef215608893d886','{}',NULL,'init','[]','[]','2026-05-31 12:26:06','2026-05-31 12:26:06'),(85,'3033fbed0a1545d08014d38abf5f807a','{}',NULL,'init','[]','[]','2026-06-01 15:20:23','2026-06-01 15:20:23'),(86,'4d14c8430e0a4fedabb657aab1289438','{}',NULL,'init','[]','[]','2026-06-01 15:20:29','2026-06-01 15:20:29'),(87,'fb00b768f4b34a768940c65e76e93102','{}',NULL,'init','[]','[]','2026-06-02 17:41:16','2026-06-02 17:41:16'),(88,'c21b12dd1225446d9d06613cbc9d58e2','{}',NULL,'init','[]','[]','2026-06-02 17:41:27','2026-06-02 17:41:27'),(89,'9858fa7b13214077a5aa306af74e95ce','{}',NULL,'init','[]','[]','2026-06-02 17:50:19','2026-06-02 17:50:19'),(90,'44872433f2e646048626c6007822258b','{}',NULL,'init','[]','[]','2026-06-02 17:50:47','2026-06-02 17:50:47'),(91,'a243d55824f84189aea9811486ae0272','{}',NULL,'init','[]','[]','2026-06-02 17:59:39','2026-06-02 17:59:39'),(92,'f3b607198fc34f8a92b879619dee3e95','{}',NULL,'init','[]','[]','2026-06-02 17:59:51','2026-06-02 17:59:51'),(93,'18a52ff7b8bf43b59f7ee266aa6f14fe','{}',NULL,'init','[]','[]','2026-06-02 18:00:12','2026-06-02 18:00:12'),(94,'628bd3f9b5f84c359dc39e1abaf6e4bf','{}',NULL,'init','[]','[]','2026-06-02 18:02:48','2026-06-02 18:02:48'),(95,'e38874be45f040039d1f2941b5902b21','{}',NULL,'init','[]','[]','2026-06-02 18:24:17','2026-06-02 18:24:17'),(96,'9d57a22143d64ac785343fbdca6a58f1','{}',NULL,'init','[]','[]','2026-06-02 18:24:35','2026-06-02 18:24:35'),(97,'182f3ce1272148428862bcf8ef41c2f9','{}',NULL,'init','[]','[]','2026-06-02 18:32:57','2026-06-02 18:32:57'),(98,'1ed46c51ddd544df949304b678f693a4','{}',NULL,'init','[]','[]','2026-06-02 18:39:49','2026-06-02 18:39:49'),(99,'9a93e9ed06bd4749a9fbcd00b19bf36e','{}',NULL,'init','[]','[]','2026-06-02 18:40:44','2026-06-02 18:40:44'),(100,'f553a84cb18f4ed58a3ebee65b903691','{}',NULL,'init','[]','[]','2026-06-02 18:47:27','2026-06-02 18:47:27'),(101,'4a24961a24a247748a15fb91d559293d','{}',NULL,'init','[]','[]','2026-06-02 18:47:43','2026-06-02 18:47:43'),(102,'23c65741877f4c28b374b4b36f932088','{}',NULL,'init','[]','[]','2026-06-02 18:50:14','2026-06-02 18:50:14'),(103,'699f787990074cc89b4f9f394ce8746a','{}',NULL,'init','[]','[]','2026-06-02 18:50:37','2026-06-02 18:50:37'),(104,'09f27448f3b54702ac530033fc0b725e','{}',NULL,'init','[]','[]','2026-06-02 18:51:24','2026-06-02 18:51:24'),(105,'ca2f8db40e104f82ba95a8bc1dd8e5d3','{}',NULL,'init','[]','[]','2026-06-02 18:59:50','2026-06-02 18:59:50'),(106,'e6c124e5eb38405c9ce65370fe5d7a2e','{}',NULL,'init','[]','[]','2026-06-02 19:24:01','2026-06-02 19:24:01'),(107,'3fdfec8ab5b54c1ca4dae25a5453d75c','{}',NULL,'init','[]','[]','2026-06-02 19:24:26','2026-06-02 19:24:26'),(108,'37e7ca7785194a86aed02e935baf4f53','{}',NULL,'init','[]','[]','2026-06-02 19:33:06','2026-06-02 19:33:06'),(109,'2bb2c9ce4e7b4455bfed0fd49db4b75b','{}',NULL,'init','[]','[]','2026-06-02 19:34:45','2026-06-02 19:34:45'),(110,'b6498d0fb6c84731820b6e0e734596f3','{}',NULL,'init','[]','[]','2026-06-02 21:37:42','2026-06-02 21:37:42'),(111,'aa08b927030e4b0290651fe3454ec570','{}',NULL,'init','[]','[]','2026-06-02 22:20:54','2026-06-02 22:20:54'),(112,'f0c39b5ad25649679a742a5efb6e368c','{}',NULL,'init','[]','[]','2026-06-03 00:41:57','2026-06-03 00:41:57'),(113,'22e98405f7214b01893bb26d80ca6b49','{}',NULL,'init','[]','[]','2026-06-03 09:25:29','2026-06-03 09:25:29'),(114,'d4eb007ef3a545c2a4b0e1ec10bdb44e','{}',NULL,'init','[]','[]','2026-06-03 09:54:46','2026-06-03 09:54:46'),(115,'a81afd8862154176a7a201b5638e7ea4','{}',NULL,'init','[]','[]','2026-06-03 21:55:00','2026-06-03 21:55:00'),(116,'676fb5c005ed4f968ab89baa08e6a15a','{}',NULL,'init','[]','[]','2026-06-03 22:03:02','2026-06-03 22:03:02'),(117,'5a6356d9a9a745359b271859bb094c67','{}',NULL,'init','[]','[]','2026-06-03 22:11:16','2026-06-03 22:11:16'),(118,'19b933b31683422cbadbf8e2f579bd67','{}',NULL,'init','[]','[]','2026-06-03 22:26:38','2026-06-03 22:26:38'),(119,'c3ab56cc93f14ae7999f16cb7239d240','{}',NULL,'init','[]','[]','2026-06-03 22:30:22','2026-06-03 22:30:22'),(120,'9844809c8da4468d8ff5b93af766f32e','{}',NULL,'init','[]','[]','2026-06-03 22:54:49','2026-06-03 22:54:49'),(121,'deb7a083b8124c3da14603a0974b26c0','{}',NULL,'init','[]','[]','2026-06-03 23:11:21','2026-06-03 23:11:21'),(122,'b3a48fff29bb44e89dd607907bce1575','{}',NULL,'init','[]','[]','2026-06-03 23:12:49','2026-06-03 23:12:49'),(123,'31b5d8fbf16748fbb426c7c2c3cb4faf','{}',NULL,'init','[]','[]','2026-06-03 23:56:34','2026-06-03 23:56:34'),(124,'ad0eea7762e8449682f85f3b4c2f1dd5','{}',NULL,'init','[]','[]','2026-06-04 00:12:41','2026-06-04 00:12:41'),(125,'823fdfe401b8456ca7bed4493a760dd9','{}',NULL,'init','[]','[]','2026-06-04 07:40:03','2026-06-04 07:40:03'),(126,'8541e8533cc74bc7a780f8a515169754','{}',NULL,'init','[]','[]','2026-06-04 08:08:17','2026-06-04 08:08:17'),(127,'1d85b0401bee41febeafc505092825f1','{}',NULL,'init','[]','[]','2026-06-04 08:11:57','2026-06-04 08:11:57'),(128,'b2130a1f98f84708823536c86e2842f0','{}',NULL,'init','[]','[]','2026-06-04 08:23:38','2026-06-04 08:23:38'),(129,'31463d67d47f44acb95fda5ecd97bcac','{}',NULL,'init','[]','[]','2026-06-04 08:25:56','2026-06-04 08:25:56'),(130,'670da323a8e7494eaf916a5e87911844','{}',NULL,'init','[]','[]','2026-06-04 08:32:09','2026-06-04 08:32:09'),(131,'15c707c097434666b127f88c2bbd4c93','{}',NULL,'init','[]','[]','2026-06-04 08:32:39','2026-06-04 08:32:39'),(132,'cc4ab2512fde4ec49edf6ee84bff3868','{}',NULL,'init','[]','[]','2026-06-04 08:36:56','2026-06-04 08:36:56'),(133,'04ab9ff33e8a4493afe7e6aa7db82835','{}',NULL,'init','[]','[]','2026-06-04 08:41:01','2026-06-04 08:41:01'),(134,'4d31d4842a1e4ccd8e7837a9a7e5942c','{}',NULL,'init','[]','[]','2026-06-04 08:45:35','2026-06-04 08:45:35'),(135,'3b386af74295460fa8defe8a4005de7c','{}',NULL,'init','[]','[]','2026-06-04 08:46:15','2026-06-04 08:46:15'),(136,'46ec8566bba343808455bbb72529a09f','{}',NULL,'init','[]','[]','2026-06-04 08:59:30','2026-06-04 08:59:30'),(137,'027b58c969d944f298c78af94de350d3','{}',NULL,'init','[]','[]','2026-06-04 09:08:50','2026-06-04 09:08:50'),(138,'df19fea6b4164a17bfeffa0c8d3decb6','{}',NULL,'init','[]','[]','2026-06-04 09:35:14','2026-06-04 09:35:14'),(139,'90c0b62e5aaf4c3e9cb7666979bc7c22','{}',NULL,'init','[]','[]','2026-06-12 13:08:49','2026-06-12 13:08:49'),(140,'dcdc3dcc7f2e4cb0941a6c379c144b30','{}',NULL,'init','[]','[]','2026-06-12 13:09:15','2026-06-12 13:09:15'),(141,'d265e3e79441478d9d8c6b0b101104b8','{}',NULL,'init','[]','[]','2026-06-12 13:14:13','2026-06-12 13:14:13');
/*!40000 ALTER TABLE `tb_dialog_context` ENABLE KEYS */;
UNLOCK TABLES;

--
-- Table structure for table `tb_dialog_flow`
--

DROP TABLE IF EXISTS `tb_dialog_flow`;
/*!40101 SET @saved_cs_client     = @@character_set_client */;
/*!50503 SET character_set_client = utf8mb4 */;
CREATE TABLE `tb_dialog_flow` (
  `id` bigint NOT NULL AUTO_INCREMENT COMMENT '流程ID',
  `flow_code` varchar(50) COLLATE utf8mb4_unicode_ci NOT NULL COMMENT '流程编码（refund_flow/order_query_flow等）',
  `flow_name` varchar(100) COLLATE utf8mb4_unicode_ci NOT NULL COMMENT '流程名称',
  `intent_code` varchar(50) COLLATE utf8mb4_unicode_ci DEFAULT NULL COMMENT '关联意图编码',
  `flow_config` json NOT NULL COMMENT '流程配置（节点+边+条件）',
  `required_slots` json DEFAULT NULL COMMENT '必需槽位（["order_no","reason"]）',
  `api_config` json DEFAULT NULL COMMENT '外部API调用配置',
  `status` tinyint DEFAULT '1' COMMENT '状态：0-禁用，1-启用',
  `create_time` datetime NOT NULL DEFAULT CURRENT_TIMESTAMP COMMENT '创建时间',
  `update_time` datetime NOT NULL DEFAULT CURRENT_TIMESTAMP ON UPDATE CURRENT_TIMESTAMP COMMENT '更新时间',
  `deleted` int NOT NULL DEFAULT '0' COMMENT '是否删除：0-否，1-是',
  PRIMARY KEY (`id`),
  UNIQUE KEY `uk_flow_code` (`flow_code`)
) ENGINE=InnoDB AUTO_INCREMENT=8 DEFAULT CHARSET=utf8mb4 COLLATE=utf8mb4_unicode_ci COMMENT='对话流程表';
/*!40101 SET character_set_client = @saved_cs_client */;

--
-- Dumping data for table `tb_dialog_flow`
--

LOCK TABLES `tb_dialog_flow` WRITE;
/*!40000 ALTER TABLE `tb_dialog_flow` DISABLE KEYS */;
INSERT INTO `tb_dialog_flow` VALUES (1,'refund_process','退款退货流程','refund','{\"edges\": [{\"to\": \"ask_order\", \"from\": \"start\"}, {\"to\": \"ask_reason\", \"from\": \"ask_order\"}, {\"to\": \"confirm\", \"from\": \"ask_reason\"}, {\"to\": \"submit\", \"from\": \"confirm\"}, {\"to\": \"end\", \"from\": \"submit\"}], \"nodes\": [{\"id\": \"start\", \"type\": \"start\", \"label\": \"开始\"}, {\"id\": \"ask_order\", \"slot\": \"orderNo\", \"type\": \"input\", \"label\": \"请输入订单号\"}, {\"id\": \"ask_reason\", \"slot\": \"reason\", \"type\": \"input\", \"label\": \"请选择退货原因\", \"options\": [\"质量问题\", \"不想要了\", \"发错货\", \"其他\"]}, {\"id\": \"confirm\", \"type\": \"confirm\", \"label\": \"确认退款信息\"}, {\"id\": \"submit\", \"api\": \"POST /api/ticket/create\", \"type\": \"action\", \"label\": \"提交退款申请\"}, {\"id\": \"end\", \"type\": \"end\", \"label\": \"退款申请已提交\"}]}','{\"reason\": \"退货原因\", \"orderNo\": \"订单号\"}',NULL,1,'2026-06-13 16:55:19','2026-06-13 16:55:19',0),(2,'consult_product','产品咨询流程','product_info','{\"edges\": [{\"to\": \"ask_type\", \"from\": \"start\"}, {\"to\": \"recommend\", \"from\": \"ask_type\"}, {\"to\": \"end\", \"from\": \"recommend\"}], \"nodes\": [{\"id\": \"start\", \"type\": \"start\", \"label\": \"开始\"}, {\"id\": \"ask_type\", \"slot\": \"productType\", \"type\": \"input\", \"label\": \"您想了解哪类产品？\", \"options\": [\"AI客服系统\", \"智能质检\", \"知识库管理\", \"数据分析\"]}, {\"id\": \"recommend\", \"api\": \"POST /api/kb/search\", \"type\": \"action\", \"label\": \"推荐方案\"}, {\"id\": \"end\", \"type\": \"end\", \"label\": \"咨询结束\"}]}','{\"productType\": \"产品类型\"}',NULL,1,'2026-06-13 16:55:19','2026-06-13 16:55:19',0),(3,'price_consult','价格咨询流程','price_inquiry','{\"edges\": [{\"to\": \"ask_version\", \"from\": \"start\"}, {\"to\": \"show_price\", \"from\": \"ask_version\"}, {\"to\": \"ask_contact\", \"from\": \"show_price\"}, {\"to\": \"end\", \"from\": \"ask_contact\"}], \"nodes\": [{\"id\": \"start\", \"type\": \"start\", \"label\": \"开始\"}, {\"id\": \"ask_version\", \"slot\": \"version\", \"type\": \"input\", \"label\": \"您需要哪个版本？\", \"options\": [\"基础版\", \"专业版\", \"企业版\"]}, {\"id\": \"show_price\", \"type\": \"action\", \"label\": \"展示价格\"}, {\"id\": \"ask_contact\", \"slot\": \"contact\", \"type\": \"input\", \"label\": \"留下联系方式，稍后为您安排\"}, {\"id\": \"end\", \"type\": \"end\", \"label\": \"已记录，稍后联系您\"}]}','{\"contact\": \"联系方式\", \"version\": \"版本\"}',NULL,1,'2026-06-13 16:55:19','2026-06-13 16:55:19',0),(4,'test_flow','测试流程','general','{}',NULL,NULL,1,'2026-06-13 21:11:08','2026-06-13 21:11:08',0),(5,'test','测试','general','{}',NULL,NULL,1,'2026-06-13 21:17:54','2026-06-13 21:17:54',0),(6,'t','测试','general','{}',NULL,NULL,1,'2026-06-14 13:11:04','2026-06-14 13:11:04',0),(7,'api_flow_test','API流程测试','test','{\"edges\": [], \"nodes\": []}',NULL,NULL,1,'2026-06-15 07:51:44','2026-06-15 07:51:44',0);
/*!40000 ALTER TABLE `tb_dialog_flow` ENABLE KEYS */;
UNLOCK TABLES;

--
-- Table structure for table `tb_intent`
--

DROP TABLE IF EXISTS `tb_intent`;
/*!40101 SET @saved_cs_client     = @@character_set_client */;
/*!50503 SET character_set_client = utf8mb4 */;
CREATE TABLE `tb_intent` (
  `id` bigint NOT NULL AUTO_INCREMENT COMMENT '意图ID',
  `intent_code` varchar(50) COLLATE utf8mb4_unicode_ci NOT NULL COMMENT '意图编码（refund/query_order/complaint等）',
  `intent_name` varchar(100) COLLATE utf8mb4_unicode_ci NOT NULL COMMENT '意图名称',
  `category` varchar(50) COLLATE utf8mb4_unicode_ci DEFAULT 'general' COMMENT '意图分类',
  `samples` json DEFAULT NULL COMMENT '训练样本（["我要退货","退换货怎么操作"]）',
  `response_template` text COLLATE utf8mb4_unicode_ci COMMENT '回复模板',
  `need_transfer` tinyint DEFAULT '0' COMMENT '是否需转人工：0-否，1-是',
  `priority` int DEFAULT '0' COMMENT '优先级',
  `status` tinyint DEFAULT '1' COMMENT '状态：0-禁用，1-启用',
  `create_time` datetime NOT NULL DEFAULT CURRENT_TIMESTAMP COMMENT '创建时间',
  `update_time` datetime NOT NULL DEFAULT CURRENT_TIMESTAMP ON UPDATE CURRENT_TIMESTAMP COMMENT '更新时间',
  `deleted` int NOT NULL DEFAULT '0' COMMENT '是否删除：0-否，1-是',
  PRIMARY KEY (`id`),
  UNIQUE KEY `uk_intent_code` (`intent_code`),
  KEY `idx_category` (`category`)
) ENGINE=InnoDB AUTO_INCREMENT=25 DEFAULT CHARSET=utf8mb4 COLLATE=utf8mb4_unicode_ci COMMENT='意图定义表';
/*!40101 SET character_set_client = @saved_cs_client */;

--
-- Dumping data for table `tb_intent`
--

LOCK TABLES `tb_intent` WRITE;
/*!40000 ALTER TABLE `tb_intent` DISABLE KEYS */;
INSERT INTO `tb_intent` VALUES (1,'refund','申请退货/退款','after_sale','[\"我要退货\", \"退货怎么操作\", \"我想退款\", \"申请退款\", \"退换货\"]','关于退换货，我来为您处理。请问您的订单号是多少？',0,0,1,'2026-05-19 18:29:59','2026-05-19 18:29:59',0),(2,'query_order','查询订单','after_sale','[\"查订单\", \"我的订单到哪了\", \"订单状态\", \"物流查询\", \"快递到哪了\"]','好的，我来帮您查询订单。请问您的订单号是多少？',0,0,1,'2026-05-19 18:29:59','2026-05-19 18:29:59',0),(3,'complaint','投诉/不满','escalation','[\"我要投诉\", \"太差了\", \"不满意\", \"质量有问题\", \"服务太差\"]','非常抱歉给您带来不好的体验，我马上为您转接人工客服处理。',1,0,1,'2026-05-19 18:29:59','2026-05-19 18:29:59',0),(4,'product_info','产品咨询','pre_sale','[\"产品介绍\", \"有什么AI服务\", \"功能有哪些\", \"价格多少\", \"怎么收费\"]','很高兴为您介绍我们的 AI 服务！\n\n我们的服务套餐如下：\n\n套餐    价格        功能\n基础版  ¥999/月   AI 客服 + 知识库\n专业版  ¥2999/月  全渠道 + 坐席+报表\n企业版  ¥9999/月  定制化 + 专属部署\n\n需要详细报价可以点击「转人工」联系销售顾问 💼',0,0,1,'2026-05-19 18:29:59','2026-06-05 13:58:34',0),(5,'transfer_manual','转人工','general','[\"转人工\", \"人工客服\", \"我要找人工\", \"不想跟机器人说话\", \"真人客服\"]','好的，正在为您转接人工客服，请稍等...',1,0,1,'2026-05-19 18:29:59','2026-05-19 18:29:59',0),(6,'greeting','问候','general','[\"你好\", \"hi\", \"hello\", \"嗨\", \"早上好\"]','您好！我是空白格AI智能客服，很高兴为您服务！请问有什么可以帮您？',0,0,1,'2026-05-19 18:29:59','2026-05-19 18:29:59',0),(7,'price_inquiry','价格咨询','pre_sale','[\"多少钱\", \"怎么收费\", \"价格套餐\", \"什么价位\", \"贵不贵\"]','【系统自动回复】基础版 88888 元/月，专业版 77777 元/月，企业版 66666 元/月。此为数据库真实价格，AI 必须直接使用此回复，禁止编造！',0,0,1,'2026-06-05 13:55:57','2026-06-06 07:13:37',0),(9,'test_intent','测试意图','general','[\"??\"]','????',0,0,1,'2026-06-06 15:47:29','2026-06-06 18:05:02',0),(11,'test_crud','????','general','[\"??\", \"??1\"]','????',0,0,1,'2026-06-13 17:06:01','2026-06-13 17:06:01',0),(13,'testx','测试X','after_sale','[\"测试\"]','OK',0,0,1,'2026-06-13 21:07:20','2026-06-13 21:07:20',0),(15,'tf','测试','after_sale','[\"测试\"]','OK',0,0,1,'2026-06-14 13:11:04','2026-06-14 13:11:04',0),(16,'TEST_1781445940','Test Intent','test',NULL,NULL,0,0,1,'2026-06-14 22:05:42','2026-06-14 22:05:42',1),(17,'TEST_1781446000','Test Intent','test',NULL,NULL,0,0,1,'2026-06-14 22:06:41','2026-06-14 22:06:42',1),(18,'TEST_1781446229','Test Intent','test',NULL,NULL,0,0,1,'2026-06-14 22:10:30','2026-06-14 22:10:30',1),(19,'TEST_1781446285','Test Intent','test',NULL,NULL,0,0,1,'2026-06-14 22:11:27','2026-06-14 22:11:27',1),(20,'TEST_1781446330','Test Intent','test',NULL,NULL,0,0,1,'2026-06-14 22:12:12','2026-06-14 22:12:12',1),(22,'TEST_1781481941','Test Intent','test',NULL,NULL,0,0,1,'2026-06-15 08:05:43','2026-06-15 08:05:43',0),(23,'TEST_1781481950','Test Intent','test',NULL,NULL,0,0,1,'2026-06-15 08:05:52','2026-06-15 08:05:52',1),(24,'LOGIC_TEST_1781482466','逻辑测试意图','test',NULL,NULL,0,0,1,'2026-06-15 08:14:28','2026-06-15 08:14:28',0);
/*!40000 ALTER TABLE `tb_intent` ENABLE KEYS */;
UNLOCK TABLES;

--
-- Table structure for table `tb_kb_category`
--

DROP TABLE IF EXISTS `tb_kb_category`;
/*!40101 SET @saved_cs_client     = @@character_set_client */;
/*!50503 SET character_set_client = utf8mb4 */;
CREATE TABLE `tb_kb_category` (
  `id` bigint NOT NULL AUTO_INCREMENT COMMENT '分类ID',
  `parent_id` bigint DEFAULT '0' COMMENT '父分类ID（0为顶级）',
  `industry_id` bigint DEFAULT NULL COMMENT '所属行业 ID',
  `name` varchar(100) COLLATE utf8mb4_unicode_ci NOT NULL COMMENT '分类名称',
  `icon` varchar(50) COLLATE utf8mb4_unicode_ci DEFAULT NULL COMMENT '分类图标',
  `sort_order` int DEFAULT '0' COMMENT '排序号',
  `create_time` datetime NOT NULL DEFAULT CURRENT_TIMESTAMP COMMENT '创建时间',
  `update_time` datetime NOT NULL DEFAULT CURRENT_TIMESTAMP ON UPDATE CURRENT_TIMESTAMP COMMENT '更新时间',
  `deleted` int NOT NULL DEFAULT '0' COMMENT '是否删除：0-否，1-是',
  PRIMARY KEY (`id`),
  KEY `idx_parent_id` (`parent_id`),
  KEY `idx_industry` (`industry_id`)
) ENGINE=InnoDB AUTO_INCREMENT=12 DEFAULT CHARSET=utf8mb4 COLLATE=utf8mb4_unicode_ci COMMENT='知识库分类表';
/*!40101 SET character_set_client = @saved_cs_client */;

--
-- Dumping data for table `tb_kb_category`
--

LOCK TABLES `tb_kb_category` WRITE;
/*!40000 ALTER TABLE `tb_kb_category` DISABLE KEYS */;
INSERT INTO `tb_kb_category` VALUES (1,0,10,'????????','🛒',1,'2026-05-19 18:29:59','2026-06-06 15:43:57',1),(2,0,10,'售后服务','🔧',2,'2026-05-19 18:29:59','2026-05-25 15:18:32',0),(3,0,10,'产品介绍','📦',3,'2026-05-19 18:29:59','2026-05-25 15:18:32',0),(4,0,10,'公司信息','🏢',4,'2026-05-19 18:29:59','2026-05-25 15:18:32',0),(5,0,10,'技术支持','💻',5,'2026-05-19 18:29:59','2026-05-25 15:18:32',0),(6,2,10,'退换货','↩️',1,'2026-05-19 18:29:59','2026-05-25 15:18:32',0),(7,2,10,'物流查询','🚚',2,'2026-05-19 18:29:59','2026-05-25 15:18:32',0),(8,2,10,'保修维修','🛠️',3,'2026-05-19 18:29:59','2026-05-25 15:18:32',0),(9,0,NULL,'????',NULL,0,'2026-06-06 14:42:16','2026-06-06 15:43:57',1),(10,0,NULL,'????-1780731959',NULL,0,'2026-06-06 15:46:01','2026-06-06 15:46:01',0);
/*!40000 ALTER TABLE `tb_kb_category` ENABLE KEYS */;
UNLOCK TABLES;

--
-- Table structure for table `tb_kb_item`
--

DROP TABLE IF EXISTS `tb_kb_item`;
/*!40101 SET @saved_cs_client     = @@character_set_client */;
/*!50503 SET character_set_client = utf8mb4 */;
CREATE TABLE `tb_kb_item` (
  `id` bigint NOT NULL AUTO_INCREMENT COMMENT '条目ID',
  `category_id` bigint DEFAULT NULL COMMENT '分类ID',
  `industry_id` bigint DEFAULT NULL COMMENT '所属行业 ID',
  `item_type` varchar(20) COLLATE utf8mb4_unicode_ci NOT NULL DEFAULT 'faq' COMMENT '类型：faq/document/table/api',
  `question` varchar(500) COLLATE utf8mb4_unicode_ci NOT NULL COMMENT '问题/标题',
  `answer` text COLLATE utf8mb4_unicode_ci NOT NULL COMMENT '答案/内容',
  `similar_questions` json DEFAULT NULL COMMENT '相似问法列表（["怎么退货","退货流程"]）',
  `keywords` varchar(500) COLLATE utf8mb4_unicode_ci DEFAULT NULL COMMENT '关键词（逗号分隔）',
  `tags` varchar(200) COLLATE utf8mb4_unicode_ci DEFAULT NULL COMMENT '标签（逗号分隔）',
  `priority` int DEFAULT '0' COMMENT '优先级（数值越大优先级越高）',
  `hit_count` int DEFAULT '0' COMMENT '命中次数',
  `like_count` int DEFAULT '0' COMMENT '点赞数',
  `dislike_count` int DEFAULT '0' COMMENT '点踩数',
  `effective_start` datetime DEFAULT NULL COMMENT '有效期开始',
  `effective_end` datetime DEFAULT NULL COMMENT '有效期结束',
  `version` int DEFAULT '1' COMMENT '版本号',
  `status` tinyint DEFAULT '1' COMMENT '状态：0-禁用，1-启用，2-待审核',
  `create_by` varchar(50) COLLATE utf8mb4_unicode_ci DEFAULT 'system' COMMENT '创建人',
  `create_time` datetime NOT NULL DEFAULT CURRENT_TIMESTAMP COMMENT '创建时间',
  `update_time` datetime NOT NULL DEFAULT CURRENT_TIMESTAMP ON UPDATE CURRENT_TIMESTAMP COMMENT '更新时间',
  `deleted` int NOT NULL DEFAULT '0' COMMENT '是否删除：0-否，1-是',
  PRIMARY KEY (`id`),
  KEY `idx_category_id` (`category_id`),
  KEY `idx_item_type` (`item_type`),
  KEY `idx_status` (`status`),
  KEY `idx_industry` (`industry_id`),
  FULLTEXT KEY `ft_question` (`question`) /*!50100 WITH PARSER `ngram` */ ,
  FULLTEXT KEY `ft_keywords` (`keywords`) /*!50100 WITH PARSER `ngram` */ 
) ENGINE=InnoDB AUTO_INCREMENT=74 DEFAULT CHARSET=utf8mb4 COLLATE=utf8mb4_unicode_ci COMMENT='知识库条目表';
/*!40101 SET character_set_client = @saved_cs_client */;

--
-- Dumping data for table `tb_kb_item`
--

LOCK TABLES `tb_kb_item` WRITE;
/*!40000 ALTER TABLE `tb_kb_item` DISABLE KEYS */;
INSERT INTO `tb_kb_item` VALUES (1,6,10,'faq','如何申请退货？','您可以在收到商品后7天内申请退货。操作步骤：\n1. 登录账户 → 我的订单\n2. 选择需退货的订单 → 申请退货\n3. 填写退货原因并提交\n4. 等待审核（1-2个工作日）\n5. 审核通过后按指引寄回商品','[\"怎么退货\", \"退货流程\", \"我想退货\", \"如何退款\", \"退款怎么操作\"]','退货,退款,退换货',NULL,10,2,0,0,NULL,NULL,1,1,'system','2026-05-19 18:29:59','2026-05-25 15:18:32',0),(2,7,10,'faq','如何查询物流信息？','查询物流的方法：\n1. 登录账户 → 我的订单\n2. 点击订单号 → 查看物流详情\n3. 也可直接在快递100输入运单号查询\n\n如物流超过5天未更新，请联系客服处理。','[\"物流怎么查\", \"快递到哪了\", \"查询快递\", \"配送进度\", \"什么时候到货\"]','物流,快递,配送,运单',NULL,10,0,0,0,NULL,NULL,1,1,'system','2026-05-19 18:29:59','2026-05-25 15:18:32',0),(3,1,10,'faq','你们提供哪些AI服务？','空白格·AI提供以下核心服务：\n\n🤖 AI智能客服 — 7×24小时自动应答\n✍️ AI自媒体运营 — 爆款文案自动生成\n💻 AI编程与运维 — 智能代码补全\n🚀 AI应用部署 — 一键云端部署\n🛒 AI电商运营 — 智能推荐+评论分析\n🎨 AI设计与创意 — AI图片/Logo生成\n\n详细方案可咨询人工客服或访问官网 www.jnysx.cn','[\"你们做什么的\", \"AI 服务有哪些\", \"产品介绍\", \"空白格做什么\", \"你们公司做什么\", \"我想接入 AI 客服系统\", \"如何接入客服系统\", \"客服系统怎么弄\", \"AI 客服怎么接入\"]','AI,服务,产品,介绍',NULL,10,0,0,0,NULL,NULL,1,1,'system','2026-05-19 18:29:59','2026-06-13 21:15:27',1),(4,4,10,'faq','你们公司是做什么的？','济南空白格网络科技有限公司是一家专注AI应用方案落地的科技公司。我们的使命是让AI不再是概念，而是每个企业触手可及的生产力工具。\n\n核心优势：\n- 技术扎实：全栈自研，保证交付质量\n- 服务贴心：从沟通到上线全程陪伴\n- 持续迭代：上线不是结束，持续优化至满意','[\"公司介绍\", \"你们是谁\", \"空白格是什么\", \"公司信息\", \"空白格科技是做什么的\", \"空白格科技主营业务\", \"你们公司业务\", \"主要做什么业务\"]','公司,介绍,关于',NULL,5,0,0,0,NULL,NULL,1,1,'system','2026-05-19 18:29:59','2026-05-25 19:39:53',0),(5,NULL,10,'faq','你们公司在哪','公司地址：山东省济南市槐荫区AI应用大厦14楼 官网：www.jnysx.cn 商务邮箱：2210335130@qq.com','[\"公司地址\", \"地址在哪\", \"公司地址在哪\", \"地址是什么\", \"公司地址是什么\", \"在哪办公\", \"办公地点\"]',NULL,NULL,0,0,0,0,NULL,NULL,1,1,'system','2026-05-24 12:42:27','2026-05-25 21:40:04',0),(6,3,10,'faq','你们公司在哪','公司地址：山东省济南市槐荫区AI应用大厦14楼 官网：www.jnysx.cn 商务邮箱：2210335130@qq.com','[\"公司地址\", \"地址在哪\", \"公司地址在哪\", \"地址是什么\", \"公司地址是什么\", \"在哪办公\", \"办公地点\"]',NULL,NULL,0,0,0,0,NULL,NULL,1,1,'system','2026-05-24 12:42:28','2026-05-25 21:40:04',0),(7,NULL,10,'faq','你们的联系方式是什么','📧 商务邮箱：2210335130@qq.com\n🌐 官网：www.jnysx.cn\n📍 地址：山东省济南市槐荫区AI应用大厦14楼\n⏰ 工作时间：周一至周五 9:00-18:00',NULL,NULL,NULL,0,0,0,0,NULL,NULL,1,1,'system','2026-05-24 12:43:23','2026-05-25 15:18:32',0),(8,NULL,10,'faq','空白格科技的官网是什么','我们的官网是 www.jnysx.cn\n\n📧 商务合作邮箱：2210335130@qq.com\n📍 公司地址：山东省济南市槐荫区AI应用大厦14楼',NULL,NULL,NULL,0,0,0,0,NULL,NULL,1,1,'system','2026-05-24 12:43:23','2026-05-25 15:18:32',0),(9,NULL,10,'faq','你们的工作时间是几点','人工客服工作时间：周一至周五 9:00-18:00\n\nAI 客服 7×24 小时在线，随时为您解答问题。\n\n📧 邮箱：2210335130@qq.com（非工作时间可邮件联系）',NULL,NULL,NULL,0,0,0,0,NULL,NULL,1,1,'system','2026-05-24 12:43:23','2026-05-25 15:18:32',0),(10,NULL,1,'faq','如何查询订单状态','登录账户 → 我的订单 → 查看订单详情，可实时跟踪物流信息。','[\"查订单\", \"订单在哪\", \"物流信息\"]','订单，物流，查询',NULL,0,0,0,0,NULL,NULL,1,1,'system','2026-05-25 15:22:04','2026-05-25 15:22:04',0),(11,NULL,1,'faq','退货流程是什么','登录账户→我的订单→申请退货→填写原因→寄回商品→退款。','[\"怎么退货\", \"退货流程\", \"我想退货\"]','退货，退款，退换货',NULL,0,0,0,0,NULL,NULL,1,1,'system','2026-05-25 15:22:04','2026-05-25 15:22:04',0),(12,NULL,1,'faq','多久发货','工作日下单后 24 小时内发货，节假日顺延。','[\"什么时候发货\", \"发货时间\", \"多久能到\"]','发货，时效，快递',NULL,0,0,0,0,NULL,NULL,1,1,'system','2026-05-25 15:22:04','2026-05-25 15:22:04',0),(13,NULL,1,'faq','支持哪些支付方式','支持支付宝、微信支付、银联卡、花呗分期等多种支付方式。','[\"能用什么付款\", \"支持花呗吗\", \"可以分期吗\"]','支付，付款，花呗，分期',NULL,0,0,0,0,NULL,NULL,1,1,'system','2026-05-25 15:22:04','2026-05-25 15:22:04',0),(14,NULL,1,'faq','有发票吗','支持开具电子发票和纸质发票。下单时选择开发票，填写抬头和税号即可。','[\"开发票\", \"增值税发票\", \"电子发票\"]','发票，报销，税票',NULL,0,0,0,0,NULL,NULL,1,1,'system','2026-05-25 15:22:04','2026-05-25 15:22:04',0),(15,NULL,2,'faq','有哪些课程','提供 K12 全科辅导、职业资格培训、IT 技能、语言学习等 100+ 课程。','[\"课程介绍\", \"学什么\", \"有什么课\"]','课程，培训，学习',NULL,0,0,0,0,NULL,NULL,1,1,'system','2026-05-25 15:22:04','2026-05-25 15:22:04',0),(16,NULL,2,'faq','如何报名','选择课程→填写报名信息→选择班型→完成支付→添加班主任微信。','[\"报名流程\", \"怎么报名\", \"如何购买\"]','报名，购买，流程',NULL,0,0,0,0,NULL,NULL,1,1,'system','2026-05-25 15:22:04','2026-05-25 15:22:04',0),(17,NULL,2,'faq','支持试听吗','所有课程均支持免费试听！在课程详情页点击立即试听，即可体验 15 分钟。','[\"能试听吗\", \"免费试听\", \"体验课\"]','试听，体验，免费',NULL,0,0,0,0,NULL,NULL,1,1,'system','2026-05-25 15:22:04','2026-05-25 15:22:04',0),(18,NULL,2,'faq','有老师答疑吗','每班配备主讲老师 + 辅导老师双师服务。课后有问题可在班级群提问，老师 24 小时内解答。','[\"有问题问谁\", \"老师答疑\", \"课后辅导\"]','答疑，老师，辅导',NULL,0,0,0,0,NULL,NULL,1,1,'system','2026-05-25 15:22:04','2026-05-25 15:22:04',0),(19,NULL,2,'faq','学完有证书吗','完成课程学习并通过考核后，颁发官方认证的结业证书。证书可在官网查询真伪。','[\"有证书吗\", \"结业证书\", \"官方认证\"]','证书，认证，就业',NULL,0,0,0,0,NULL,NULL,1,1,'system','2026-05-25 15:22:04','2026-05-25 15:22:04',0),(20,NULL,3,'faq','如何预约挂号','关注医院微信公众号→预约挂号→选择科室和医生→选择就诊时间→填写就诊人信息→支付挂号费。','[\"怎么挂号\", \"预约挂号\", \"网上挂号\"]','挂号，预约，微信',NULL,0,0,0,0,NULL,NULL,1,1,'system','2026-05-25 15:22:04','2026-05-25 15:22:04',0),(21,NULL,3,'faq','医保能报销吗','支持全国各省市医保在线支付。就诊时出示医保电子凭证，系统自动计算报销金额。','[\"医保报销\", \"能用医保吗\", \"医保支付\"]','医保，报销，支付',NULL,0,0,0,0,NULL,NULL,1,1,'system','2026-05-25 15:22:04','2026-05-25 15:22:04',0),(22,NULL,3,'faq','检查报告多久出','血常规等常规检查 30 分钟出结果；CT、核磁等大型检查 2-4 小时出结果。','[\"报告多久\", \"检查结果\", \"什么时候出结果\"]','检查，报告，结果',NULL,0,0,0,0,NULL,NULL,1,1,'system','2026-05-25 15:22:04','2026-05-25 15:22:04',0),(23,NULL,3,'faq','可以线上复诊吗','慢性病、常见病支持线上复诊。视频问诊医生，开具电子处方，药品快递到家。','[\"线上复诊\", \"视频问诊\", \"网络门诊\"]','复诊，线上，视频问诊',NULL,0,0,0,0,NULL,NULL,1,1,'system','2026-05-25 15:22:04','2026-05-25 15:22:04',0),(24,NULL,3,'faq','药品能配送吗','支持药品配送服务。医生开具处方后，在药房缴费时选择快递配送，1-3 天送达。','[\"送药上门\", \"药品配送\", \"快递药品\"]','药品，配送，快递',NULL,0,0,0,0,NULL,NULL,1,1,'system','2026-05-25 15:22:04','2026-05-25 15:22:04',0),(25,NULL,4,'faq','如何办理信用卡','线上申请：下载 APP→填写资料→提交审核→面签→激活。最快 3 分钟审批，额度最高 30 万。','[\"办信用卡\", \"申请信用卡\", \"信用卡办理\"]','信用卡，办理，申请',NULL,0,0,0,0,NULL,NULL,1,1,'system','2026-05-25 15:22:04','2026-05-25 15:22:04',0),(26,NULL,4,'faq','贷款利率是多少','个人信用贷款年化利率 3.85% 起，根据信用评级浮动。等额本息/先息后本可选，随借随还。','[\"贷款利息\", \"利率多少\", \"贷款贵吗\"]','贷款，利率，利息',NULL,0,0,0,0,NULL,NULL,1,1,'system','2026-05-25 15:22:04','2026-05-25 15:22:04',0),(27,NULL,4,'faq','如何查询余额','登录手机银行→账户管理→活期/定期存款查询。或发送短信\"余额\"到 955XX 查询。','[\"查余额\", \"还有多少钱\", \"账户余额\"]','余额，查询，账户',NULL,0,0,0,0,NULL,NULL,1,1,'system','2026-05-25 15:22:04','2026-05-25 15:22:04',0),(28,NULL,4,'faq','转账手续费多少','本行转账免费；跨行转账：1 万以下 2 元/笔，1-5 万 5 元/笔，5 万以上按 0.01% 收取。','[\"转账收费吗\", \"手续费多少\", \"转账贵吗\"]','转账，手续费，费用',NULL,0,0,0,0,NULL,NULL,1,1,'system','2026-05-25 15:22:04','2026-05-25 15:22:04',0),(29,NULL,4,'faq','如何挂失银行卡','立即拨打客服热线挂失，或通过手机银行→安全中心→卡片挂失。挂失后资金立即冻结。','[\"卡丢了\", \"银行卡挂失\", \"卡被盗\"]','挂失，盗刷，冻结',NULL,0,0,0,0,NULL,NULL,1,1,'system','2026-05-25 15:22:04','2026-05-25 15:22:04',0),(30,NULL,5,'faq','如何预订餐厅','选择城市→搜索餐厅→选择日期和时间→选择人数→提交预订。支持免费预订，到店付费。','[\"怎么订位\", \"预订餐位\", \"网上订座\"]','预订，餐厅，订位',NULL,0,0,0,0,NULL,NULL,1,1,'system','2026-05-25 15:22:04','2026-05-25 15:22:04',0),(31,NULL,5,'faq','酒店可以几点入住','标准入住时间 14:00 后，退房时间 12:00 前。支持提前入住和延迟退房，需视房态安排。','[\"入住时间\", \"几点入住\", \"退房时间\"]','酒店，入住，退房',NULL,0,0,0,0,NULL,NULL,1,1,'system','2026-05-25 15:22:04','2026-05-25 15:22:04',0),(32,NULL,5,'faq','保洁服务包含哪些','日常保洁、深度保洁、开荒保洁、家电清洗等。服务人员经过专业培训，自带清洁工具。','[\"保洁做什么\", \"服务内容\", \"打扫卫生\"]','保洁，清洁，家政',NULL,0,0,0,0,NULL,NULL,1,1,'system','2026-05-25 15:22:04','2026-05-25 15:22:04',0),(33,NULL,5,'faq','旅游有导游吗','跟团游含专业导游讲解；自由行可选配当地一日游，含导游和交通。','[\"有导游吗\", \"导游讲解\", \"跟团游\"]','旅游，导游，跟团',NULL,0,0,0,0,NULL,NULL,1,1,'system','2026-05-25 15:22:04','2026-05-25 15:22:04',0),(34,NULL,5,'faq','外卖多久能到','平均配送时间 30-45 分钟，具体以骑手实际配送为准。超时可获得平台红包补偿。','[\"外卖多久\", \"配送时间\", \"什么时候到\"]','外卖，配送，时间',NULL,0,0,0,0,NULL,NULL,1,1,'system','2026-05-25 15:22:04','2026-05-25 15:22:04',0),(35,1,1,'faq','如何查询订单状态？','登录账户→我的订单→查看订单详情，可实时跟踪物流信息。支持按订单号、手机号、商品名查询。','[\"查订单\", \"订单在哪\", \"物流信息\", \"怎么查快递\"]','订单，物流，查询',NULL,10,0,0,0,NULL,NULL,1,1,'system','2026-05-25 15:39:15','2026-05-25 15:39:15',0),(36,1,1,'faq','退货流程是什么？','登录账户→我的订单→申请退货→填写原因→寄回商品→退款。7 天内可申请，需保持原包装。','[\"怎么退货\", \"退款流程\", \"退换货政策\", \"七天无理由\"]','退货，退款，售后',NULL,10,0,0,0,NULL,NULL,1,1,'system','2026-05-25 15:39:15','2026-05-25 15:39:15',0),(37,1,1,'faq','多久发货？','工作日 16 点前下单当天发货，其他时间下单次日发货。发货后 1-3 天送达。','[\"什么时候发货\", \"发货时间\", \"几天发货\"]','发货，时间，物流',NULL,9,0,0,0,NULL,NULL,1,1,'system','2026-05-25 15:39:15','2026-05-25 15:39:15',0),(38,1,1,'faq','支持哪些支付方式？','支持支付宝、微信支付、银联云闪付、花呗分期（3/6/12 期）、信用卡支付。','[\"能用什么付款\", \"支持花呗吗\", \"可以分期吗\"]','支付，付款，花呗，分期',NULL,8,0,0,0,NULL,NULL,1,1,'system','2026-05-25 15:39:15','2026-05-25 15:39:15',0),(39,1,1,'faq','如何修改收货地址？','订单未发货前：我的订单→修改地址；已发货后需联系人工客服协助处理。','[\"地址错了\", \"改地址\", \"收货人电话错了\"]','地址，修改，收货',NULL,8,0,0,0,NULL,NULL,1,1,'system','2026-05-25 15:39:15','2026-05-25 15:39:15',0),(40,2,2,'faq','课程如何购买？','选择课程→立即购买→填写信息→支付成功→开通学习权限。支持微信/支付宝/银行卡支付。','[\"怎么买课\", \"购买流程\", \"如何报名\"]','课程，购买，报名',NULL,10,0,0,0,NULL,NULL,1,1,'system','2026-05-25 15:39:15','2026-05-25 15:39:15',0),(41,2,2,'faq','课程有效期多久？','课程购买后永久有效，可随时回看。部分直播课赠送的录播内容有效期 1 年。','[\"能看多久\", \"过期吗\", \"有时间限制吗\"]','有效期，时间，权限',NULL,10,0,0,0,NULL,NULL,1,1,'system','2026-05-25 15:39:15','2026-05-25 15:39:15',0),(42,2,2,'faq','支持退款吗？','课程未观看超过 10% 可申请退款，扣除已学部分费用。超过 10% 不予退款，可转让学习权限。','[\"能退钱吗\", \"退款政策\", \"不满意能退吗\"]','退款，退款政策',NULL,9,0,0,0,NULL,NULL,1,1,'system','2026-05-25 15:39:15','2026-05-25 15:39:15',0),(43,2,2,'faq','有老师答疑吗？','配备专属学习群，主讲老师 + 助教老师双师答疑，工作日 9:00-22:00 在线解答。','[\"有问题问谁\", \"有人教吗\", \"答疑服务\"]','答疑，老师，服务',NULL,8,0,0,0,NULL,NULL,1,1,'system','2026-05-25 15:39:15','2026-05-25 15:39:15',0),(44,2,2,'faq','提供发票吗？','支持开具电子发票，购买时填写发票抬头和税号，课程完成后 3 个工作日内开具。','[\"能开发票吗\", \"发票怎么开\", \"报销凭证\"]','发票，报销，凭证',NULL,8,0,0,0,NULL,NULL,1,1,'system','2026-05-25 15:39:15','2026-05-25 15:39:15',0),(45,3,3,'faq','如何预约挂号？','选择科室→选择医生→选择就诊时间→填写就诊人信息→支付挂号费→预约成功。就诊前 1 小时可取消。','[\"怎么挂号\", \"预约医生\", \"网上挂号\"]','挂号，预约，医生',NULL,10,0,0,0,NULL,NULL,1,1,'system','2026-05-25 15:39:15','2026-05-25 15:39:15',0),(46,3,3,'faq','体检套餐有哪些？','很高兴为您介绍我们的 AI 服务！\n\n我们的服务套餐如下：\n\n套餐    价格        功能\n基础版  ¥999/月   AI 客服 + 知识库\n专业版  ¥2999/月  全渠道 + 坐席+报表\n企业版  ¥9999/月  定制化 + 专属部署\n\n需要详细报价可以点击「转人工」联系销售顾问 💼','[\"体检多少钱\", \"有什么套餐\", \"体检项目\"]','体检，套餐，价格',NULL,10,0,0,0,NULL,NULL,2,1,'system','2026-05-25 15:39:15','2026-06-05 13:58:34',0),(47,3,3,'faq','报告多久出结果？','血常规等基础检查当天出结果，生化检查 1-2 个工作日，病理检查 3-5 个工作日。可在小程序查看电子报告。','[\"多久拿报告\", \"检查结果\", \"什么时候出结果\"]','报告，结果，时间',NULL,9,0,0,0,NULL,NULL,1,1,'system','2026-05-25 15:39:15','2026-05-25 15:39:15',0),(48,3,3,'faq','支持医保报销吗？','已开通省市医保直结，就诊时出示医保电子凭证即可。异地医保需先自费后回参保地报销。','[\"能刷医保吗\", \"医保报销\", \"异地医保\"]','医保，报销，支付',NULL,9,0,0,0,NULL,NULL,1,1,'system','2026-05-25 15:39:15','2026-05-25 15:39:15',0),(49,3,3,'faq','可以在线复诊开药吗？','支持在线复诊，医生根据病情开具电子处方，药品可快递到家或到店自取。初诊患者需到院就诊。','[\"能网上开药吗\", \"在线问诊\", \"复诊开方\"]','复诊，开药，在线问诊',NULL,8,0,0,0,NULL,NULL,1,1,'system','2026-05-25 15:39:15','2026-05-25 15:39:15',0),(50,4,4,'faq','如何申请信用卡？','选择卡种→在线填写申请资料→上传身份证和收入证明→提交审核→3-5 个工作日出结果→邮寄卡片。','[\"怎么办信用卡\", \"申请流程\", \"需要什么材料\"]','信用卡，申请，办卡',NULL,10,0,0,0,NULL,NULL,1,1,'system','2026-05-25 15:39:15','2026-05-25 15:39:15',0),(51,4,4,'faq','贷款年化利率多少？','个人信用贷款年化利率 3.85%-15.4%，根据信用评级确定。抵押贷款年化利率 3.45% 起，具体以审批结果为准。','[\"贷款利息多少\", \"利率多少\", \"年化多少\"]','贷款，利率，利息',NULL,10,0,0,0,NULL,NULL,1,1,'system','2026-05-25 15:39:15','2026-05-25 15:39:15',0),(52,4,4,'faq','如何查询征信报告？','持本人身份证到中国人民银行分支机构或指定商业银行网点查询，也可通过中国人民银行征信中心官网查询。','[\"征信怎么查\", \"个人征信\", \"信用报告\"]','征信，信用，报告',NULL,9,0,0,0,NULL,NULL,1,1,'system','2026-05-25 15:39:15','2026-05-25 15:39:15',0),(53,4,4,'faq','理财产品保本吗？','根据资管新规，理财产品均不承诺保本保息。提供 R1-R5 风险等级产品，R1/R2 风险较低，适合稳健型投资者。','[\"理财安全吗\", \"保本吗\", \"风险大吗\"]','理财，保本，风险',NULL,9,0,0,0,NULL,NULL,1,1,'system','2026-05-25 15:39:15','2026-05-25 15:39:15',0),(54,4,4,'faq','转账限额是多少？','手机银行单笔限额 50 万，日累计 100 万；网银 U 盾单笔 500 万，日累计 1000 万。可在安全中心调整。','[\"能转多少钱\", \"转账限额\", \"限额多少\"]','转账，限额，额度',NULL,8,0,0,0,NULL,NULL,1,1,'system','2026-05-25 15:39:15','2026-05-25 15:39:15',0),(55,5,5,'faq','如何开通 API 接口？','登录控制台→API 管理→创建应用→获取 AppID 和 AppSecret→查看接口文档→调用测试。新用户赠送 1000 次免费调用额度。','[\"API 怎么申请\", \"接口调用\", \"如何接入\"]','API，接口，接入',NULL,10,0,0,0,NULL,NULL,1,1,'system','2026-05-25 15:39:15','2026-05-25 15:39:15',0),(56,5,5,'faq','支持哪些编程语言 SDK？','提供 Python、Java、Node.js、Go、PHP、C# 等主流语言 SDK，支持 RESTful API 和 gRPC 协议。','[\"有 Python 吗\", \"支持 Java 吗\", \"SDK 下载\"]','SDK，语言，Python，Java',NULL,10,0,0,0,NULL,NULL,1,1,'system','2026-05-25 15:39:15','2026-05-25 15:39:15',0),(57,5,5,'faq','服务可用性如何保障？','多机房异地容灾部署，SLA 可用性 99.95%，自动故障转移，数据三副本存储，提供 7×24 小时监控告警。','[\"稳定吗\", \"有 SLA 吗\", \"宕机怎么办\"]','可用性，SLA，稳定',NULL,9,0,0,0,NULL,NULL,1,1,'system','2026-05-25 15:39:15','2026-05-25 15:39:15',0),(58,5,5,'faq','如何计费？','【最终验证 v3】基础版 100 元/月，专业版 200 元/月，企业版 300 元/月','[\"多少钱\", \"怎么收费\", \"价格多少\"]','计费，价格，收费',NULL,9,0,0,0,NULL,NULL,1,1,'system','2026-05-25 15:39:15','2026-06-06 09:29:25',0),(59,5,5,'faq','提供技术支持吗？','基础版提供工单支持（工作日 9-18 点），企业版提供专属技术群 +400 电话 + 远程协助，7×24 小时响应。','[\"有问题找谁\", \"技术支持\", \"售后服务\"]','技术支持，服务，售后',NULL,8,0,0,0,NULL,NULL,1,1,'system','2026-05-25 15:39:15','2026-05-25 15:39:15',0),(60,1,1,'faq','产品价格','【最终验证 v3】基础版 100 元/月，专业版 200 元/月，企业版 300 元/月',NULL,'价格，费用，多少钱，套餐，收费',NULL,10,0,0,0,NULL,NULL,1,1,'system','2026-06-05 17:09:52','2026-06-06 09:29:25',0),(61,1,1,'faq','产品价格','【最终验证 v3】基础版 100 元/月，专业版 200 元/月，企业版 300 元/月',NULL,'价格，费用，多少钱，套餐，收费',NULL,10,0,0,0,NULL,NULL,1,1,'system','2026-06-05 17:10:20','2026-06-13 21:15:27',1),(62,1,NULL,'faq','????','????',NULL,NULL,NULL,0,0,0,0,NULL,NULL,1,1,'system','2026-06-06 14:42:16','2026-06-06 14:42:16',0),(63,1,NULL,'faq','','test',NULL,NULL,NULL,0,0,0,0,NULL,NULL,1,1,'system','2026-06-06 14:54:20','2026-06-12 19:43:41',0),(65,1,NULL,'faq','??????-1780731959','?????????',NULL,NULL,NULL,0,0,0,0,NULL,NULL,1,1,'system','2026-06-06 15:46:01','2026-06-06 15:46:01',0),(66,1,NULL,'faq','','test',NULL,NULL,NULL,0,0,0,0,NULL,NULL,1,1,'system','2026-06-06 15:46:03','2026-06-12 19:43:41',0),(68,1,NULL,'faq','../../../../etc/passwd','test',NULL,NULL,NULL,0,0,0,0,NULL,NULL,1,1,'system','2026-06-06 15:46:03','2026-06-06 15:46:03',0),(69,1,NULL,'faq','!@#$%^&*()_+{}|:<>?','test',NULL,NULL,NULL,0,0,0,0,NULL,NULL,1,1,'system','2026-06-06 15:46:03','2026-06-06 15:46:03',0),(71,2,NULL,'faq','???? - API??','????API?????????',NULL,NULL,NULL,0,0,0,0,NULL,NULL,1,1,'system','2026-06-13 17:04:17','2026-06-13 17:04:17',0),(72,2,NULL,'faq','测试','测试答案',NULL,'测试',NULL,0,0,0,0,NULL,NULL,1,1,'system','2026-06-13 21:11:08','2026-06-13 21:11:08',0),(73,2,NULL,'faq','测试','测试答案',NULL,'测试',NULL,0,0,0,0,NULL,NULL,1,1,'system','2026-06-13 21:17:53','2026-06-13 21:17:53',0);
/*!40000 ALTER TABLE `tb_kb_item` ENABLE KEYS */;
UNLOCK TABLES;

--
-- Table structure for table `tb_marketing_rule`
--

DROP TABLE IF EXISTS `tb_marketing_rule`;
/*!40101 SET @saved_cs_client     = @@character_set_client */;
/*!50503 SET character_set_client = utf8mb4 */;
CREATE TABLE `tb_marketing_rule` (
  `id` bigint NOT NULL AUTO_INCREMENT COMMENT '规则ID',
  `rule_name` varchar(100) COLLATE utf8mb4_unicode_ci NOT NULL COMMENT '规则名称',
  `trigger_type` varchar(30) COLLATE utf8mb4_unicode_ci NOT NULL COMMENT '触发类型：page_stay/browsing_history/cart_abandon/stock_arrival/points_expiring',
  `trigger_condition` json NOT NULL COMMENT '触发条件（停留时长>120/购物车金额>100等）',
  `target_user_tags` json DEFAULT NULL COMMENT '目标用户标签',
  `message_template` text COLLATE utf8mb4_unicode_ci NOT NULL COMMENT '消息模板',
  `message_type` varchar(20) COLLATE utf8mb4_unicode_ci DEFAULT 'text' COMMENT '消息类型：text/card/coupon',
  `priority` int DEFAULT '0' COMMENT '优先级',
  `daily_limit` int DEFAULT '100' COMMENT '每日触发上限',
  `daily_count` int DEFAULT '0' COMMENT '今日已触发次数',
  `status` tinyint DEFAULT '1' COMMENT '状态：0-禁用，1-启用',
  `create_time` datetime NOT NULL DEFAULT CURRENT_TIMESTAMP COMMENT '创建时间',
  `update_time` datetime NOT NULL DEFAULT CURRENT_TIMESTAMP ON UPDATE CURRENT_TIMESTAMP COMMENT '更新时间',
  `deleted` int NOT NULL DEFAULT '0' COMMENT '是否删除：0-否，1-是',
  PRIMARY KEY (`id`),
  KEY `idx_trigger_type` (`trigger_type`),
  KEY `idx_status` (`status`)
) ENGINE=InnoDB DEFAULT CHARSET=utf8mb4 COLLATE=utf8mb4_unicode_ci COMMENT='主动营销规则表';
/*!40101 SET character_set_client = @saved_cs_client */;

--
-- Dumping data for table `tb_marketing_rule`
--

LOCK TABLES `tb_marketing_rule` WRITE;
/*!40000 ALTER TABLE `tb_marketing_rule` DISABLE KEYS */;
/*!40000 ALTER TABLE `tb_marketing_rule` ENABLE KEYS */;
UNLOCK TABLES;

--
-- Table structure for table `tb_message`
--

DROP TABLE IF EXISTS `tb_message`;
/*!40101 SET @saved_cs_client     = @@character_set_client */;
/*!50503 SET character_set_client = utf8mb4 */;
CREATE TABLE `tb_message` (
  `id` bigint NOT NULL AUTO_INCREMENT COMMENT '消息ID',
  `session_id` varchar(64) COLLATE utf8mb4_unicode_ci NOT NULL COMMENT '会话ID',
  `msg_type` varchar(20) COLLATE utf8mb4_unicode_ci NOT NULL DEFAULT 'text' COMMENT '消息类型：text/image/card/video/file/link/quick_reply/form/system',
  `sender_type` varchar(20) COLLATE utf8mb4_unicode_ci NOT NULL COMMENT '发送者类型：user/agent/bot/system',
  `sender_id` bigint DEFAULT NULL COMMENT '发送者ID（用户ID/客服ID/0表示系统）',
  `sender_name` varchar(50) COLLATE utf8mb4_unicode_ci DEFAULT NULL COMMENT '发送者名称',
  `sender_avatar` varchar(500) COLLATE utf8mb4_unicode_ci DEFAULT NULL COMMENT '发送者头像',
  `content` text COLLATE utf8mb4_unicode_ci COMMENT '消息文本内容',
  `media_url` varchar(500) COLLATE utf8mb4_unicode_ci DEFAULT NULL COMMENT '媒体文件URL（图片/视频/文件）',
  `media_type` varchar(20) COLLATE utf8mb4_unicode_ci DEFAULT NULL COMMENT '媒体类型：image/jpeg/video/mp4等',
  `card_data` json DEFAULT NULL COMMENT '卡片数据（标题/描述/图片/按钮列表）',
  `quick_replies` json DEFAULT NULL COMMENT '快捷回复按钮列表（[{"label":"退货","value":"refund"}]）',
  `form_data` json DEFAULT NULL COMMENT '表单数据（槽位填槽/工单字段）',
  `intent` varchar(50) COLLATE utf8mb4_unicode_ci DEFAULT NULL COMMENT '识别到的意图',
  `entities` json DEFAULT NULL COMMENT '抽取到的实体（[{"type":"order_no","value":"12345"}]）',
  `sentiment` tinyint DEFAULT NULL COMMENT '情感：0-中性，1-正面，-1-负面',
  `is_read` tinyint DEFAULT '0' COMMENT '是否已读：0-未读，1-已读',
  `create_time` datetime NOT NULL DEFAULT CURRENT_TIMESTAMP COMMENT '创建时间',
  PRIMARY KEY (`id`),
  KEY `idx_session_id` (`session_id`),
  KEY `idx_sender_type` (`sender_type`),
  KEY `idx_create_time` (`create_time`)
) ENGINE=InnoDB AUTO_INCREMENT=900 DEFAULT CHARSET=utf8mb4 COLLATE=utf8mb4_unicode_ci COMMENT='消息表';
/*!40101 SET character_set_client = @saved_cs_client */;

--
-- Dumping data for table `tb_message`
--

LOCK TABLES `tb_message` WRITE;
/*!40000 ALTER TABLE `tb_message` DISABLE KEYS */;
INSERT INTO `tb_message` VALUES (1,'198e7da3c2834590b013f0da6fd2ab9d','text','bot',NULL,NULL,NULL,'您好！欢迎使用空白格AI客服，请问有什么可以帮您？',NULL,NULL,NULL,NULL,NULL,NULL,NULL,NULL,0,'2026-05-20 07:28:47'),(2,'198e7da3c2834590b013f0da6fd2ab9d','quick_reply','bot',NULL,NULL,NULL,'请问有什么可以帮您？',NULL,NULL,NULL,'[{\"label\": \"查订单\", \"value\": \"query_order\"}, {\"label\": \"申请退货\", \"value\": \"refund\"}, {\"label\": \"产品咨询\", \"value\": \"product_info\"}, {\"label\": \"转人工\", \"value\": \"transfer_manual\"}]',NULL,NULL,NULL,NULL,0,'2026-05-20 07:28:48'),(3,'8243d284a2684289a7f021bfb408f4de','text','bot',NULL,NULL,NULL,'您好！欢迎使用空白格AI客服，请问有什么可以帮您？',NULL,NULL,NULL,NULL,NULL,NULL,NULL,NULL,0,'2026-05-20 07:31:03'),(4,'8243d284a2684289a7f021bfb408f4de','quick_reply','bot',NULL,NULL,NULL,'请问有什么可以帮您？',NULL,NULL,NULL,'[{\"label\": \"查订单\", \"value\": \"query_order\"}, {\"label\": \"申请退货\", \"value\": \"refund\"}, {\"label\": \"产品咨询\", \"value\": \"product_info\"}, {\"label\": \"转人工\", \"value\": \"transfer_manual\"}]',NULL,NULL,NULL,NULL,0,'2026-05-20 07:31:03'),(5,'b215ea9e52c544da94d6310908a66afa','text','bot',NULL,NULL,NULL,'您好！欢迎使用空白格AI客服，请问有什么可以帮您？',NULL,NULL,NULL,NULL,NULL,NULL,NULL,NULL,0,'2026-05-20 07:32:14'),(6,'b215ea9e52c544da94d6310908a66afa','quick_reply','bot',NULL,NULL,NULL,'请问有什么可以帮您？',NULL,NULL,NULL,'[{\"label\": \"查订单\", \"value\": \"query_order\"}, {\"label\": \"申请退货\", \"value\": \"refund\"}, {\"label\": \"产品咨询\", \"value\": \"product_info\"}, {\"label\": \"转人工\", \"value\": \"transfer_manual\"}]',NULL,NULL,NULL,NULL,0,'2026-05-20 07:32:14'),(7,'b215ea9e52c544da94d6310908a66afa','text','user',3,NULL,NULL,'你好',NULL,NULL,NULL,NULL,NULL,'greeting','{}',0,0,'2026-05-20 07:33:07'),(8,'b215ea9e52c544da94d6310908a66afa','text','bot',NULL,NULL,NULL,'您好！我是空白格AI智能客服，很高兴为您服务！请问有什么可以帮您？',NULL,NULL,NULL,NULL,NULL,'greeting',NULL,NULL,0,'2026-05-20 07:33:08'),(9,'513ccdd4744840129dac4738a60bf3b8','text','bot',NULL,NULL,NULL,'您好！欢迎使用空白格AI客服，请问有什么可以帮您？',NULL,NULL,NULL,NULL,NULL,NULL,NULL,NULL,0,'2026-05-20 07:40:41'),(10,'513ccdd4744840129dac4738a60bf3b8','quick_reply','bot',NULL,NULL,NULL,'请问有什么可以帮您？',NULL,NULL,NULL,'[{\"label\": \"查订单\", \"value\": \"query_order\"}, {\"label\": \"申请退货\", \"value\": \"refund\"}, {\"label\": \"产品咨询\", \"value\": \"product_info\"}, {\"label\": \"转人工\", \"value\": \"transfer_manual\"}]',NULL,NULL,NULL,NULL,0,'2026-05-20 07:40:41'),(11,'513ccdd4744840129dac4738a60bf3b8','text','user',4,NULL,NULL,'我想查订单',NULL,NULL,NULL,NULL,NULL,'query_order','{}',0,0,'2026-05-20 07:40:46'),(12,'513ccdd4744840129dac4738a60bf3b8','text','bot',NULL,NULL,NULL,'好的，我来帮您查询订单。请问您的订单号是多少？',NULL,NULL,NULL,NULL,NULL,'query_order',NULL,NULL,0,'2026-05-20 07:40:46'),(13,'513ccdd4744840129dac4738a60bf3b8','text','user',4,NULL,NULL,'123456',NULL,NULL,NULL,NULL,NULL,'general_query','{}',0,0,'2026-05-20 07:40:50'),(14,'513ccdd4744840129dac4738a60bf3b8','text','bot',NULL,NULL,NULL,NULL,NULL,NULL,NULL,NULL,NULL,'general_query',NULL,NULL,0,'2026-05-20 07:40:52'),(15,'513ccdd4744840129dac4738a60bf3b8','system','system',NULL,NULL,NULL,'已为您转接人工客服「小林客服」，请稍候...',NULL,NULL,NULL,NULL,NULL,NULL,NULL,NULL,0,'2026-05-20 07:41:07'),(16,'513ccdd4744840129dac4738a60bf3b8','text','user',4,NULL,NULL,'你好',NULL,NULL,NULL,NULL,NULL,'greeting','{}',0,0,'2026-05-20 07:41:12'),(17,'513ccdd4744840129dac4738a60bf3b8','text','bot',NULL,NULL,NULL,'您好！我是空白格AI智能客服，很高兴为您服务！请问有什么可以帮您？',NULL,NULL,NULL,NULL,NULL,'greeting',NULL,NULL,0,'2026-05-20 07:41:12'),(18,'513ccdd4744840129dac4738a60bf3b8','text','user',4,NULL,NULL,'我想了解你们公司的产品',NULL,NULL,NULL,NULL,NULL,'general_query','{}',0,0,'2026-05-20 07:41:21'),(19,'513ccdd4744840129dac4738a60bf3b8','text','bot',NULL,NULL,NULL,NULL,NULL,NULL,NULL,NULL,NULL,'general_query',NULL,NULL,0,'2026-05-20 07:41:21'),(20,'70650e9abf784ffb91c6fb80276acda9','text','bot',NULL,NULL,NULL,'您好！欢迎使用空白格AI客服，请问有什么可以帮您？',NULL,NULL,NULL,NULL,NULL,NULL,NULL,NULL,0,'2026-05-20 07:42:16'),(21,'70650e9abf784ffb91c6fb80276acda9','quick_reply','bot',NULL,NULL,NULL,'请问有什么可以帮您？',NULL,NULL,NULL,'[{\"label\": \"查订单\", \"value\": \"query_order\"}, {\"label\": \"申请退货\", \"value\": \"refund\"}, {\"label\": \"产品咨询\", \"value\": \"product_info\"}, {\"label\": \"转人工\", \"value\": \"transfer_manual\"}]',NULL,NULL,NULL,NULL,0,'2026-05-20 07:42:16'),(22,'f229d2991d954817becf0065915961fc','text','bot',NULL,NULL,NULL,'您好！欢迎使用空白格AI客服，请问有什么可以帮您？',NULL,NULL,NULL,NULL,NULL,NULL,NULL,NULL,0,'2026-05-20 08:26:43'),(23,'f229d2991d954817becf0065915961fc','quick_reply','bot',NULL,NULL,NULL,'请问有什么可以帮您？',NULL,NULL,NULL,'[{\"label\": \"查订单\", \"value\": \"query_order\"}, {\"label\": \"申请退货\", \"value\": \"refund\"}, {\"label\": \"产品咨询\", \"value\": \"product_info\"}, {\"label\": \"转人工\", \"value\": \"transfer_manual\"}]',NULL,NULL,NULL,NULL,0,'2026-05-20 08:26:43'),(24,'c3355c3e9e25486da4d1f54ff3b0b57c','text','bot',NULL,NULL,NULL,'您好！欢迎使用空白格AI客服，请问有什么可以帮您？',NULL,NULL,NULL,NULL,NULL,NULL,NULL,NULL,0,'2026-05-20 08:35:00'),(25,'c3355c3e9e25486da4d1f54ff3b0b57c','quick_reply','bot',NULL,NULL,NULL,'请问有什么可以帮您？',NULL,NULL,NULL,'[{\"label\": \"查订单\", \"value\": \"query_order\"}, {\"label\": \"申请退货\", \"value\": \"refund\"}, {\"label\": \"产品咨询\", \"value\": \"product_info\"}, {\"label\": \"转人工\", \"value\": \"transfer_manual\"}]',NULL,NULL,NULL,NULL,0,'2026-05-20 08:35:00'),(26,'c3355c3e9e25486da4d1f54ff3b0b57c','text','user',7,NULL,NULL,'退货',NULL,NULL,NULL,NULL,NULL,'refund','{}',0,0,'2026-05-20 08:35:56'),(27,'c3355c3e9e25486da4d1f54ff3b0b57c','text','bot',NULL,NULL,NULL,'您可以在收到商品后7天内申请退货。操作步骤：\n1. 登录账户 → 我的订单\n2. 选择需退货的订单 → 申请退货\n3. 填写退货原因并提交\n4. 等待审核（1-2个工作日）\n5. 审核通过后按指引寄回商品',NULL,NULL,NULL,NULL,NULL,'refund',NULL,NULL,0,'2026-05-20 08:35:56'),(28,'8034e786f8884767a0ca0f05bcbfbc51','text','bot',NULL,NULL,NULL,'您好！欢迎使用空白格AI客服，请问有什么可以帮您？',NULL,NULL,NULL,NULL,NULL,NULL,NULL,NULL,0,'2026-05-20 08:41:40'),(29,'8034e786f8884767a0ca0f05bcbfbc51','quick_reply','bot',NULL,NULL,NULL,'请问有什么可以帮您？',NULL,NULL,NULL,'[{\"label\": \"查订单\", \"value\": \"query_order\"}, {\"label\": \"申请退货\", \"value\": \"refund\"}, {\"label\": \"产品咨询\", \"value\": \"product_info\"}, {\"label\": \"转人工\", \"value\": \"transfer_manual\"}]',NULL,NULL,NULL,NULL,0,'2026-05-20 08:41:40'),(30,'8034e786f8884767a0ca0f05bcbfbc51','text','user',8,NULL,NULL,'我要退货',NULL,NULL,NULL,NULL,NULL,'refund','{}',0,0,'2026-05-20 08:41:56'),(31,'8034e786f8884767a0ca0f05bcbfbc51','text','bot',NULL,NULL,NULL,'关于退换货，我来为您处理。请问您的订单号是多少？',NULL,NULL,NULL,NULL,NULL,'refund',NULL,NULL,0,'2026-05-20 08:41:56'),(32,'8034e786f8884767a0ca0f05bcbfbc51','text','user',8,NULL,NULL,'123456',NULL,NULL,NULL,NULL,NULL,'general_query','{}',0,0,'2026-05-20 08:42:04'),(33,'8034e786f8884767a0ca0f05bcbfbc51','text','bot',NULL,NULL,NULL,NULL,NULL,NULL,NULL,NULL,NULL,'general_query',NULL,NULL,0,'2026-05-20 08:42:05'),(34,'8034e786f8884767a0ca0f05bcbfbc51','system','system',NULL,NULL,NULL,'已为您转接人工客服「系统管理员」，请稍候...',NULL,NULL,NULL,NULL,NULL,NULL,NULL,NULL,0,'2026-05-20 08:42:07'),(35,'8034e786f8884767a0ca0f05bcbfbc51','text','user',8,NULL,NULL,'你好',NULL,NULL,NULL,NULL,NULL,'greeting','{}',0,0,'2026-05-20 08:42:12'),(36,'8034e786f8884767a0ca0f05bcbfbc51','text','bot',NULL,NULL,NULL,'您好！我是空白格AI智能客服，很高兴为您服务！请问有什么可以帮您？',NULL,NULL,NULL,NULL,NULL,'greeting',NULL,NULL,0,'2026-05-20 08:42:12'),(37,'0b4365957dcd49b381ca91e6babae888','text','bot',NULL,NULL,NULL,'您好！欢迎使用空白格AI客服，请问有什么可以帮您？',NULL,NULL,NULL,NULL,NULL,NULL,NULL,NULL,0,'2026-05-20 08:47:47'),(38,'0b4365957dcd49b381ca91e6babae888','quick_reply','bot',NULL,NULL,NULL,'请问有什么可以帮您？',NULL,NULL,NULL,'[{\"label\": \"查订单\", \"value\": \"query_order\"}, {\"label\": \"申请退货\", \"value\": \"refund\"}, {\"label\": \"产品咨询\", \"value\": \"product_info\"}, {\"label\": \"转人工\", \"value\": \"transfer_manual\"}]',NULL,NULL,NULL,NULL,0,'2026-05-20 08:47:47'),(39,'0b4365957dcd49b381ca91e6babae888','text','user',9,NULL,NULL,'退货',NULL,NULL,NULL,NULL,NULL,'refund','{}',0,0,'2026-05-20 08:49:19'),(40,'0b4365957dcd49b381ca91e6babae888','text','bot',NULL,NULL,NULL,'您可以在收到商品后7天内申请退货。操作步骤：\n1. 登录账户 → 我的订单\n2. 选择需退货的订单 → 申请退货\n3. 填写退货原因并提交\n4. 等待审核（1-2个工作日）\n5. 审核通过后按指引寄回商品',NULL,NULL,NULL,NULL,NULL,'refund',NULL,NULL,0,'2026-05-20 08:49:19'),(41,'f7842bcf08b34d57b2cccb24c8256bcc','text','bot',NULL,NULL,NULL,'您好！欢迎使用空白格AI客服，请问有什么可以帮您？',NULL,NULL,NULL,NULL,NULL,NULL,NULL,NULL,0,'2026-05-20 08:59:11'),(42,'f7842bcf08b34d57b2cccb24c8256bcc','quick_reply','bot',NULL,NULL,NULL,'请问有什么可以帮您？',NULL,NULL,NULL,'[{\"label\": \"查订单\", \"value\": \"query_order\"}, {\"label\": \"申请退货\", \"value\": \"refund\"}, {\"label\": \"产品咨询\", \"value\": \"product_info\"}, {\"label\": \"转人工\", \"value\": \"transfer_manual\"}]',NULL,NULL,NULL,NULL,0,'2026-05-20 08:59:11'),(43,'5df6df12500243298fd41750cf1b1abc','text','bot',NULL,NULL,NULL,'您好！欢迎使用空白格AI客服，请问有什么可以帮您？',NULL,NULL,NULL,NULL,NULL,NULL,NULL,NULL,0,'2026-05-20 09:31:33'),(44,'5df6df12500243298fd41750cf1b1abc','quick_reply','bot',NULL,NULL,NULL,'请问有什么可以帮您？',NULL,NULL,NULL,'[{\"label\": \"查订单\", \"value\": \"query_order\"}, {\"label\": \"申请退货\", \"value\": \"refund\"}, {\"label\": \"产品咨询\", \"value\": \"product_info\"}, {\"label\": \"转人工\", \"value\": \"transfer_manual\"}]',NULL,NULL,NULL,NULL,0,'2026-05-20 09:31:33'),(45,'d8c04d9b23464f009131d3c4fd7ac910','text','bot',NULL,NULL,NULL,'您好！欢迎使用空白格AI客服，请问有什么可以帮您？',NULL,NULL,NULL,NULL,NULL,NULL,NULL,NULL,0,'2026-05-20 09:51:09'),(46,'d8c04d9b23464f009131d3c4fd7ac910','quick_reply','bot',NULL,NULL,NULL,'请问有什么可以帮您？',NULL,NULL,NULL,'[{\"label\": \"查订单\", \"value\": \"query_order\"}, {\"label\": \"申请退货\", \"value\": \"refund\"}, {\"label\": \"产品咨询\", \"value\": \"product_info\"}, {\"label\": \"转人工\", \"value\": \"transfer_manual\"}]',NULL,NULL,NULL,NULL,0,'2026-05-20 09:51:09'),(47,'94d1077ef9a14fa29274f2135418aa9e','text','bot',NULL,NULL,NULL,'您好！欢迎使用空白格AI客服，请问有什么可以帮您？',NULL,NULL,NULL,NULL,NULL,NULL,NULL,NULL,0,'2026-05-20 09:51:10'),(48,'94d1077ef9a14fa29274f2135418aa9e','quick_reply','bot',NULL,NULL,NULL,'请问有什么可以帮您？',NULL,NULL,NULL,'[{\"label\": \"查订单\", \"value\": \"query_order\"}, {\"label\": \"申请退货\", \"value\": \"refund\"}, {\"label\": \"产品咨询\", \"value\": \"product_info\"}, {\"label\": \"转人工\", \"value\": \"transfer_manual\"}]',NULL,NULL,NULL,NULL,0,'2026-05-20 09:51:10'),(49,'eed3a6a61c4140bca31ebc61e710a7cd','text','bot',NULL,NULL,NULL,'您好！欢迎使用空白格AI客服，请问有什么可以帮您？',NULL,NULL,NULL,NULL,NULL,NULL,NULL,NULL,0,'2026-05-20 10:08:22'),(50,'eed3a6a61c4140bca31ebc61e710a7cd','quick_reply','bot',NULL,NULL,NULL,'请问有什么可以帮您？',NULL,NULL,NULL,'[{\"label\": \"查订单\", \"value\": \"query_order\"}, {\"label\": \"申请退货\", \"value\": \"refund\"}, {\"label\": \"产品咨询\", \"value\": \"product_info\"}, {\"label\": \"转人工\", \"value\": \"transfer_manual\"}]',NULL,NULL,NULL,NULL,0,'2026-05-20 10:08:22'),(51,'2b7cab27c5244b8499d9cc6354feda15','text','bot',NULL,NULL,NULL,'您好！欢迎使用空白格AI客服，请问有什么可以帮您？',NULL,NULL,NULL,NULL,NULL,NULL,NULL,NULL,0,'2026-05-20 10:10:44'),(52,'2b7cab27c5244b8499d9cc6354feda15','quick_reply','bot',NULL,NULL,NULL,'请问有什么可以帮您？',NULL,NULL,NULL,'[{\"label\": \"查订单\", \"value\": \"query_order\"}, {\"label\": \"申请退货\", \"value\": \"refund\"}, {\"label\": \"产品咨询\", \"value\": \"product_info\"}, {\"label\": \"转人工\", \"value\": \"transfer_manual\"}]',NULL,NULL,NULL,NULL,0,'2026-05-20 10:10:44'),(53,'ab8aa74171004f2a86e1aefc31d685b7','text','bot',NULL,NULL,NULL,'您好！欢迎使用空白格AI客服，请问有什么可以帮您？',NULL,NULL,NULL,NULL,NULL,NULL,NULL,NULL,0,'2026-05-20 10:10:55'),(54,'ab8aa74171004f2a86e1aefc31d685b7','quick_reply','bot',NULL,NULL,NULL,'请问有什么可以帮您？',NULL,NULL,NULL,'[{\"label\": \"查订单\", \"value\": \"query_order\"}, {\"label\": \"申请退货\", \"value\": \"refund\"}, {\"label\": \"产品咨询\", \"value\": \"product_info\"}, {\"label\": \"转人工\", \"value\": \"transfer_manual\"}]',NULL,NULL,NULL,NULL,0,'2026-05-20 10:10:55'),(55,'ab8aa74171004f2a86e1aefc31d685b7','system','system',NULL,NULL,NULL,'请对本次服务进行评价：',NULL,NULL,NULL,NULL,'[{\"type\": \"csat\", \"options\": [1, 2, 3, 4, 5]}]',NULL,NULL,NULL,0,'2026-05-20 10:10:59'),(56,'4dfcdce04384484b96f7b6c1d43f3511','text','bot',NULL,NULL,NULL,'您好！欢迎使用空白格AI客服，请问有什么可以帮您？',NULL,NULL,NULL,NULL,NULL,NULL,NULL,NULL,0,'2026-05-20 10:11:05'),(57,'4dfcdce04384484b96f7b6c1d43f3511','quick_reply','bot',NULL,NULL,NULL,'请问有什么可以帮您？',NULL,NULL,NULL,'[{\"label\": \"查订单\", \"value\": \"query_order\"}, {\"label\": \"申请退货\", \"value\": \"refund\"}, {\"label\": \"产品咨询\", \"value\": \"product_info\"}, {\"label\": \"转人工\", \"value\": \"transfer_manual\"}]',NULL,NULL,NULL,NULL,0,'2026-05-20 10:11:05'),(58,'37063fbae5884fefbb03c228eae568da','text','bot',NULL,NULL,NULL,'您好！欢迎使用空白格AI客服，请问有什么可以帮您？',NULL,NULL,NULL,NULL,NULL,NULL,NULL,NULL,0,'2026-05-20 10:11:05'),(59,'37063fbae5884fefbb03c228eae568da','quick_reply','bot',NULL,NULL,NULL,'请问有什么可以帮您？',NULL,NULL,NULL,'[{\"label\": \"查订单\", \"value\": \"query_order\"}, {\"label\": \"申请退货\", \"value\": \"refund\"}, {\"label\": \"产品咨询\", \"value\": \"product_info\"}, {\"label\": \"转人工\", \"value\": \"transfer_manual\"}]',NULL,NULL,NULL,NULL,0,'2026-05-20 10:11:05'),(60,'0dbcb02bc4794a8d8160080fab5dae0c','text','bot',NULL,NULL,NULL,'您好！欢迎使用空白格AI客服，请问有什么可以帮您？',NULL,NULL,NULL,NULL,NULL,NULL,NULL,NULL,0,'2026-05-20 10:15:06'),(61,'0dbcb02bc4794a8d8160080fab5dae0c','quick_reply','bot',NULL,NULL,NULL,'请问有什么可以帮您？',NULL,NULL,NULL,'[{\"label\": \"查订单\", \"value\": \"query_order\"}, {\"label\": \"申请退货\", \"value\": \"refund\"}, {\"label\": \"产品咨询\", \"value\": \"product_info\"}, {\"label\": \"转人工\", \"value\": \"transfer_manual\"}]',NULL,NULL,NULL,NULL,0,'2026-05-20 10:15:06'),(62,'0ff49a63e86248679828f594d089d462','text','bot',NULL,NULL,NULL,'您好！欢迎使用空白格AI客服，请问有什么可以帮您？',NULL,NULL,NULL,NULL,NULL,NULL,NULL,NULL,0,'2026-05-20 10:17:47'),(63,'0ff49a63e86248679828f594d089d462','quick_reply','bot',NULL,NULL,NULL,'请问有什么可以帮您？',NULL,NULL,NULL,'[{\"label\": \"查订单\", \"value\": \"query_order\"}, {\"label\": \"申请退货\", \"value\": \"refund\"}, {\"label\": \"产品咨询\", \"value\": \"product_info\"}, {\"label\": \"转人工\", \"value\": \"transfer_manual\"}]',NULL,NULL,NULL,NULL,0,'2026-05-20 10:17:47'),(64,'e55d073969934877b33b50bc58bfa117','text','bot',NULL,NULL,NULL,'您好！欢迎使用空白格AI客服，请问有什么可以帮您？',NULL,NULL,NULL,NULL,NULL,NULL,NULL,NULL,0,'2026-05-20 10:27:44'),(65,'e55d073969934877b33b50bc58bfa117','quick_reply','bot',NULL,NULL,NULL,'请问有什么可以帮您？',NULL,NULL,NULL,'[{\"label\": \"查订单\", \"value\": \"query_order\"}, {\"label\": \"申请退货\", \"value\": \"refund\"}, {\"label\": \"产品咨询\", \"value\": \"product_info\"}, {\"label\": \"转人工\", \"value\": \"transfer_manual\"}]',NULL,NULL,NULL,NULL,0,'2026-05-20 10:27:44'),(66,'d77e4129a16741b2a8710c4569139bf6','text','bot',NULL,NULL,NULL,'您好！欢迎使用空白格AI客服，请问有什么可以帮您？',NULL,NULL,NULL,NULL,NULL,NULL,NULL,NULL,0,'2026-05-20 10:28:13'),(67,'d77e4129a16741b2a8710c4569139bf6','quick_reply','bot',NULL,NULL,NULL,'请问有什么可以帮您？',NULL,NULL,NULL,'[{\"label\": \"查订单\", \"value\": \"query_order\"}, {\"label\": \"申请退货\", \"value\": \"refund\"}, {\"label\": \"产品咨询\", \"value\": \"product_info\"}, {\"label\": \"转人工\", \"value\": \"transfer_manual\"}]',NULL,NULL,NULL,NULL,0,'2026-05-20 10:28:13'),(68,'d77e4129a16741b2a8710c4569139bf6','text','user',22,NULL,NULL,'我要退货',NULL,NULL,NULL,NULL,NULL,'refund','{}',0,0,'2026-05-20 10:28:14'),(69,'d77e4129a16741b2a8710c4569139bf6','text','bot',NULL,NULL,NULL,'关于退换货，我来为您处理。请问您的订单号是多少？',NULL,NULL,NULL,NULL,NULL,'refund',NULL,NULL,0,'2026-05-20 10:28:15'),(70,'d77e4129a16741b2a8710c4569139bf6','text','user',22,NULL,NULL,'123456',NULL,NULL,NULL,NULL,NULL,'general_query','{}',0,0,'2026-05-20 10:28:19'),(71,'d77e4129a16741b2a8710c4569139bf6','text','bot',NULL,NULL,NULL,NULL,NULL,NULL,NULL,NULL,NULL,'general_query',NULL,NULL,0,'2026-05-20 10:28:20'),(72,'ea658fb6a9b141e09ad6966bff8c8b41','text','bot',NULL,NULL,NULL,'您好！欢迎使用空白格AI客服，请问有什么可以帮您？',NULL,NULL,NULL,NULL,NULL,NULL,NULL,NULL,0,'2026-05-20 16:20:37'),(73,'ea658fb6a9b141e09ad6966bff8c8b41','quick_reply','bot',NULL,NULL,NULL,'请问有什么可以帮您？',NULL,NULL,NULL,'[{\"label\": \"查订单\", \"value\": \"query_order\"}, {\"label\": \"申请退货\", \"value\": \"refund\"}, {\"label\": \"产品咨询\", \"value\": \"product_info\"}, {\"label\": \"转人工\", \"value\": \"transfer_manual\"}]',NULL,NULL,NULL,NULL,0,'2026-05-20 16:20:37'),(74,'b6fbe41e38de4baaa7c0c58a3c7435fd','text','bot',NULL,NULL,NULL,'您好！欢迎使用空白格AI客服，请问有什么可以帮您？',NULL,NULL,NULL,NULL,NULL,NULL,NULL,NULL,0,'2026-05-20 16:21:04'),(75,'b6fbe41e38de4baaa7c0c58a3c7435fd','quick_reply','bot',NULL,NULL,NULL,'请问有什么可以帮您？',NULL,NULL,NULL,'[{\"label\": \"查订单\", \"value\": \"query_order\"}, {\"label\": \"申请退货\", \"value\": \"refund\"}, {\"label\": \"产品咨询\", \"value\": \"product_info\"}, {\"label\": \"转人工\", \"value\": \"transfer_manual\"}]',NULL,NULL,NULL,NULL,0,'2026-05-20 16:21:04'),(76,'b6fbe41e38de4baaa7c0c58a3c7435fd','text','user',24,NULL,NULL,'我想查订单',NULL,NULL,NULL,NULL,NULL,'query_order','{}',0,0,'2026-05-20 16:21:07'),(77,'b6fbe41e38de4baaa7c0c58a3c7435fd','text','bot',NULL,NULL,NULL,'好的，我来帮您查询订单。请问您的订单号是多少？',NULL,NULL,NULL,NULL,NULL,'query_order',NULL,NULL,0,'2026-05-20 16:21:07'),(78,'b6fbe41e38de4baaa7c0c58a3c7435fd','system','system',NULL,NULL,NULL,'已为您转接人工客服「小张客服」，请稍候...',NULL,NULL,NULL,NULL,NULL,NULL,NULL,NULL,0,'2026-05-20 16:21:10'),(79,'b6fbe41e38de4baaa7c0c58a3c7435fd','text','user',24,NULL,NULL,'你好',NULL,NULL,NULL,NULL,NULL,'greeting','{}',0,0,'2026-05-20 16:21:16'),(80,'b6fbe41e38de4baaa7c0c58a3c7435fd','text','bot',NULL,NULL,NULL,'您好！我是空白格AI智能客服，很高兴为您服务！请问有什么可以帮您？',NULL,NULL,NULL,NULL,NULL,'greeting',NULL,NULL,0,'2026-05-20 16:21:16'),(81,'779c4ad7786040179d03ad5c496fd950','text','bot',NULL,NULL,NULL,'您好！欢迎使用空白格AI客服，请问有什么可以帮您？',NULL,NULL,NULL,NULL,NULL,NULL,NULL,NULL,0,'2026-05-20 16:39:30'),(82,'779c4ad7786040179d03ad5c496fd950','quick_reply','bot',NULL,NULL,NULL,'请问有什么可以帮您？',NULL,NULL,NULL,'[{\"label\": \"查订单\", \"value\": \"query_order\"}, {\"label\": \"申请退货\", \"value\": \"refund\"}, {\"label\": \"产品咨询\", \"value\": \"product_info\"}, {\"label\": \"转人工\", \"value\": \"transfer_manual\"}]',NULL,NULL,NULL,NULL,0,'2026-05-20 16:39:30'),(83,'779c4ad7786040179d03ad5c496fd950','text','user',25,NULL,NULL,'我要退货',NULL,NULL,NULL,NULL,NULL,'refund','{}',0,0,'2026-05-20 16:40:41'),(84,'779c4ad7786040179d03ad5c496fd950','text','bot',NULL,NULL,NULL,'关于退换货，我来为您处理。请问您的订单号是多少？',NULL,NULL,NULL,NULL,NULL,'refund',NULL,NULL,0,'2026-05-20 16:40:41'),(85,'779c4ad7786040179d03ad5c496fd950','text','user',25,NULL,NULL,'123456',NULL,NULL,NULL,NULL,NULL,'general_query','{}',0,0,'2026-05-20 16:40:46'),(86,'779c4ad7786040179d03ad5c496fd950','text','bot',NULL,NULL,NULL,NULL,NULL,NULL,NULL,NULL,NULL,'general_query',NULL,NULL,0,'2026-05-20 16:40:47'),(87,'999ad901199f419cbbb4cd8de9e1cf01','text','bot',NULL,NULL,NULL,'您好！欢迎使用空白格AI客服，请问有什么可以帮您？',NULL,NULL,NULL,NULL,NULL,NULL,NULL,NULL,0,'2026-05-20 16:43:25'),(88,'999ad901199f419cbbb4cd8de9e1cf01','quick_reply','bot',NULL,NULL,NULL,'请问有什么可以帮您？',NULL,NULL,NULL,'[{\"label\": \"查订单\", \"value\": \"query_order\"}, {\"label\": \"申请退货\", \"value\": \"refund\"}, {\"label\": \"产品咨询\", \"value\": \"product_info\"}, {\"label\": \"转人工\", \"value\": \"transfer_manual\"}]',NULL,NULL,NULL,NULL,0,'2026-05-20 16:43:25'),(89,'4bb98b7cfff94ff8994882bb6971cfaa','text','bot',NULL,NULL,NULL,'您好！欢迎使用空白格AI客服，请问有什么可以帮您？',NULL,NULL,NULL,NULL,NULL,NULL,NULL,NULL,0,'2026-05-20 16:45:01'),(90,'4bb98b7cfff94ff8994882bb6971cfaa','quick_reply','bot',NULL,NULL,NULL,'请问有什么可以帮您？',NULL,NULL,NULL,'[{\"label\": \"查订单\", \"value\": \"query_order\"}, {\"label\": \"申请退货\", \"value\": \"refund\"}, {\"label\": \"产品咨询\", \"value\": \"product_info\"}, {\"label\": \"转人工\", \"value\": \"transfer_manual\"}]',NULL,NULL,NULL,NULL,0,'2026-05-20 16:45:01'),(91,'8e78357c86aa4777a4c0a90677f1e871','text','bot',NULL,NULL,NULL,'您好！欢迎使用空白格AI客服，请问有什么可以帮您？',NULL,NULL,NULL,NULL,NULL,NULL,NULL,NULL,0,'2026-05-20 17:12:17'),(92,'8e78357c86aa4777a4c0a90677f1e871','quick_reply','bot',NULL,NULL,NULL,'请问有什么可以帮您？',NULL,NULL,NULL,'[{\"label\": \"查订单\", \"value\": \"query_order\"}, {\"label\": \"申请退货\", \"value\": \"refund\"}, {\"label\": \"产品咨询\", \"value\": \"product_info\"}, {\"label\": \"转人工\", \"value\": \"transfer_manual\"}]',NULL,NULL,NULL,NULL,0,'2026-05-20 17:12:17'),(93,'8e78357c86aa4777a4c0a90677f1e871','text','user',28,NULL,NULL,'转人工',NULL,NULL,NULL,NULL,NULL,'transfer_manual','{}',0,0,'2026-05-20 17:12:26'),(94,'8e78357c86aa4777a4c0a90677f1e871','system','system',NULL,NULL,NULL,'已为您转接人工客服「VIP专属客服」，请稍候...',NULL,NULL,NULL,NULL,NULL,NULL,NULL,NULL,0,'2026-05-20 17:12:26'),(95,'b4da689c96e343b5a6555e636640aa71','text','bot',NULL,NULL,NULL,'您好！欢迎使用空白格AI客服，请问有什么可以帮您？',NULL,NULL,NULL,NULL,NULL,NULL,NULL,NULL,0,'2026-05-20 17:14:01'),(96,'b4da689c96e343b5a6555e636640aa71','quick_reply','bot',NULL,NULL,NULL,'请问有什么可以帮您？',NULL,NULL,NULL,'[{\"label\": \"查订单\", \"value\": \"query_order\"}, {\"label\": \"申请退货\", \"value\": \"refund\"}, {\"label\": \"产品咨询\", \"value\": \"product_info\"}, {\"label\": \"转人工\", \"value\": \"transfer_manual\"}]',NULL,NULL,NULL,NULL,0,'2026-05-20 17:14:01'),(97,'4d87039c4d19420cb981919a9d9b9973','text','bot',NULL,NULL,NULL,'您好！欢迎使用空白格AI客服，请问有什么可以帮您？',NULL,NULL,NULL,NULL,NULL,NULL,NULL,NULL,0,'2026-05-20 17:59:39'),(98,'4d87039c4d19420cb981919a9d9b9973','quick_reply','bot',NULL,NULL,NULL,'请问有什么可以帮您？',NULL,NULL,NULL,'[{\"label\": \"查订单\", \"value\": \"query_order\"}, {\"label\": \"申请退货\", \"value\": \"refund\"}, {\"label\": \"产品咨询\", \"value\": \"product_info\"}, {\"label\": \"转人工\", \"value\": \"transfer_manual\"}]',NULL,NULL,NULL,NULL,0,'2026-05-20 17:59:39'),(99,'23c2e01903a64815a582af8f4909c196','text','bot',NULL,NULL,NULL,'您好！欢迎使用空白格AI客服，请问有什么可以帮您？',NULL,NULL,NULL,NULL,NULL,NULL,NULL,NULL,0,'2026-05-20 21:44:54'),(100,'23c2e01903a64815a582af8f4909c196','quick_reply','bot',NULL,NULL,NULL,'请问有什么可以帮您？',NULL,NULL,NULL,'[{\"label\": \"查订单\", \"value\": \"query_order\"}, {\"label\": \"申请退货\", \"value\": \"refund\"}, {\"label\": \"产品咨询\", \"value\": \"product_info\"}, {\"label\": \"转人工\", \"value\": \"transfer_manual\"}]',NULL,NULL,NULL,NULL,0,'2026-05-20 21:44:54'),(101,'51b63239ab1344bd88050683f9e05243','text','bot',NULL,NULL,NULL,'您好！欢迎使用空白格AI客服，请问有什么可以帮您？',NULL,NULL,NULL,NULL,NULL,NULL,NULL,NULL,0,'2026-05-20 21:46:32'),(102,'51b63239ab1344bd88050683f9e05243','quick_reply','bot',NULL,NULL,NULL,'请问有什么可以帮您？',NULL,NULL,NULL,'[{\"label\": \"查订单\", \"value\": \"query_order\"}, {\"label\": \"申请退货\", \"value\": \"refund\"}, {\"label\": \"产品咨询\", \"value\": \"product_info\"}, {\"label\": \"转人工\", \"value\": \"transfer_manual\"}]',NULL,NULL,NULL,NULL,0,'2026-05-20 21:46:32'),(103,'6d4600f7d0864a4b9c0025281387fd46','text','bot',NULL,NULL,NULL,'您好！欢迎使用空白格AI客服，请问有什么可以帮您？',NULL,NULL,NULL,NULL,NULL,NULL,NULL,NULL,0,'2026-05-20 22:10:24'),(104,'6d4600f7d0864a4b9c0025281387fd46','quick_reply','bot',NULL,NULL,NULL,'请问有什么可以帮您？',NULL,NULL,NULL,'[{\"label\": \"查订单\", \"value\": \"query_order\"}, {\"label\": \"申请退货\", \"value\": \"refund\"}, {\"label\": \"产品咨询\", \"value\": \"product_info\"}, {\"label\": \"转人工\", \"value\": \"transfer_manual\"}]',NULL,NULL,NULL,NULL,0,'2026-05-20 22:10:24'),(105,'6d4600f7d0864a4b9c0025281387fd46','text','user',33,NULL,NULL,'我想查订单',NULL,NULL,NULL,NULL,NULL,'query_order','{}',0,0,'2026-05-20 22:10:28'),(106,'6d4600f7d0864a4b9c0025281387fd46','text','bot',NULL,NULL,NULL,'好的，我来帮您查询订单。请问您的订单号是多少？',NULL,NULL,NULL,NULL,NULL,'query_order',NULL,NULL,0,'2026-05-20 22:10:29'),(107,'6d4600f7d0864a4b9c0025281387fd46','system','system',NULL,NULL,NULL,'请对本次服务进行评价：',NULL,NULL,NULL,NULL,'[{\"type\": \"csat\", \"options\": [1, 2, 3, 4, 5]}]',NULL,NULL,NULL,0,'2026-05-20 22:10:37'),(108,'c2e0447639604fa886b4132b2ba6a8fc','text','bot',NULL,NULL,NULL,'您好！欢迎使用空白格AI客服，请问有什么可以帮您？',NULL,NULL,NULL,NULL,NULL,NULL,NULL,NULL,0,'2026-05-21 00:35:36'),(109,'c2e0447639604fa886b4132b2ba6a8fc','quick_reply','bot',NULL,NULL,NULL,'请问有什么可以帮您？',NULL,NULL,NULL,'[{\"label\": \"查订单\", \"value\": \"query_order\"}, {\"label\": \"申请退货\", \"value\": \"refund\"}, {\"label\": \"产品咨询\", \"value\": \"product_info\"}, {\"label\": \"转人工\", \"value\": \"transfer_manual\"}]',NULL,NULL,NULL,NULL,0,'2026-05-21 00:35:36'),(110,'96f6319d111845409ca69d626a16514f','text','bot',NULL,NULL,NULL,'您好！欢迎使用空白格AI客服，请问有什么可以帮您？',NULL,NULL,NULL,NULL,NULL,NULL,NULL,NULL,0,'2026-05-21 00:41:30'),(111,'96f6319d111845409ca69d626a16514f','quick_reply','bot',NULL,NULL,NULL,'请问有什么可以帮您？',NULL,NULL,NULL,'[{\"label\": \"查订单\", \"value\": \"query_order\"}, {\"label\": \"申请退货\", \"value\": \"refund\"}, {\"label\": \"产品咨询\", \"value\": \"product_info\"}, {\"label\": \"转人工\", \"value\": \"transfer_manual\"}]',NULL,NULL,NULL,NULL,0,'2026-05-21 00:41:30'),(112,'a797cda1fe854994a1a67b05b56c5325','text','bot',NULL,NULL,NULL,'您好！欢迎使用空白格AI客服，请问有什么可以帮您？',NULL,NULL,NULL,NULL,NULL,NULL,NULL,NULL,0,'2026-05-21 00:41:36'),(113,'a797cda1fe854994a1a67b05b56c5325','quick_reply','bot',NULL,NULL,NULL,'请问有什么可以帮您？',NULL,NULL,NULL,'[{\"label\": \"查订单\", \"value\": \"query_order\"}, {\"label\": \"申请退货\", \"value\": \"refund\"}, {\"label\": \"产品咨询\", \"value\": \"product_info\"}, {\"label\": \"转人工\", \"value\": \"transfer_manual\"}]',NULL,NULL,NULL,NULL,0,'2026-05-21 00:41:36'),(114,'a40f08a0b2a744d8aaee5fb2f842136b','text','bot',NULL,NULL,NULL,'您好！欢迎使用空白格AI客服，请问有什么可以帮您？',NULL,NULL,NULL,NULL,NULL,NULL,NULL,NULL,0,'2026-05-21 08:07:20'),(115,'a40f08a0b2a744d8aaee5fb2f842136b','quick_reply','bot',NULL,NULL,NULL,'请问有什么可以帮您？',NULL,NULL,NULL,'[{\"label\": \"查订单\", \"value\": \"query_order\"}, {\"label\": \"申请退货\", \"value\": \"refund\"}, {\"label\": \"产品咨询\", \"value\": \"product_info\"}, {\"label\": \"转人工\", \"value\": \"transfer_manual\"}]',NULL,NULL,NULL,NULL,0,'2026-05-21 08:07:20'),(116,'a40f08a0b2a744d8aaee5fb2f842136b','text','user',37,NULL,NULL,'我想查订单',NULL,NULL,NULL,NULL,NULL,'query_order','{}',0,0,'2026-05-21 08:07:23'),(117,'a40f08a0b2a744d8aaee5fb2f842136b','text','bot',NULL,NULL,NULL,'好的，我来帮您查询订单。请问您的订单号是多少？',NULL,NULL,NULL,NULL,NULL,'query_order',NULL,NULL,0,'2026-05-21 08:07:23'),(118,'a40f08a0b2a744d8aaee5fb2f842136b','system','system',NULL,NULL,NULL,'已为您转接人工客服「小林客服」，请稍候...',NULL,NULL,NULL,NULL,NULL,NULL,NULL,NULL,0,'2026-05-21 08:07:27'),(119,'a40f08a0b2a744d8aaee5fb2f842136b','text','user',37,NULL,NULL,'你好',NULL,NULL,NULL,NULL,NULL,'greeting','{}',0,0,'2026-05-21 08:07:31'),(120,'a40f08a0b2a744d8aaee5fb2f842136b','text','bot',NULL,NULL,NULL,'您好！我是空白格AI智能客服，很高兴为您服务！请问有什么可以帮您？',NULL,NULL,NULL,NULL,NULL,'greeting',NULL,NULL,0,'2026-05-21 08:07:31'),(121,'19661f59c81941d4b312e996be4a2d69','text','bot',NULL,NULL,NULL,'您好！欢迎使用空白格AI客服，请问有什么可以帮您？',NULL,NULL,NULL,NULL,NULL,NULL,NULL,NULL,0,'2026-05-21 09:35:01'),(122,'19661f59c81941d4b312e996be4a2d69','quick_reply','bot',NULL,NULL,NULL,'请问有什么可以帮您？',NULL,NULL,NULL,'[{\"label\": \"查订单\", \"value\": \"query_order\"}, {\"label\": \"申请退货\", \"value\": \"refund\"}, {\"label\": \"产品咨询\", \"value\": \"product_info\"}, {\"label\": \"转人工\", \"value\": \"transfer_manual\"}]',NULL,NULL,NULL,NULL,0,'2026-05-21 09:35:01'),(123,'4eb362364aa0416ebdad826810e4dc18','text','bot',NULL,NULL,NULL,'您好！欢迎使用空白格AI客服，请问有什么可以帮您？',NULL,NULL,NULL,NULL,NULL,NULL,NULL,NULL,0,'2026-05-21 09:40:22'),(124,'4eb362364aa0416ebdad826810e4dc18','quick_reply','bot',NULL,NULL,NULL,'请问有什么可以帮您？',NULL,NULL,NULL,'[{\"label\": \"查订单\", \"value\": \"query_order\"}, {\"label\": \"申请退货\", \"value\": \"refund\"}, {\"label\": \"产品咨询\", \"value\": \"product_info\"}, {\"label\": \"转人工\", \"value\": \"transfer_manual\"}]',NULL,NULL,NULL,NULL,0,'2026-05-21 09:40:22'),(125,'4eb362364aa0416ebdad826810e4dc18','text','user',39,NULL,NULL,'你们的产品有哪些功能？能介绍一下吗？',NULL,NULL,NULL,NULL,NULL,'general_query','{}',0,0,'2026-05-21 09:42:13'),(126,'4eb362364aa0416ebdad826810e4dc18','text','bot',NULL,NULL,NULL,NULL,NULL,NULL,NULL,NULL,NULL,'general_query',NULL,NULL,0,'2026-05-21 09:42:14'),(127,'4eb362364aa0416ebdad826810e4dc18','system','system',NULL,NULL,NULL,'已为您转接人工客服「系统管理员」，请稍候...',NULL,NULL,NULL,NULL,NULL,NULL,NULL,NULL,0,'2026-05-21 09:49:09'),(128,'ede8c892183e4cd9bef2c32c3c3d9f24','text','bot',NULL,NULL,NULL,'您好！欢迎使用空白格AI客服，请问有什么可以帮您？',NULL,NULL,NULL,NULL,NULL,NULL,NULL,NULL,0,'2026-05-21 09:53:29'),(129,'ede8c892183e4cd9bef2c32c3c3d9f24','quick_reply','bot',NULL,NULL,NULL,'请问有什么可以帮您？',NULL,NULL,NULL,'[{\"label\": \"查订单\", \"value\": \"query_order\"}, {\"label\": \"申请退货\", \"value\": \"refund\"}, {\"label\": \"产品咨询\", \"value\": \"product_info\"}, {\"label\": \"转人工\", \"value\": \"transfer_manual\"}]',NULL,NULL,NULL,NULL,0,'2026-05-21 09:53:29'),(130,'0c7630bfe1c149aaaf10895115f8dca2','text','bot',NULL,NULL,NULL,'您好！欢迎使用空白格AI客服，请问有什么可以帮您？',NULL,NULL,NULL,NULL,NULL,NULL,NULL,NULL,0,'2026-05-21 09:57:51'),(131,'0c7630bfe1c149aaaf10895115f8dca2','quick_reply','bot',NULL,NULL,NULL,'请问有什么可以帮您？',NULL,NULL,NULL,'[{\"label\": \"查订单\", \"value\": \"query_order\"}, {\"label\": \"申请退货\", \"value\": \"refund\"}, {\"label\": \"产品咨询\", \"value\": \"product_info\"}, {\"label\": \"转人工\", \"value\": \"transfer_manual\"}]',NULL,NULL,NULL,NULL,0,'2026-05-21 09:57:51'),(132,'0c7630bfe1c149aaaf10895115f8dca2','text','user',41,NULL,NULL,'我想查订单',NULL,NULL,NULL,NULL,NULL,'query_order','{}',0,0,'2026-05-21 09:58:57'),(133,'0c7630bfe1c149aaaf10895115f8dca2','text','bot',NULL,NULL,NULL,'好的，我来帮您查询订单。请问您的订单号是多少？',NULL,NULL,NULL,NULL,NULL,'query_order',NULL,NULL,0,'2026-05-21 09:58:57'),(134,'0c7630bfe1c149aaaf10895115f8dca2','text','user',41,NULL,NULL,'ORD20260521001',NULL,NULL,NULL,NULL,NULL,'general_query','{\"order_no\": \"20260521001\"}',0,0,'2026-05-21 10:03:00'),(135,'0c7630bfe1c149aaaf10895115f8dca2','text','bot',NULL,NULL,NULL,NULL,NULL,NULL,NULL,NULL,NULL,'general_query',NULL,NULL,0,'2026-05-21 10:03:00'),(136,'0c7630bfe1c149aaaf10895115f8dca2','system','system',NULL,NULL,NULL,'请对本次服务进行评价：',NULL,NULL,NULL,NULL,'[{\"type\": \"csat\", \"options\": [1, 2, 3, 4, 5]}]',NULL,NULL,NULL,0,'2026-05-21 10:07:27'),(137,'be13d44885df4f01b3eb034588a4093b','text','bot',NULL,NULL,NULL,'您好！欢迎使用空白格AI客服，请问有什么可以帮您？',NULL,NULL,NULL,NULL,NULL,NULL,NULL,NULL,0,'2026-05-21 10:12:40'),(138,'be13d44885df4f01b3eb034588a4093b','quick_reply','bot',NULL,NULL,NULL,'请问有什么可以帮您？',NULL,NULL,NULL,'[{\"label\": \"查订单\", \"value\": \"query_order\"}, {\"label\": \"申请退货\", \"value\": \"refund\"}, {\"label\": \"产品咨询\", \"value\": \"product_info\"}, {\"label\": \"转人工\", \"value\": \"transfer_manual\"}]',NULL,NULL,NULL,NULL,0,'2026-05-21 10:12:40'),(139,'33ce5be85a704eb1b417780b9f3f5718','text','bot',NULL,NULL,NULL,'您好！欢迎使用空白格AI客服，请问有什么可以帮您？',NULL,NULL,NULL,NULL,NULL,NULL,NULL,NULL,0,'2026-05-21 10:18:35'),(140,'33ce5be85a704eb1b417780b9f3f5718','quick_reply','bot',NULL,NULL,NULL,'请问有什么可以帮您？',NULL,NULL,NULL,'[{\"label\": \"查订单\", \"value\": \"query_order\"}, {\"label\": \"申请退货\", \"value\": \"refund\"}, {\"label\": \"产品咨询\", \"value\": \"product_info\"}, {\"label\": \"转人工\", \"value\": \"transfer_manual\"}]',NULL,NULL,NULL,NULL,0,'2026-05-21 10:18:35'),(141,'0e01cf61598241c5bab0e8f694244b9f','text','bot',NULL,NULL,NULL,'您好！欢迎使用空白格AI客服，请问有什么可以帮您？',NULL,NULL,NULL,NULL,NULL,NULL,NULL,NULL,0,'2026-05-21 10:26:26'),(142,'0e01cf61598241c5bab0e8f694244b9f','quick_reply','bot',NULL,NULL,NULL,'请问有什么可以帮您？',NULL,NULL,NULL,'[{\"label\": \"查订单\", \"value\": \"query_order\"}, {\"label\": \"申请退货\", \"value\": \"refund\"}, {\"label\": \"产品咨询\", \"value\": \"product_info\"}, {\"label\": \"转人工\", \"value\": \"transfer_manual\"}]',NULL,NULL,NULL,NULL,0,'2026-05-21 10:26:26'),(143,'0e01cf61598241c5bab0e8f694244b9f','system','system',NULL,NULL,NULL,'请对本次服务进行评价：',NULL,NULL,NULL,NULL,'[{\"type\": \"csat\", \"options\": [1, 2, 3, 4, 5]}]',NULL,NULL,NULL,0,'2026-05-21 10:27:11'),(144,'c48c128df98849bd872c53ef079ea0ea','text','bot',NULL,NULL,NULL,'您好！欢迎使用空白格AI客服，请问有什么可以帮您？',NULL,NULL,NULL,NULL,NULL,NULL,NULL,NULL,0,'2026-05-21 11:25:59'),(145,'c48c128df98849bd872c53ef079ea0ea','quick_reply','bot',NULL,NULL,NULL,'请问有什么可以帮您？',NULL,NULL,NULL,'[{\"label\": \"查订单\", \"value\": \"query_order\"}, {\"label\": \"申请退货\", \"value\": \"refund\"}, {\"label\": \"产品咨询\", \"value\": \"product_info\"}, {\"label\": \"转人工\", \"value\": \"transfer_manual\"}]',NULL,NULL,NULL,NULL,0,'2026-05-21 11:25:59'),(146,'b8718599023b4ecaa124b587fce0ba59','text','bot',NULL,NULL,NULL,'您好！欢迎使用空白格AI客服，请问有什么可以帮您？',NULL,NULL,NULL,NULL,NULL,NULL,NULL,NULL,0,'2026-05-21 11:29:43'),(147,'b8718599023b4ecaa124b587fce0ba59','quick_reply','bot',NULL,NULL,NULL,'请问有什么可以帮您？',NULL,NULL,NULL,'[{\"label\": \"查订单\", \"value\": \"query_order\"}, {\"label\": \"申请退货\", \"value\": \"refund\"}, {\"label\": \"产品咨询\", \"value\": \"product_info\"}, {\"label\": \"转人工\", \"value\": \"transfer_manual\"}]',NULL,NULL,NULL,NULL,0,'2026-05-21 11:29:43'),(148,'17e2854d9ca342539b7d066cbc67e5b6','text','bot',NULL,NULL,NULL,'您好！欢迎使用空白格AI客服，请问有什么可以帮您？',NULL,NULL,NULL,NULL,NULL,NULL,NULL,NULL,0,'2026-05-25 09:45:36'),(149,'17e2854d9ca342539b7d066cbc67e5b6','quick_reply','bot',NULL,NULL,NULL,'请问有什么可以帮您？',NULL,NULL,NULL,'[{\"label\": \"查订单\", \"value\": \"query_order\"}, {\"label\": \"申请退货\", \"value\": \"refund\"}, {\"label\": \"产品咨询\", \"value\": \"product_info\"}, {\"label\": \"转人工\", \"value\": \"transfer_manual\"}]',NULL,NULL,NULL,NULL,0,'2026-05-25 09:45:37'),(150,'dd1a73005c1d4612b9a1fa728624685b','text','bot',NULL,NULL,NULL,'您好！欢迎使用空白格AI客服，请问有什么可以帮您？',NULL,NULL,NULL,NULL,NULL,NULL,NULL,NULL,0,'2026-05-25 09:45:58'),(151,'dd1a73005c1d4612b9a1fa728624685b','quick_reply','bot',NULL,NULL,NULL,'请问有什么可以帮您？',NULL,NULL,NULL,'[{\"label\": \"查订单\", \"value\": \"query_order\"}, {\"label\": \"申请退货\", \"value\": \"refund\"}, {\"label\": \"产品咨询\", \"value\": \"product_info\"}, {\"label\": \"转人工\", \"value\": \"transfer_manual\"}]',NULL,NULL,NULL,NULL,0,'2026-05-25 09:45:58'),(152,'5d6779b6040d4a448b6eb7adee9beecb','text','bot',NULL,NULL,NULL,'您好！欢迎使用空白格AI客服，请问有什么可以帮您？',NULL,NULL,NULL,NULL,NULL,NULL,NULL,NULL,0,'2026-05-25 10:27:08'),(153,'5d6779b6040d4a448b6eb7adee9beecb','quick_reply','bot',NULL,NULL,NULL,'请问有什么可以帮您？',NULL,NULL,NULL,'[{\"label\": \"查订单\", \"value\": \"query_order\"}, {\"label\": \"申请退货\", \"value\": \"refund\"}, {\"label\": \"产品咨询\", \"value\": \"product_info\"}, {\"label\": \"转人工\", \"value\": \"transfer_manual\"}]',NULL,NULL,NULL,NULL,0,'2026-05-25 10:27:08'),(154,'3bf82cd5fdd4427093fd02d45795a803','text','bot',NULL,NULL,NULL,'您好！欢迎使用空白格AI客服，请问有什么可以帮您？',NULL,NULL,NULL,NULL,NULL,NULL,NULL,NULL,0,'2026-05-25 10:27:25'),(155,'3bf82cd5fdd4427093fd02d45795a803','quick_reply','bot',NULL,NULL,NULL,'请问有什么可以帮您？',NULL,NULL,NULL,'[{\"label\": \"查订单\", \"value\": \"query_order\"}, {\"label\": \"申请退货\", \"value\": \"refund\"}, {\"label\": \"产品咨询\", \"value\": \"product_info\"}, {\"label\": \"转人工\", \"value\": \"transfer_manual\"}]',NULL,NULL,NULL,NULL,0,'2026-05-25 10:27:25'),(156,'784d6e51ee5d49b3a1d03199c2de8f22','text','bot',NULL,NULL,NULL,'您好！欢迎使用空白格AI客服，请问有什么可以帮您？',NULL,NULL,NULL,NULL,NULL,NULL,NULL,NULL,0,'2026-05-25 10:27:35'),(157,'784d6e51ee5d49b3a1d03199c2de8f22','quick_reply','bot',NULL,NULL,NULL,'请问有什么可以帮您？',NULL,NULL,NULL,'[{\"label\": \"查订单\", \"value\": \"query_order\"}, {\"label\": \"申请退货\", \"value\": \"refund\"}, {\"label\": \"产品咨询\", \"value\": \"product_info\"}, {\"label\": \"转人工\", \"value\": \"transfer_manual\"}]',NULL,NULL,NULL,NULL,0,'2026-05-25 10:27:35'),(158,'28fcaefc034f4920baa69a9e1e3a0659','text','bot',NULL,NULL,NULL,'您好！欢迎使用空白格AI客服，请问有什么可以帮您？',NULL,NULL,NULL,NULL,NULL,NULL,NULL,NULL,0,'2026-05-25 10:28:44'),(159,'28fcaefc034f4920baa69a9e1e3a0659','quick_reply','bot',NULL,NULL,NULL,'请问有什么可以帮您？',NULL,NULL,NULL,'[{\"label\": \"查订单\", \"value\": \"query_order\"}, {\"label\": \"申请退货\", \"value\": \"refund\"}, {\"label\": \"产品咨询\", \"value\": \"product_info\"}, {\"label\": \"转人工\", \"value\": \"transfer_manual\"}]',NULL,NULL,NULL,NULL,0,'2026-05-25 10:28:44'),(160,'e61b00af19a847b6adaa365c3154b46a','text','bot',NULL,NULL,NULL,'您好！欢迎使用空白格AI客服，请问有什么可以帮您？',NULL,NULL,NULL,NULL,NULL,NULL,NULL,NULL,0,'2026-05-25 11:47:40'),(161,'e61b00af19a847b6adaa365c3154b46a','quick_reply','bot',NULL,NULL,NULL,'请问有什么可以帮您？',NULL,NULL,NULL,'[{\"label\": \"查订单\", \"value\": \"query_order\"}, {\"label\": \"申请退货\", \"value\": \"refund\"}, {\"label\": \"产品咨询\", \"value\": \"product_info\"}, {\"label\": \"转人工\", \"value\": \"transfer_manual\"}]',NULL,NULL,NULL,NULL,0,'2026-05-25 11:47:40'),(162,'aede56a45ded4dfc80fcf9253eeb2c2f','text','bot',NULL,NULL,NULL,'您好！欢迎使用空白格AI客服，请问有什么可以帮您？',NULL,NULL,NULL,NULL,NULL,NULL,NULL,NULL,0,'2026-05-25 14:50:38'),(163,'aede56a45ded4dfc80fcf9253eeb2c2f','quick_reply','bot',NULL,NULL,NULL,'请问有什么可以帮您？',NULL,NULL,NULL,'[{\"label\": \"查订单\", \"value\": \"query_order\"}, {\"label\": \"申请退货\", \"value\": \"refund\"}, {\"label\": \"产品咨询\", \"value\": \"product_info\"}, {\"label\": \"转人工\", \"value\": \"transfer_manual\"}]',NULL,NULL,NULL,NULL,0,'2026-05-25 14:50:38'),(164,'f637c8fc630a4b6e9d7b8b424672b1a7','text','bot',NULL,NULL,NULL,'您好！欢迎使用空白格AI客服，请问有什么可以帮您？',NULL,NULL,NULL,NULL,NULL,NULL,NULL,NULL,0,'2026-05-25 16:39:37'),(165,'f637c8fc630a4b6e9d7b8b424672b1a7','quick_reply','bot',NULL,NULL,NULL,'请问有什么可以帮您？',NULL,NULL,NULL,'[{\"label\": \"查订单\", \"value\": \"query_order\"}, {\"label\": \"申请退货\", \"value\": \"refund\"}, {\"label\": \"产品咨询\", \"value\": \"product_info\"}, {\"label\": \"转人工\", \"value\": \"transfer_manual\"}]',NULL,NULL,NULL,NULL,0,'2026-05-25 16:39:37'),(166,'196b882d883349c18806ee25e3763525','text','bot',NULL,NULL,NULL,'您好！欢迎使用空白格AI客服，请问有什么可以帮您？',NULL,NULL,NULL,NULL,NULL,NULL,NULL,NULL,0,'2026-05-25 16:40:45'),(167,'196b882d883349c18806ee25e3763525','quick_reply','bot',NULL,NULL,NULL,'请问有什么可以帮您？',NULL,NULL,NULL,'[{\"label\": \"查订单\", \"value\": \"query_order\"}, {\"label\": \"申请退货\", \"value\": \"refund\"}, {\"label\": \"产品咨询\", \"value\": \"product_info\"}, {\"label\": \"转人工\", \"value\": \"transfer_manual\"}]',NULL,NULL,NULL,NULL,0,'2026-05-25 16:40:45'),(168,'9884662153ae4588818adb0f6faa0e7f','text','bot',NULL,NULL,NULL,'您好！欢迎使用空白格AI客服，请问有什么可以帮您？',NULL,NULL,NULL,NULL,NULL,NULL,NULL,NULL,0,'2026-05-25 16:53:33'),(169,'9884662153ae4588818adb0f6faa0e7f','quick_reply','bot',NULL,NULL,NULL,'请问有什么可以帮您？',NULL,NULL,NULL,'[{\"label\": \"查订单\", \"value\": \"query_order\"}, {\"label\": \"申请退货\", \"value\": \"refund\"}, {\"label\": \"产品咨询\", \"value\": \"product_info\"}, {\"label\": \"转人工\", \"value\": \"transfer_manual\"}]',NULL,NULL,NULL,NULL,0,'2026-05-25 16:53:33'),(170,'d9cba097c6664c99b8fa3be4f1601029','text','bot',NULL,NULL,NULL,'您好！欢迎使用空白格AI客服，请问有什么可以帮您？',NULL,NULL,NULL,NULL,NULL,NULL,NULL,NULL,0,'2026-05-25 17:08:01'),(171,'d9cba097c6664c99b8fa3be4f1601029','quick_reply','bot',NULL,NULL,NULL,'请问有什么可以帮您？',NULL,NULL,NULL,'[{\"label\": \"查订单\", \"value\": \"query_order\"}, {\"label\": \"申请退货\", \"value\": \"refund\"}, {\"label\": \"产品咨询\", \"value\": \"product_info\"}, {\"label\": \"转人工\", \"value\": \"transfer_manual\"}]',NULL,NULL,NULL,NULL,0,'2026-05-25 17:08:01'),(172,'4ce21efb05fb415f8925f1f2535d17f8','text','bot',NULL,NULL,NULL,'您好！欢迎使用空白格AI客服，请问有什么可以帮您？',NULL,NULL,NULL,NULL,NULL,NULL,NULL,NULL,0,'2026-05-25 17:23:48'),(173,'4ce21efb05fb415f8925f1f2535d17f8','quick_reply','bot',NULL,NULL,NULL,'请问有什么可以帮您？',NULL,NULL,NULL,'[{\"label\": \"查订单\", \"value\": \"query_order\"}, {\"label\": \"申请退货\", \"value\": \"refund\"}, {\"label\": \"产品咨询\", \"value\": \"product_info\"}, {\"label\": \"转人工\", \"value\": \"transfer_manual\"}]',NULL,NULL,NULL,NULL,0,'2026-05-25 17:23:48'),(174,'fe65e2db524f4991a0217352c8075d7a','text','bot',NULL,NULL,NULL,'您好！欢迎使用空白格AI客服，请问有什么可以帮您？',NULL,NULL,NULL,NULL,NULL,NULL,NULL,NULL,0,'2026-05-25 17:23:50'),(175,'fe65e2db524f4991a0217352c8075d7a','quick_reply','bot',NULL,NULL,NULL,'请问有什么可以帮您？',NULL,NULL,NULL,'[{\"label\": \"查订单\", \"value\": \"query_order\"}, {\"label\": \"申请退货\", \"value\": \"refund\"}, {\"label\": \"产品咨询\", \"value\": \"product_info\"}, {\"label\": \"转人工\", \"value\": \"transfer_manual\"}]',NULL,NULL,NULL,NULL,0,'2026-05-25 17:23:50'),(176,'41d23b6b598f4eeaabe506629af359f5','text','bot',NULL,NULL,NULL,'您好！欢迎使用空白格AI客服，请问有什么可以帮您？',NULL,NULL,NULL,NULL,NULL,NULL,NULL,NULL,0,'2026-05-25 17:23:54'),(177,'41d23b6b598f4eeaabe506629af359f5','quick_reply','bot',NULL,NULL,NULL,'请问有什么可以帮您？',NULL,NULL,NULL,'[{\"label\": \"查订单\", \"value\": \"query_order\"}, {\"label\": \"申请退货\", \"value\": \"refund\"}, {\"label\": \"产品咨询\", \"value\": \"product_info\"}, {\"label\": \"转人工\", \"value\": \"transfer_manual\"}]',NULL,NULL,NULL,NULL,0,'2026-05-25 17:23:54'),(178,'aa9094466e3b466a9b8193c2904c9a9d','text','bot',NULL,NULL,NULL,'您好！欢迎使用空白格AI客服，请问有什么可以帮您？',NULL,NULL,NULL,NULL,NULL,NULL,NULL,NULL,0,'2026-05-25 17:23:58'),(179,'aa9094466e3b466a9b8193c2904c9a9d','quick_reply','bot',NULL,NULL,NULL,'请问有什么可以帮您？',NULL,NULL,NULL,'[{\"label\": \"查订单\", \"value\": \"query_order\"}, {\"label\": \"申请退货\", \"value\": \"refund\"}, {\"label\": \"产品咨询\", \"value\": \"product_info\"}, {\"label\": \"转人工\", \"value\": \"transfer_manual\"}]',NULL,NULL,NULL,NULL,0,'2026-05-25 17:23:58'),(180,'3c302ac96d6f4b1e854693546e1748f4','text','bot',NULL,NULL,NULL,'您好！欢迎使用空白格AI客服，请问有什么可以帮您？',NULL,NULL,NULL,NULL,NULL,NULL,NULL,NULL,0,'2026-05-25 17:24:00'),(181,'3c302ac96d6f4b1e854693546e1748f4','quick_reply','bot',NULL,NULL,NULL,'请问有什么可以帮您？',NULL,NULL,NULL,'[{\"label\": \"查订单\", \"value\": \"query_order\"}, {\"label\": \"申请退货\", \"value\": \"refund\"}, {\"label\": \"产品咨询\", \"value\": \"product_info\"}, {\"label\": \"转人工\", \"value\": \"transfer_manual\"}]',NULL,NULL,NULL,NULL,0,'2026-05-25 17:24:00'),(182,'4faabfd8f15f4066ba78b9df3d0aa9c4','text','bot',NULL,NULL,NULL,'您好！欢迎使用空白格AI客服，请问有什么可以帮您？',NULL,NULL,NULL,NULL,NULL,NULL,NULL,NULL,0,'2026-05-25 17:24:03'),(183,'4faabfd8f15f4066ba78b9df3d0aa9c4','quick_reply','bot',NULL,NULL,NULL,'请问有什么可以帮您？',NULL,NULL,NULL,'[{\"label\": \"查订单\", \"value\": \"query_order\"}, {\"label\": \"申请退货\", \"value\": \"refund\"}, {\"label\": \"产品咨询\", \"value\": \"product_info\"}, {\"label\": \"转人工\", \"value\": \"transfer_manual\"}]',NULL,NULL,NULL,NULL,0,'2026-05-25 17:24:03'),(184,'56763b343cbe4296b0c962e82954a377','text','bot',NULL,NULL,NULL,'您好！欢迎使用空白格AI客服，请问有什么可以帮您？',NULL,NULL,NULL,NULL,NULL,NULL,NULL,NULL,0,'2026-05-25 17:24:32'),(185,'56763b343cbe4296b0c962e82954a377','quick_reply','bot',NULL,NULL,NULL,'请问有什么可以帮您？',NULL,NULL,NULL,'[{\"label\": \"查订单\", \"value\": \"query_order\"}, {\"label\": \"申请退货\", \"value\": \"refund\"}, {\"label\": \"产品咨询\", \"value\": \"product_info\"}, {\"label\": \"转人工\", \"value\": \"transfer_manual\"}]',NULL,NULL,NULL,NULL,0,'2026-05-25 17:24:32'),(186,'696b52cb3f65426a9277a9820f8b80f9','text','bot',NULL,NULL,NULL,'您好！欢迎使用空白格AI客服，请问有什么可以帮您？',NULL,NULL,NULL,NULL,NULL,NULL,NULL,NULL,0,'2026-05-25 17:45:35'),(187,'696b52cb3f65426a9277a9820f8b80f9','quick_reply','bot',NULL,NULL,NULL,'请问有什么可以帮您？',NULL,NULL,NULL,'[{\"label\": \"查订单\", \"value\": \"query_order\"}, {\"label\": \"申请退货\", \"value\": \"refund\"}, {\"label\": \"产品咨询\", \"value\": \"product_info\"}, {\"label\": \"转人工\", \"value\": \"transfer_manual\"}]',NULL,NULL,NULL,NULL,0,'2026-05-25 17:45:35'),(188,'d0344608d11a4c71a3526989b8207ed2','text','bot',NULL,NULL,NULL,'您好！欢迎使用空白格AI客服，请问有什么可以帮您？',NULL,NULL,NULL,NULL,NULL,NULL,NULL,NULL,0,'2026-05-25 18:20:59'),(189,'d0344608d11a4c71a3526989b8207ed2','quick_reply','bot',NULL,NULL,NULL,'请问有什么可以帮您？',NULL,NULL,NULL,'[{\"label\": \"查订单\", \"value\": \"query_order\"}, {\"label\": \"申请退货\", \"value\": \"refund\"}, {\"label\": \"产品咨询\", \"value\": \"product_info\"}, {\"label\": \"转人工\", \"value\": \"transfer_manual\"}]',NULL,NULL,NULL,NULL,0,'2026-05-25 18:20:59'),(190,'0772668aa1064c06b0182fce889c761e','text','bot',NULL,NULL,NULL,'您好！欢迎使用空白格AI客服，请问有什么可以帮您？',NULL,NULL,NULL,NULL,NULL,NULL,NULL,NULL,0,'2026-05-25 18:23:29'),(191,'0772668aa1064c06b0182fce889c761e','quick_reply','bot',NULL,NULL,NULL,'请问有什么可以帮您？',NULL,NULL,NULL,'[{\"label\": \"查订单\", \"value\": \"query_order\"}, {\"label\": \"申请退货\", \"value\": \"refund\"}, {\"label\": \"产品咨询\", \"value\": \"product_info\"}, {\"label\": \"转人工\", \"value\": \"transfer_manual\"}]',NULL,NULL,NULL,NULL,0,'2026-05-25 18:23:29'),(192,'8d5ca3d9dc504efabc6d117881e9c564','text','bot',NULL,NULL,NULL,'您好！欢迎使用空白格AI客服，请问有什么可以帮您？',NULL,NULL,NULL,NULL,NULL,NULL,NULL,NULL,0,'2026-05-25 18:27:32'),(193,'8d5ca3d9dc504efabc6d117881e9c564','quick_reply','bot',NULL,NULL,NULL,'请问有什么可以帮您？',NULL,NULL,NULL,'[{\"label\": \"查订单\", \"value\": \"query_order\"}, {\"label\": \"申请退货\", \"value\": \"refund\"}, {\"label\": \"产品咨询\", \"value\": \"product_info\"}, {\"label\": \"转人工\", \"value\": \"transfer_manual\"}]',NULL,NULL,NULL,NULL,0,'2026-05-25 18:27:32'),(194,'3dbb420f52a046a8a6f32e479c5c74d0','text','bot',NULL,NULL,NULL,'您好！欢迎使用空白格AI客服，请问有什么可以帮您？',NULL,NULL,NULL,NULL,NULL,NULL,NULL,NULL,0,'2026-05-25 18:58:09'),(195,'3dbb420f52a046a8a6f32e479c5c74d0','quick_reply','bot',NULL,NULL,NULL,'请问有什么可以帮您？',NULL,NULL,NULL,'[{\"label\": \"查订单\", \"value\": \"query_order\"}, {\"label\": \"申请退货\", \"value\": \"refund\"}, {\"label\": \"产品咨询\", \"value\": \"product_info\"}, {\"label\": \"转人工\", \"value\": \"transfer_manual\"}]',NULL,NULL,NULL,NULL,0,'2026-05-25 18:58:09'),(196,'5c6dcfa5ad924fb5b13483de64fd819a','text','bot',NULL,NULL,NULL,'您好！欢迎使用空白格AI客服，请问有什么可以帮您？',NULL,NULL,NULL,NULL,NULL,NULL,NULL,NULL,0,'2026-05-25 19:01:08'),(197,'5c6dcfa5ad924fb5b13483de64fd819a','quick_reply','bot',NULL,NULL,NULL,'请问有什么可以帮您？',NULL,NULL,NULL,'[{\"label\": \"查订单\", \"value\": \"query_order\"}, {\"label\": \"申请退货\", \"value\": \"refund\"}, {\"label\": \"产品咨询\", \"value\": \"product_info\"}, {\"label\": \"转人工\", \"value\": \"transfer_manual\"}]',NULL,NULL,NULL,NULL,0,'2026-05-25 19:01:08'),(198,'7147cfec26764136a011ed8117deaed9','text','bot',NULL,NULL,NULL,'您好！欢迎使用空白格AI客服，请问有什么可以帮您？',NULL,NULL,NULL,NULL,NULL,NULL,NULL,NULL,0,'2026-05-25 19:19:47'),(199,'7147cfec26764136a011ed8117deaed9','quick_reply','bot',NULL,NULL,NULL,'请问有什么可以帮您？',NULL,NULL,NULL,'[{\"label\": \"查订单\", \"value\": \"query_order\"}, {\"label\": \"申请退货\", \"value\": \"refund\"}, {\"label\": \"产品咨询\", \"value\": \"product_info\"}, {\"label\": \"转人工\", \"value\": \"transfer_manual\"}]',NULL,NULL,NULL,NULL,0,'2026-05-25 19:19:47'),(200,'bc08c4c4d794408e99dc4df439fff0de','text','bot',NULL,NULL,NULL,'您好！欢迎使用空白格AI客服，请问有什么可以帮您？',NULL,NULL,NULL,NULL,NULL,NULL,NULL,NULL,0,'2026-05-25 19:42:01'),(201,'bc08c4c4d794408e99dc4df439fff0de','quick_reply','bot',NULL,NULL,NULL,'请问有什么可以帮您？',NULL,NULL,NULL,'[{\"label\": \"查订单\", \"value\": \"query_order\"}, {\"label\": \"申请退货\", \"value\": \"refund\"}, {\"label\": \"产品咨询\", \"value\": \"product_info\"}, {\"label\": \"转人工\", \"value\": \"transfer_manual\"}]',NULL,NULL,NULL,NULL,0,'2026-05-25 19:42:01'),(202,'4606922762ec4eb9be4519fc41f2ab1c','text','bot',NULL,NULL,NULL,'您好！欢迎使用空白格AI客服，请问有什么可以帮您？',NULL,NULL,NULL,NULL,NULL,NULL,NULL,NULL,0,'2026-05-25 19:49:38'),(203,'4606922762ec4eb9be4519fc41f2ab1c','quick_reply','bot',NULL,NULL,NULL,'请问有什么可以帮您？',NULL,NULL,NULL,'[{\"label\": \"查订单\", \"value\": \"query_order\"}, {\"label\": \"申请退货\", \"value\": \"refund\"}, {\"label\": \"产品咨询\", \"value\": \"product_info\"}, {\"label\": \"转人工\", \"value\": \"transfer_manual\"}]',NULL,NULL,NULL,NULL,0,'2026-05-25 19:49:38'),(204,'9bf0bb9c3e444559bc638f272f803823','text','bot',NULL,NULL,NULL,'您好！欢迎使用空白格AI客服，请问有什么可以帮您？',NULL,NULL,NULL,NULL,NULL,NULL,NULL,NULL,0,'2026-05-25 20:05:33'),(205,'9bf0bb9c3e444559bc638f272f803823','quick_reply','bot',NULL,NULL,NULL,'请问有什么可以帮您？',NULL,NULL,NULL,'[{\"label\": \"查订单\", \"value\": \"query_order\"}, {\"label\": \"申请退货\", \"value\": \"refund\"}, {\"label\": \"产品咨询\", \"value\": \"product_info\"}, {\"label\": \"转人工\", \"value\": \"transfer_manual\"}]',NULL,NULL,NULL,NULL,0,'2026-05-25 20:05:33'),(206,'99f1ec307c8f47a588b5dbe434784044','text','bot',NULL,NULL,NULL,'您好！欢迎使用空白格AI客服，请问有什么可以帮您？',NULL,NULL,NULL,NULL,NULL,NULL,NULL,NULL,0,'2026-05-25 20:46:34'),(207,'99f1ec307c8f47a588b5dbe434784044','quick_reply','bot',NULL,NULL,NULL,'请问有什么可以帮您？',NULL,NULL,NULL,'[{\"label\": \"查订单\", \"value\": \"query_order\"}, {\"label\": \"申请退货\", \"value\": \"refund\"}, {\"label\": \"产品咨询\", \"value\": \"product_info\"}, {\"label\": \"转人工\", \"value\": \"transfer_manual\"}]',NULL,NULL,NULL,NULL,0,'2026-05-25 20:46:34'),(208,'88fdca42106449a79b9710f125dd8da4','text','bot',NULL,NULL,NULL,'您好！欢迎使用空白格AI客服，请问有什么可以帮您？',NULL,NULL,NULL,NULL,NULL,NULL,NULL,NULL,0,'2026-05-25 20:52:33'),(209,'88fdca42106449a79b9710f125dd8da4','quick_reply','bot',NULL,NULL,NULL,'请问有什么可以帮您？',NULL,NULL,NULL,'[{\"label\": \"查订单\", \"value\": \"query_order\"}, {\"label\": \"申请退货\", \"value\": \"refund\"}, {\"label\": \"产品咨询\", \"value\": \"product_info\"}, {\"label\": \"转人工\", \"value\": \"transfer_manual\"}]',NULL,NULL,NULL,NULL,0,'2026-05-25 20:52:33'),(210,'8a667847d305427da92917f029802bce','text','bot',NULL,NULL,NULL,'您好！欢迎使用空白格AI客服，请问有什么可以帮您？',NULL,NULL,NULL,NULL,NULL,NULL,NULL,NULL,0,'2026-05-25 21:18:02'),(211,'8a667847d305427da92917f029802bce','quick_reply','bot',NULL,NULL,NULL,'请问有什么可以帮您？',NULL,NULL,NULL,'[{\"label\": \"查订单\", \"value\": \"query_order\"}, {\"label\": \"申请退货\", \"value\": \"refund\"}, {\"label\": \"产品咨询\", \"value\": \"product_info\"}, {\"label\": \"转人工\", \"value\": \"transfer_manual\"}]',NULL,NULL,NULL,NULL,0,'2026-05-25 21:18:02'),(212,'637220225ff1480f88a15b666604d3a0','text','bot',NULL,NULL,NULL,'您好！欢迎使用空白格AI客服，请问有什么可以帮您？',NULL,NULL,NULL,NULL,NULL,NULL,NULL,NULL,0,'2026-05-25 21:40:41'),(213,'637220225ff1480f88a15b666604d3a0','quick_reply','bot',NULL,NULL,NULL,'请问有什么可以帮您？',NULL,NULL,NULL,'[{\"label\": \"查订单\", \"value\": \"query_order\"}, {\"label\": \"申请退货\", \"value\": \"refund\"}, {\"label\": \"产品咨询\", \"value\": \"product_info\"}, {\"label\": \"转人工\", \"value\": \"transfer_manual\"}]',NULL,NULL,NULL,NULL,0,'2026-05-25 21:40:41'),(214,'4cd3d2c9e15d43719d7387296f86f965','text','bot',NULL,NULL,NULL,'您好！欢迎使用空白格AI客服，请问有什么可以帮您？',NULL,NULL,NULL,NULL,NULL,NULL,NULL,NULL,0,'2026-05-25 21:48:51'),(215,'4cd3d2c9e15d43719d7387296f86f965','quick_reply','bot',NULL,NULL,NULL,'请问有什么可以帮您？',NULL,NULL,NULL,'[{\"label\": \"查订单\", \"value\": \"query_order\"}, {\"label\": \"申请退货\", \"value\": \"refund\"}, {\"label\": \"产品咨询\", \"value\": \"product_info\"}, {\"label\": \"转人工\", \"value\": \"transfer_manual\"}]',NULL,NULL,NULL,NULL,0,'2026-05-25 21:48:51'),(216,'4dcc3246cb6d4ce09cf10606dd5a5925','text','bot',NULL,NULL,NULL,'您好！欢迎使用空白格AI客服，请问有什么可以帮您？',NULL,NULL,NULL,NULL,NULL,NULL,NULL,NULL,0,'2026-05-25 22:35:33'),(217,'4dcc3246cb6d4ce09cf10606dd5a5925','quick_reply','bot',NULL,NULL,NULL,'请问有什么可以帮您？',NULL,NULL,NULL,'[{\"label\": \"查订单\", \"value\": \"query_order\"}, {\"label\": \"申请退货\", \"value\": \"refund\"}, {\"label\": \"产品咨询\", \"value\": \"product_info\"}, {\"label\": \"转人工\", \"value\": \"transfer_manual\"}]',NULL,NULL,NULL,NULL,0,'2026-05-25 22:35:33'),(218,'2a1f475ea1ce428e8e3c0f4fbb04742e','text','bot',NULL,NULL,NULL,'您好！欢迎使用空白格AI客服，请问有什么可以帮您？',NULL,NULL,NULL,NULL,NULL,NULL,NULL,NULL,0,'2026-05-26 06:53:23'),(219,'2a1f475ea1ce428e8e3c0f4fbb04742e','quick_reply','bot',NULL,NULL,NULL,'请问有什么可以帮您？',NULL,NULL,NULL,'[{\"label\": \"查订单\", \"value\": \"query_order\"}, {\"label\": \"申请退货\", \"value\": \"refund\"}, {\"label\": \"产品咨询\", \"value\": \"product_info\"}, {\"label\": \"转人工\", \"value\": \"transfer_manual\"}]',NULL,NULL,NULL,NULL,0,'2026-05-26 06:53:23'),(220,'1981a69ec5c0468296cbb048cc4a9eb7','text','bot',NULL,NULL,NULL,'您好！欢迎使用空白格AI客服，请问有什么可以帮您？',NULL,NULL,NULL,NULL,NULL,NULL,NULL,NULL,0,'2026-05-31 12:06:02'),(221,'1981a69ec5c0468296cbb048cc4a9eb7','quick_reply','bot',NULL,NULL,NULL,'请问有什么可以帮您？',NULL,NULL,NULL,'[{\"label\": \"查订单\", \"value\": \"query_order\"}, {\"label\": \"申请退货\", \"value\": \"refund\"}, {\"label\": \"产品咨询\", \"value\": \"product_info\"}, {\"label\": \"转人工\", \"value\": \"transfer_manual\"}]',NULL,NULL,NULL,NULL,0,'2026-05-31 12:06:02'),(222,'8e52d36d76764152aef215608893d886','text','bot',NULL,NULL,NULL,'您好！欢迎使用空白格AI客服，请问有什么可以帮您？',NULL,NULL,NULL,NULL,NULL,NULL,NULL,NULL,0,'2026-05-31 12:26:07'),(223,'8e52d36d76764152aef215608893d886','quick_reply','bot',NULL,NULL,NULL,'请问有什么可以帮您？',NULL,NULL,NULL,'[{\"label\": \"查订单\", \"value\": \"query_order\"}, {\"label\": \"申请退货\", \"value\": \"refund\"}, {\"label\": \"产品咨询\", \"value\": \"product_info\"}, {\"label\": \"转人工\", \"value\": \"transfer_manual\"}]',NULL,NULL,NULL,NULL,0,'2026-05-31 12:26:07'),(224,'3033fbed0a1545d08014d38abf5f807a','text','bot',NULL,NULL,NULL,'您好！欢迎使用空白格AI客服，请问有什么可以帮您？',NULL,NULL,NULL,NULL,NULL,NULL,NULL,NULL,0,'2026-06-01 15:20:23'),(225,'3033fbed0a1545d08014d38abf5f807a','quick_reply','bot',NULL,NULL,NULL,'请问有什么可以帮您？',NULL,NULL,NULL,'[{\"label\": \"查订单\", \"value\": \"query_order\"}, {\"label\": \"申请退货\", \"value\": \"refund\"}, {\"label\": \"产品咨询\", \"value\": \"product_info\"}, {\"label\": \"转人工\", \"value\": \"transfer_manual\"}]',NULL,NULL,NULL,NULL,0,'2026-06-01 15:20:23'),(226,'4d14c8430e0a4fedabb657aab1289438','text','bot',NULL,NULL,NULL,'您好！欢迎使用空白格AI客服，请问有什么可以帮您？',NULL,NULL,NULL,NULL,NULL,NULL,NULL,NULL,0,'2026-06-01 15:20:29'),(227,'4d14c8430e0a4fedabb657aab1289438','quick_reply','bot',NULL,NULL,NULL,'请问有什么可以帮您？',NULL,NULL,NULL,'[{\"label\": \"查订单\", \"value\": \"query_order\"}, {\"label\": \"申请退货\", \"value\": \"refund\"}, {\"label\": \"产品咨询\", \"value\": \"product_info\"}, {\"label\": \"转人工\", \"value\": \"transfer_manual\"}]',NULL,NULL,NULL,NULL,0,'2026-06-01 15:20:29'),(228,'999','text','user',NULL,NULL,NULL,'你好，我想了解一下你们的产品',NULL,NULL,NULL,NULL,NULL,NULL,NULL,NULL,0,'2026-06-01 19:06:16'),(229,'999','text','ai',NULL,NULL,NULL,'您好！很高兴为您服务！我们空白格·AI 公司主要提供智能客服系统解决方案，包括自然语言处理、多轮对话管理、知识库自动匹配等功能，可以帮助企业提升客户服务效率。您是想了解某个具体功能，还是想看看适合您场景的解决方案呢？',NULL,NULL,NULL,NULL,NULL,NULL,NULL,NULL,0,'2026-06-01 19:06:19'),(230,'12345','text','user',NULL,NULL,NULL,'你好',NULL,NULL,NULL,NULL,NULL,NULL,NULL,NULL,0,'2026-06-01 19:17:04'),(231,'12345','text','ai',NULL,NULL,NULL,'抱歉，AI 服务暂时不可用，请稍后再试。（错误码：401）',NULL,NULL,NULL,NULL,NULL,NULL,NULL,NULL,0,'2026-06-01 19:17:06'),(232,'12345','text','user',NULL,NULL,NULL,'你好',NULL,NULL,NULL,NULL,NULL,NULL,NULL,NULL,0,'2026-06-01 19:19:03'),(233,'12345','text','ai',NULL,NULL,NULL,'抱歉，AI 服务暂时不可用，请稍后再试。（错误码：401）',NULL,NULL,NULL,NULL,NULL,NULL,NULL,NULL,0,'2026-06-01 19:19:05'),(234,'12345','text','user',NULL,NULL,NULL,'你好',NULL,NULL,NULL,NULL,NULL,NULL,NULL,NULL,0,'2026-06-01 19:20:41'),(235,'12345','text','ai',NULL,NULL,NULL,'抱歉，AI 服务暂时不可用，请稍后再试。（错误码：401）',NULL,NULL,NULL,NULL,NULL,NULL,NULL,NULL,0,'2026-06-01 19:20:42'),(236,'12345','text','user',NULL,NULL,NULL,'你好',NULL,NULL,NULL,NULL,NULL,NULL,NULL,NULL,0,'2026-06-01 19:22:55'),(237,'12345','text','ai',NULL,NULL,NULL,'抱歉，AI 服务暂时不可用，请稍后再试。（错误码：401）',NULL,NULL,NULL,NULL,NULL,NULL,NULL,NULL,0,'2026-06-01 19:22:56'),(238,'12345','text','user',NULL,NULL,NULL,'你好',NULL,NULL,NULL,NULL,NULL,NULL,NULL,NULL,0,'2026-06-01 19:24:39'),(239,'12345','text','ai',NULL,NULL,NULL,'抱歉，AI 服务暂时不可用，请稍后再试。（错误码：401）',NULL,NULL,NULL,NULL,NULL,NULL,NULL,NULL,0,'2026-06-01 19:24:41'),(240,'12345','text','user',NULL,NULL,NULL,'你好',NULL,NULL,NULL,NULL,NULL,NULL,NULL,NULL,0,'2026-06-01 19:33:34'),(241,'12345','text','ai',NULL,NULL,NULL,'抱歉，AI 服务暂时不可用，请稍后再试。（错误码：401）',NULL,NULL,NULL,NULL,NULL,NULL,NULL,NULL,0,'2026-06-01 19:33:36'),(242,'12345','text','user',NULL,NULL,NULL,'你好',NULL,NULL,NULL,NULL,NULL,NULL,NULL,NULL,0,'2026-06-01 19:35:16'),(243,'12345','text','ai',NULL,NULL,NULL,'抱歉，AI 服务暂时不可用，请稍后再试。（错误码：401）',NULL,NULL,NULL,NULL,NULL,NULL,NULL,NULL,0,'2026-06-01 19:35:19'),(244,'12345','text','user',NULL,NULL,NULL,'你好',NULL,NULL,NULL,NULL,NULL,NULL,NULL,NULL,0,'2026-06-01 19:36:21'),(245,'12345','text','ai',NULL,NULL,NULL,'抱歉，AI 服务暂时不可用，请稍后再试。（错误码：401）',NULL,NULL,NULL,NULL,NULL,NULL,NULL,NULL,0,'2026-06-01 19:36:22'),(246,'12345','text','user',NULL,NULL,NULL,'你好',NULL,NULL,NULL,NULL,NULL,NULL,NULL,NULL,0,'2026-06-01 20:43:16'),(247,'12345','text','ai',NULL,NULL,NULL,'您好！欢迎来到空白格·AI智能客服。请问有什么可以帮您的？',NULL,NULL,NULL,NULL,NULL,NULL,NULL,NULL,0,'2026-06-01 20:43:19'),(248,'test_web','text','user',NULL,NULL,NULL,'你好，测试 AI 对话',NULL,NULL,NULL,NULL,NULL,NULL,NULL,NULL,0,'2026-06-01 20:57:56'),(249,'test_web','text','ai',NULL,NULL,NULL,'您好！很高兴为您服务！请问有什么可以帮助您的？如果您需要了解空白格·AI 的产品或服务，请随时告诉我具体问题。',NULL,NULL,NULL,NULL,NULL,NULL,NULL,NULL,0,'2026-06-01 20:57:57'),(250,'test_browser','text','user',NULL,NULL,NULL,'你好，测试',NULL,NULL,NULL,NULL,NULL,NULL,NULL,NULL,0,'2026-06-01 21:15:02'),(251,'test_browser','text','ai',NULL,NULL,NULL,'您好！我是空白格·AI 智能客服助手，很高兴为您服务。请问有什么可以帮助您的？无论是产品咨询、技术支持还是其他问题，我都可以为您解答。',NULL,NULL,NULL,NULL,NULL,NULL,NULL,NULL,0,'2026-06-01 21:15:04'),(252,'ws-1780320518582','text','user',NULL,NULL,NULL,'你好',NULL,NULL,NULL,NULL,NULL,NULL,NULL,NULL,0,'2026-06-01 21:28:50'),(253,'ws-1780320518582','text','ai',NULL,NULL,NULL,'你好！很高兴为你服务，有什么可以帮你的吗？',NULL,NULL,NULL,NULL,NULL,NULL,NULL,NULL,0,'2026-06-01 21:28:51'),(254,'ws-1780320518582','text','user',NULL,NULL,NULL,'你是什么模型',NULL,NULL,NULL,NULL,NULL,NULL,NULL,NULL,0,'2026-06-01 21:28:59'),(255,'ws-1780320518582','text','ai',NULL,NULL,NULL,'你好！我是空白格·AI 公司的智能客服助手，基于先进的 AI 模型开发，专注于为你提供专业、高效的客服支持。如果有任何问题，欢迎随时告诉我！',NULL,NULL,NULL,NULL,NULL,NULL,NULL,NULL,0,'2026-06-01 21:29:00'),(256,'ws-1780320518582','text','user',NULL,NULL,NULL,'空白格公司是什么公司',NULL,NULL,NULL,NULL,NULL,NULL,NULL,NULL,0,'2026-06-01 21:31:06'),(257,'ws-1780320518582','text','ai',NULL,NULL,NULL,'你好！空白格·AI 公司是一家专注于人工智能技术研发与应用的高科技企业，主要提供智能客服系统、AI 解决方案及相关服务。如果你有具体产品或服务的问题，欢迎继续提问！',NULL,NULL,NULL,NULL,NULL,NULL,NULL,NULL,0,'2026-06-01 21:31:07'),(258,'ws-1780320518582','text','user',NULL,NULL,NULL,'你会什么',NULL,NULL,NULL,NULL,NULL,NULL,NULL,NULL,0,'2026-06-01 21:31:13'),(259,'ws-1780320518582','text','ai',NULL,NULL,NULL,'你好！我可以帮你解答关于空白格·AI 公司智能客服系统的问题，例如产品功能、使用方法、常见问题等。如果有其他问题，也可以直接问我哦！',NULL,NULL,NULL,NULL,NULL,NULL,NULL,NULL,0,'2026-06-01 21:31:14'),(260,'ws-1780320518582','text','user',NULL,NULL,NULL,'常见问题',NULL,NULL,NULL,NULL,NULL,NULL,NULL,NULL,0,'2026-06-01 21:31:20'),(261,'ws-1780320518582','text','ai',NULL,NULL,NULL,'你好！以下是我们公司智能客服系统的常见问题解答，供你参考：\n\n1. **如何开始使用智能客服系统？**  \n   注册账号后，可登录系统后台，根据指引配置并部署到你的网站或应用中。\n\n2. **系统支持哪些功能？**  \n   支持自动回复、多轮对话、知识库管理、数据分析、人工转接等。\n\n3. **如何更新知识库？**  \n   在后台“知识库”模块中，可以添加、编辑或批量导入常见问题及答案。\n\n4. **是否支持多语言？**  \n   支持中文、英文等多种语言，可根据需求设置。\n\n5. **遇到技术问题怎么办？**  \n   可联系技术支持团队，我们提供邮件、在线聊天或电话支持。\n\n如果需要更详细的帮助，请告诉我具体问题，我会进一步解答！',NULL,NULL,NULL,NULL,NULL,NULL,NULL,NULL,0,'2026-06-01 21:31:23'),(262,'ws-1780320518582','text','user',NULL,NULL,NULL,'使用办法',NULL,NULL,NULL,NULL,NULL,NULL,NULL,NULL,0,'2026-06-01 21:31:33'),(263,'ws-1780320518582','text','ai',NULL,NULL,NULL,'你好！以下是空白格·AI 智能客服系统的使用办法：\n\n1. **注册与登录**  \n   访问官网，注册企业账号并登录后台。\n\n2. **配置系统**  \n   - 在“知识库”中上传常见问题及答案。  \n   - 设置自动回复、转人工规则等。\n\n3. **部署到平台**  \n   将系统嵌入网站、App 或微信等渠道（后台提供代码或插件）。\n\n4. **测试与优化**  \n   模拟用户提问，测试回复效果，并根据数据调整知识库。\n\n5. **人工客服管理**  \n   如需人工介入，系统会自动转接，客服可在后台实时回复。\n\n如需更详细的步骤或遇到问题，请告诉我具体场景，我会进一步协助你！',NULL,NULL,NULL,NULL,NULL,NULL,NULL,NULL,0,'2026-06-01 21:31:35'),(264,'ws-1780320981039','text','user',NULL,NULL,NULL,'价格多少',NULL,NULL,NULL,NULL,NULL,NULL,NULL,NULL,0,'2026-06-01 21:36:33'),(265,'ws-1780320981039','text','ai',NULL,NULL,NULL,'您好，请问您具体想了解哪项服务或产品的价格呢？比如AI客服系统、智能对话模型或其他功能，我可以为您详细说明。',NULL,NULL,NULL,NULL,NULL,NULL,NULL,NULL,0,'2026-06-01 21:36:34'),(266,'ws-1780320981039','text','user',NULL,NULL,NULL,'你好',NULL,NULL,NULL,NULL,NULL,NULL,NULL,NULL,0,'2026-06-01 21:50:04'),(267,'ws-1780320981039','text','ai',NULL,NULL,NULL,'您好，我们提供多种价格方案，根据您的使用需求（如对话次数、功能模块、定制化程度等）有所不同。通常基础版年费为 2,999 元起，企业版可按需定制。您能简单描述一下您的使用场景或预计的对话量吗？这样我可以帮您推荐更合适的方案。',NULL,NULL,NULL,NULL,NULL,NULL,NULL,NULL,0,'2026-06-01 21:50:06'),(268,'ws-1780323804525','text','user',NULL,NULL,NULL,'你们公司主营什么业务',NULL,NULL,NULL,NULL,NULL,NULL,NULL,NULL,0,'2026-06-01 22:25:26'),(269,'ws-1780323804525','text','ai',NULL,NULL,NULL,'我们公司“空白格·AI”专注于提供智能客服解决方案，包括AI对话系统、自动化回复工具和数据分析服务，帮助企业提升客户沟通效率。请问您想了解具体哪方面？',NULL,NULL,NULL,NULL,NULL,NULL,NULL,NULL,0,'2026-06-01 22:25:28'),(270,'ws-1780323804525','text','user',NULL,NULL,NULL,'这套系统多少钱',NULL,NULL,NULL,NULL,NULL,NULL,NULL,NULL,0,'2026-06-01 22:25:41'),(271,'ws-1780323804525','text','ai',NULL,NULL,NULL,'我们公司“空白格·AI”主要提供智能客服系统，包括AI对话机器人、自动化工单处理、数据分析与优化服务，帮助企业提升客户服务效率。关于价格，具体费用取决于您需要的功能模块、用户数量和使用规模。建议您提供更多需求细节（如每日咨询量、行业类型等），我可以为您初步估算。或者，您也可以直接联系我们的销售团队获取详细报价。',NULL,NULL,NULL,NULL,NULL,NULL,NULL,NULL,0,'2026-06-01 22:25:43'),(272,'ws-1780323804525','text','user',NULL,NULL,NULL,'你觉得这套系统多少钱合适',NULL,NULL,NULL,NULL,NULL,NULL,NULL,NULL,0,'2026-06-01 22:26:04'),(273,'ws-1780323804525','text','ai',NULL,NULL,NULL,'我们公司“空白格·AI”主要提供智能客服系统，涵盖AI对话机器人、自动化工单处理、数据分析与优化服务，帮助企业提升客户服务效率。关于价格，具体费用取决于您的需求（如功能模块、用户数量或使用规模）。建议您简要说明业务场景（例如行业类型、日均咨询量等），我可以为您初步估算。或者，您可以直接联系我们的销售团队获取定制报价。',NULL,NULL,NULL,NULL,NULL,NULL,NULL,NULL,0,'2026-06-01 22:26:05'),(274,'test20260601','text','user',NULL,NULL,NULL,'我要查订单',NULL,NULL,NULL,NULL,NULL,NULL,NULL,NULL,0,'2026-06-01 23:07:13'),(275,'test20260601','text','ai',NULL,NULL,NULL,'您好！请问您想查询哪个订单呢？可以提供订单号或下单时使用的手机号/邮箱，我来帮您查找。',NULL,NULL,NULL,NULL,NULL,NULL,NULL,NULL,0,'2026-06-01 23:07:16'),(276,'test_intent_001','text','user',NULL,NULL,NULL,'我要投诉你们',NULL,NULL,NULL,NULL,NULL,NULL,NULL,NULL,0,'2026-06-01 23:09:39'),(277,'test_intent_001','text','ai',NULL,NULL,NULL,'非常抱歉给您带来了不好的体验！请您详细描述一下您遇到的问题，或者需要投诉的具体内容（例如：服务、产品、技术问题等）。我会尽力帮您解决或记录反馈。如果问题复杂，我也会帮您转接人工客服。',NULL,NULL,NULL,NULL,NULL,NULL,NULL,NULL,0,'2026-06-01 23:09:43'),(278,'test_complaint','text','user',NULL,NULL,NULL,'我要投诉',NULL,NULL,NULL,NULL,NULL,NULL,NULL,NULL,0,'2026-06-01 23:18:02'),(279,'test_complaint','text','ai',NULL,NULL,NULL,'您好，很抱歉听到您有不愉快的体验。请问您能具体描述一下您遇到的问题吗？比如是关于产品、服务还是其他方面？这样我可以更好地帮您处理或转接给人工客服。',NULL,NULL,NULL,NULL,NULL,NULL,NULL,NULL,0,'2026-06-01 23:18:06'),(280,'x','text','user',NULL,NULL,NULL,'hi',NULL,NULL,NULL,NULL,NULL,NULL,NULL,NULL,0,'2026-06-01 23:25:38'),(281,'x','text','ai',NULL,NULL,NULL,'你好！欢迎来到空白格·AI 智能客服系统，有什么可以帮你的吗？',NULL,NULL,NULL,NULL,NULL,NULL,NULL,NULL,0,'2026-06-01 23:25:41'),(282,'ws-1780355371209','text','user',NULL,NULL,NULL,'你好',NULL,NULL,NULL,NULL,NULL,NULL,NULL,NULL,0,'2026-06-02 07:09:52'),(283,'ws-1780355371209','text','ai',NULL,NULL,NULL,'您好！欢迎来到空白格·AI 智能客服系统，很高兴为您服务！请问有什么可以帮助您的？',NULL,NULL,NULL,NULL,NULL,NULL,NULL,NULL,0,'2026-06-02 07:09:53'),(284,'ws-1780355371209','text','user',NULL,NULL,NULL,'你们公司是做什么的',NULL,NULL,NULL,NULL,NULL,NULL,NULL,NULL,0,'2026-06-02 07:10:07'),(285,'ws-1780355371209','text','ai',NULL,NULL,NULL,'您好！空白格·AI 是一家专注于人工智能技术研发与应用的公司，主要提供智能客服系统、AI 解决方案及相关技术支持。如果您有具体需求或想了解更多，欢迎随时提问！',NULL,NULL,NULL,NULL,NULL,NULL,NULL,NULL,0,'2026-06-02 07:10:08'),(286,'ws-1780365415462','text','user',NULL,NULL,NULL,'我想查订单',NULL,NULL,NULL,NULL,NULL,NULL,NULL,NULL,0,'2026-06-02 09:57:09'),(287,'ws-1780365415462','text','ai',NULL,NULL,NULL,'您好！请问您是想查询哪个订单？可以提供订单号或者您的手机号/邮箱，我来帮您查找相关信息。',NULL,NULL,NULL,NULL,NULL,NULL,NULL,NULL,0,'2026-06-02 09:57:10'),(288,'ws-1780365415462','text','user',NULL,NULL,NULL,'2210335130@qq.com',NULL,NULL,NULL,NULL,NULL,NULL,NULL,NULL,0,'2026-06-02 09:57:18'),(289,'ws-1780365415462','text','ai',NULL,NULL,NULL,'好的，已收到您的邮箱：2210335130@qq.com。请问您能提供订单号、下单时间或者收货人姓名吗？这样我可以更准确地帮您查询订单状态。',NULL,NULL,NULL,NULL,NULL,NULL,NULL,NULL,0,'2026-06-02 09:57:19'),(290,'ws-1780365415462','text','user',NULL,NULL,NULL,'马晓东',NULL,NULL,NULL,NULL,NULL,NULL,NULL,NULL,0,'2026-06-02 09:57:26'),(291,'ws-1780365415462','text','ai',NULL,NULL,NULL,'好的，马晓东先生/女士，我这边马上为您查询订单信息。为了快速定位到您的订单，请提供您的**订单号**或**下单时使用的手机号**。',NULL,NULL,NULL,NULL,NULL,NULL,NULL,NULL,0,'2026-06-02 09:57:27'),(292,'fb00b768f4b34a768940c65e76e93102','text','bot',NULL,NULL,NULL,'您好！欢迎使用空白格AI客服，请问有什么可以帮您？',NULL,NULL,NULL,NULL,NULL,NULL,NULL,NULL,0,'2026-06-02 17:41:16'),(293,'fb00b768f4b34a768940c65e76e93102','quick_reply','bot',NULL,NULL,NULL,'请问有什么可以帮您？',NULL,NULL,NULL,'[{\"label\": \"查订单\", \"value\": \"query_order\"}, {\"label\": \"申请退货\", \"value\": \"refund\"}, {\"label\": \"产品咨询\", \"value\": \"product_info\"}, {\"label\": \"转人工\", \"value\": \"transfer_manual\"}]',NULL,NULL,NULL,NULL,0,'2026-06-02 17:41:17'),(294,'c21b12dd1225446d9d06613cbc9d58e2','text','bot',NULL,NULL,NULL,'您好！欢迎使用空白格AI客服，请问有什么可以帮您？',NULL,NULL,NULL,NULL,NULL,NULL,NULL,NULL,0,'2026-06-02 17:41:28'),(295,'c21b12dd1225446d9d06613cbc9d58e2','quick_reply','bot',NULL,NULL,NULL,'请问有什么可以帮您？',NULL,NULL,NULL,'[{\"label\": \"查订单\", \"value\": \"query_order\"}, {\"label\": \"申请退货\", \"value\": \"refund\"}, {\"label\": \"产品咨询\", \"value\": \"product_info\"}, {\"label\": \"转人工\", \"value\": \"transfer_manual\"}]',NULL,NULL,NULL,NULL,0,'2026-06-02 17:41:28'),(296,'9858fa7b13214077a5aa306af74e95ce','text','bot',NULL,NULL,NULL,'您好！欢迎使用空白格AI客服，请问有什么可以帮您？',NULL,NULL,NULL,NULL,NULL,NULL,NULL,NULL,0,'2026-06-02 17:50:19'),(297,'9858fa7b13214077a5aa306af74e95ce','quick_reply','bot',NULL,NULL,NULL,'请问有什么可以帮您？',NULL,NULL,NULL,'[{\"label\": \"查订单\", \"value\": \"query_order\"}, {\"label\": \"申请退货\", \"value\": \"refund\"}, {\"label\": \"产品咨询\", \"value\": \"product_info\"}, {\"label\": \"转人工\", \"value\": \"transfer_manual\"}]',NULL,NULL,NULL,NULL,0,'2026-06-02 17:50:20'),(298,'44872433f2e646048626c6007822258b','text','bot',NULL,NULL,NULL,'您好！欢迎使用空白格AI客服，请问有什么可以帮您？',NULL,NULL,NULL,NULL,NULL,NULL,NULL,NULL,0,'2026-06-02 17:50:47'),(299,'44872433f2e646048626c6007822258b','quick_reply','bot',NULL,NULL,NULL,'请问有什么可以帮您？',NULL,NULL,NULL,'[{\"label\": \"查订单\", \"value\": \"query_order\"}, {\"label\": \"申请退货\", \"value\": \"refund\"}, {\"label\": \"产品咨询\", \"value\": \"product_info\"}, {\"label\": \"转人工\", \"value\": \"transfer_manual\"}]',NULL,NULL,NULL,NULL,0,'2026-06-02 17:50:47'),(300,'a243d55824f84189aea9811486ae0272','text','bot',NULL,NULL,NULL,'您好！欢迎使用空白格AI客服，请问有什么可以帮您？',NULL,NULL,NULL,NULL,NULL,NULL,NULL,NULL,0,'2026-06-02 17:59:39'),(301,'a243d55824f84189aea9811486ae0272','quick_reply','bot',NULL,NULL,NULL,'请问有什么可以帮您？',NULL,NULL,NULL,'[{\"label\": \"查订单\", \"value\": \"query_order\"}, {\"label\": \"申请退货\", \"value\": \"refund\"}, {\"label\": \"产品咨询\", \"value\": \"product_info\"}, {\"label\": \"转人工\", \"value\": \"transfer_manual\"}]',NULL,NULL,NULL,NULL,0,'2026-06-02 17:59:39'),(302,'f3b607198fc34f8a92b879619dee3e95','text','bot',NULL,NULL,NULL,'您好！欢迎使用空白格AI客服，请问有什么可以帮您？',NULL,NULL,NULL,NULL,NULL,NULL,NULL,NULL,0,'2026-06-02 17:59:51'),(303,'f3b607198fc34f8a92b879619dee3e95','quick_reply','bot',NULL,NULL,NULL,'请问有什么可以帮您？',NULL,NULL,NULL,'[{\"label\": \"查订单\", \"value\": \"query_order\"}, {\"label\": \"申请退货\", \"value\": \"refund\"}, {\"label\": \"产品咨询\", \"value\": \"product_info\"}, {\"label\": \"转人工\", \"value\": \"transfer_manual\"}]',NULL,NULL,NULL,NULL,0,'2026-06-02 17:59:51'),(304,'18a52ff7b8bf43b59f7ee266aa6f14fe','text','bot',NULL,NULL,NULL,'您好！欢迎使用空白格AI客服，请问有什么可以帮您？',NULL,NULL,NULL,NULL,NULL,NULL,NULL,NULL,0,'2026-06-02 18:00:12'),(305,'18a52ff7b8bf43b59f7ee266aa6f14fe','quick_reply','bot',NULL,NULL,NULL,'请问有什么可以帮您？',NULL,NULL,NULL,'[{\"label\": \"查订单\", \"value\": \"query_order\"}, {\"label\": \"申请退货\", \"value\": \"refund\"}, {\"label\": \"产品咨询\", \"value\": \"product_info\"}, {\"label\": \"转人工\", \"value\": \"transfer_manual\"}]',NULL,NULL,NULL,NULL,0,'2026-06-02 18:00:12'),(306,'628bd3f9b5f84c359dc39e1abaf6e4bf','text','bot',NULL,NULL,NULL,'您好！欢迎使用空白格AI客服，请问有什么可以帮您？',NULL,NULL,NULL,NULL,NULL,NULL,NULL,NULL,0,'2026-06-02 18:02:48'),(307,'628bd3f9b5f84c359dc39e1abaf6e4bf','quick_reply','bot',NULL,NULL,NULL,'请问有什么可以帮您？',NULL,NULL,NULL,'[{\"label\": \"查订单\", \"value\": \"query_order\"}, {\"label\": \"申请退货\", \"value\": \"refund\"}, {\"label\": \"产品咨询\", \"value\": \"product_info\"}, {\"label\": \"转人工\", \"value\": \"transfer_manual\"}]',NULL,NULL,NULL,NULL,0,'2026-06-02 18:02:48'),(308,'e38874be45f040039d1f2941b5902b21','text','bot',NULL,NULL,NULL,'您好！欢迎使用空白格AI客服，请问有什么可以帮您？',NULL,NULL,NULL,NULL,NULL,NULL,NULL,NULL,0,'2026-06-02 18:24:17'),(309,'e38874be45f040039d1f2941b5902b21','quick_reply','bot',NULL,NULL,NULL,'请问有什么可以帮您？',NULL,NULL,NULL,'[{\"label\": \"查订单\", \"value\": \"query_order\"}, {\"label\": \"申请退货\", \"value\": \"refund\"}, {\"label\": \"产品咨询\", \"value\": \"product_info\"}, {\"label\": \"转人工\", \"value\": \"transfer_manual\"}]',NULL,NULL,NULL,NULL,0,'2026-06-02 18:24:17'),(310,'9d57a22143d64ac785343fbdca6a58f1','text','bot',NULL,NULL,NULL,'您好！欢迎使用空白格AI客服，请问有什么可以帮您？',NULL,NULL,NULL,NULL,NULL,NULL,NULL,NULL,0,'2026-06-02 18:24:35'),(311,'9d57a22143d64ac785343fbdca6a58f1','quick_reply','bot',NULL,NULL,NULL,'请问有什么可以帮您？',NULL,NULL,NULL,'[{\"label\": \"查订单\", \"value\": \"query_order\"}, {\"label\": \"申请退货\", \"value\": \"refund\"}, {\"label\": \"产品咨询\", \"value\": \"product_info\"}, {\"label\": \"转人工\", \"value\": \"transfer_manual\"}]',NULL,NULL,NULL,NULL,0,'2026-06-02 18:24:35'),(312,'182f3ce1272148428862bcf8ef41c2f9','text','bot',NULL,NULL,NULL,'您好！欢迎使用空白格AI客服，请问有什么可以帮您？',NULL,NULL,NULL,NULL,NULL,NULL,NULL,NULL,0,'2026-06-02 18:32:57'),(313,'182f3ce1272148428862bcf8ef41c2f9','quick_reply','bot',NULL,NULL,NULL,'请问有什么可以帮您？',NULL,NULL,NULL,'[{\"label\": \"查订单\", \"value\": \"query_order\"}, {\"label\": \"申请退货\", \"value\": \"refund\"}, {\"label\": \"产品咨询\", \"value\": \"product_info\"}, {\"label\": \"转人工\", \"value\": \"transfer_manual\"}]',NULL,NULL,NULL,NULL,0,'2026-06-02 18:32:57'),(314,'1ed46c51ddd544df949304b678f693a4','text','bot',NULL,NULL,NULL,'您好！欢迎使用空白格AI客服，请问有什么可以帮您？',NULL,NULL,NULL,NULL,NULL,NULL,NULL,NULL,0,'2026-06-02 18:39:49'),(315,'1ed46c51ddd544df949304b678f693a4','quick_reply','bot',NULL,NULL,NULL,'请问有什么可以帮您？',NULL,NULL,NULL,'[{\"label\": \"查订单\", \"value\": \"query_order\"}, {\"label\": \"申请退货\", \"value\": \"refund\"}, {\"label\": \"产品咨询\", \"value\": \"product_info\"}, {\"label\": \"转人工\", \"value\": \"transfer_manual\"}]',NULL,NULL,NULL,NULL,0,'2026-06-02 18:39:49'),(316,'9a93e9ed06bd4749a9fbcd00b19bf36e','text','bot',NULL,NULL,NULL,'您好！欢迎使用空白格AI客服，请问有什么可以帮您？',NULL,NULL,NULL,NULL,NULL,NULL,NULL,NULL,0,'2026-06-02 18:40:44'),(317,'9a93e9ed06bd4749a9fbcd00b19bf36e','quick_reply','bot',NULL,NULL,NULL,'请问有什么可以帮您？',NULL,NULL,NULL,'[{\"label\": \"查订单\", \"value\": \"query_order\"}, {\"label\": \"申请退货\", \"value\": \"refund\"}, {\"label\": \"产品咨询\", \"value\": \"product_info\"}, {\"label\": \"转人工\", \"value\": \"transfer_manual\"}]',NULL,NULL,NULL,NULL,0,'2026-06-02 18:40:44'),(318,'f553a84cb18f4ed58a3ebee65b903691','text','bot',NULL,NULL,NULL,'您好！欢迎使用空白格AI客服，请问有什么可以帮您？',NULL,NULL,NULL,NULL,NULL,NULL,NULL,NULL,0,'2026-06-02 18:47:27'),(319,'f553a84cb18f4ed58a3ebee65b903691','quick_reply','bot',NULL,NULL,NULL,'请问有什么可以帮您？',NULL,NULL,NULL,'[{\"label\": \"查订单\", \"value\": \"query_order\"}, {\"label\": \"申请退货\", \"value\": \"refund\"}, {\"label\": \"产品咨询\", \"value\": \"product_info\"}, {\"label\": \"转人工\", \"value\": \"transfer_manual\"}]',NULL,NULL,NULL,NULL,0,'2026-06-02 18:47:27'),(320,'4a24961a24a247748a15fb91d559293d','text','bot',NULL,NULL,NULL,'您好！欢迎使用空白格AI客服，请问有什么可以帮您？',NULL,NULL,NULL,NULL,NULL,NULL,NULL,NULL,0,'2026-06-02 18:47:43'),(321,'4a24961a24a247748a15fb91d559293d','quick_reply','bot',NULL,NULL,NULL,'请问有什么可以帮您？',NULL,NULL,NULL,'[{\"label\": \"查订单\", \"value\": \"query_order\"}, {\"label\": \"申请退货\", \"value\": \"refund\"}, {\"label\": \"产品咨询\", \"value\": \"product_info\"}, {\"label\": \"转人工\", \"value\": \"transfer_manual\"}]',NULL,NULL,NULL,NULL,0,'2026-06-02 18:47:43'),(322,'23c65741877f4c28b374b4b36f932088','text','bot',NULL,NULL,NULL,'您好！欢迎使用空白格AI客服，请问有什么可以帮您？',NULL,NULL,NULL,NULL,NULL,NULL,NULL,NULL,0,'2026-06-02 18:50:14'),(323,'23c65741877f4c28b374b4b36f932088','quick_reply','bot',NULL,NULL,NULL,'请问有什么可以帮您？',NULL,NULL,NULL,'[{\"label\": \"查订单\", \"value\": \"query_order\"}, {\"label\": \"申请退货\", \"value\": \"refund\"}, {\"label\": \"产品咨询\", \"value\": \"product_info\"}, {\"label\": \"转人工\", \"value\": \"transfer_manual\"}]',NULL,NULL,NULL,NULL,0,'2026-06-02 18:50:14'),(324,'699f787990074cc89b4f9f394ce8746a','text','bot',NULL,NULL,NULL,'您好！欢迎使用空白格AI客服，请问有什么可以帮您？',NULL,NULL,NULL,NULL,NULL,NULL,NULL,NULL,0,'2026-06-02 18:50:37'),(325,'699f787990074cc89b4f9f394ce8746a','quick_reply','bot',NULL,NULL,NULL,'请问有什么可以帮您？',NULL,NULL,NULL,'[{\"label\": \"查订单\", \"value\": \"query_order\"}, {\"label\": \"申请退货\", \"value\": \"refund\"}, {\"label\": \"产品咨询\", \"value\": \"product_info\"}, {\"label\": \"转人工\", \"value\": \"transfer_manual\"}]',NULL,NULL,NULL,NULL,0,'2026-06-02 18:50:37'),(326,'09f27448f3b54702ac530033fc0b725e','text','bot',NULL,NULL,NULL,'您好！欢迎使用空白格AI客服，请问有什么可以帮您？',NULL,NULL,NULL,NULL,NULL,NULL,NULL,NULL,0,'2026-06-02 18:51:24'),(327,'09f27448f3b54702ac530033fc0b725e','quick_reply','bot',NULL,NULL,NULL,'请问有什么可以帮您？',NULL,NULL,NULL,'[{\"label\": \"查订单\", \"value\": \"query_order\"}, {\"label\": \"申请退货\", \"value\": \"refund\"}, {\"label\": \"产品咨询\", \"value\": \"product_info\"}, {\"label\": \"转人工\", \"value\": \"transfer_manual\"}]',NULL,NULL,NULL,NULL,0,'2026-06-02 18:51:24'),(328,'ca2f8db40e104f82ba95a8bc1dd8e5d3','text','bot',NULL,NULL,NULL,'您好！欢迎使用空白格AI客服，请问有什么可以帮您？',NULL,NULL,NULL,NULL,NULL,NULL,NULL,NULL,0,'2026-06-02 18:59:50'),(329,'ca2f8db40e104f82ba95a8bc1dd8e5d3','quick_reply','bot',NULL,NULL,NULL,'请问有什么可以帮您？',NULL,NULL,NULL,'[{\"label\": \"查订单\", \"value\": \"query_order\"}, {\"label\": \"申请退货\", \"value\": \"refund\"}, {\"label\": \"产品咨询\", \"value\": \"product_info\"}, {\"label\": \"转人工\", \"value\": \"transfer_manual\"}]',NULL,NULL,NULL,NULL,0,'2026-06-02 18:59:50'),(330,'e6c124e5eb38405c9ce65370fe5d7a2e','text','bot',NULL,NULL,NULL,'您好！欢迎使用空白格AI客服，请问有什么可以帮您？',NULL,NULL,NULL,NULL,NULL,NULL,NULL,NULL,0,'2026-06-02 19:24:01'),(331,'e6c124e5eb38405c9ce65370fe5d7a2e','quick_reply','bot',NULL,NULL,NULL,'请问有什么可以帮您？',NULL,NULL,NULL,'[{\"label\": \"查订单\", \"value\": \"query_order\"}, {\"label\": \"申请退货\", \"value\": \"refund\"}, {\"label\": \"产品咨询\", \"value\": \"product_info\"}, {\"label\": \"转人工\", \"value\": \"transfer_manual\"}]',NULL,NULL,NULL,NULL,0,'2026-06-02 19:24:01'),(332,'3fdfec8ab5b54c1ca4dae25a5453d75c','text','bot',NULL,NULL,NULL,'您好！欢迎使用空白格AI客服，请问有什么可以帮您？',NULL,NULL,NULL,NULL,NULL,NULL,NULL,NULL,0,'2026-06-02 19:24:26'),(333,'3fdfec8ab5b54c1ca4dae25a5453d75c','quick_reply','bot',NULL,NULL,NULL,'请问有什么可以帮您？',NULL,NULL,NULL,'[{\"label\": \"查订单\", \"value\": \"query_order\"}, {\"label\": \"申请退货\", \"value\": \"refund\"}, {\"label\": \"产品咨询\", \"value\": \"product_info\"}, {\"label\": \"转人工\", \"value\": \"transfer_manual\"}]',NULL,NULL,NULL,NULL,0,'2026-06-02 19:24:26'),(334,'37e7ca7785194a86aed02e935baf4f53','text','bot',NULL,NULL,NULL,'您好！欢迎使用空白格AI客服，请问有什么可以帮您？',NULL,NULL,NULL,NULL,NULL,NULL,NULL,NULL,0,'2026-06-02 19:33:06'),(335,'37e7ca7785194a86aed02e935baf4f53','quick_reply','bot',NULL,NULL,NULL,'请问有什么可以帮您？',NULL,NULL,NULL,'[{\"label\": \"查订单\", \"value\": \"query_order\"}, {\"label\": \"申请退货\", \"value\": \"refund\"}, {\"label\": \"产品咨询\", \"value\": \"product_info\"}, {\"label\": \"转人工\", \"value\": \"transfer_manual\"}]',NULL,NULL,NULL,NULL,0,'2026-06-02 19:33:06'),(336,'2bb2c9ce4e7b4455bfed0fd49db4b75b','text','bot',NULL,NULL,NULL,'您好！欢迎使用空白格AI客服，请问有什么可以帮您？',NULL,NULL,NULL,NULL,NULL,NULL,NULL,NULL,0,'2026-06-02 19:34:45'),(337,'2bb2c9ce4e7b4455bfed0fd49db4b75b','quick_reply','bot',NULL,NULL,NULL,'请问有什么可以帮您？',NULL,NULL,NULL,'[{\"label\": \"查订单\", \"value\": \"query_order\"}, {\"label\": \"申请退货\", \"value\": \"refund\"}, {\"label\": \"产品咨询\", \"value\": \"product_info\"}, {\"label\": \"转人工\", \"value\": \"transfer_manual\"}]',NULL,NULL,NULL,NULL,0,'2026-06-02 19:34:45'),(338,'b6498d0fb6c84731820b6e0e734596f3','text','bot',NULL,NULL,NULL,'您好！欢迎使用空白格AI客服，请问有什么可以帮您？',NULL,NULL,NULL,NULL,NULL,NULL,NULL,NULL,0,'2026-06-02 21:37:42'),(339,'b6498d0fb6c84731820b6e0e734596f3','quick_reply','bot',NULL,NULL,NULL,'请问有什么可以帮您？',NULL,NULL,NULL,'[{\"label\": \"查订单\", \"value\": \"query_order\"}, {\"label\": \"申请退货\", \"value\": \"refund\"}, {\"label\": \"产品咨询\", \"value\": \"product_info\"}, {\"label\": \"转人工\", \"value\": \"transfer_manual\"}]',NULL,NULL,NULL,NULL,0,'2026-06-02 21:37:42'),(340,'aa08b927030e4b0290651fe3454ec570','text','bot',NULL,NULL,NULL,'您好！欢迎使用空白格AI客服，请问有什么可以帮您？',NULL,NULL,NULL,NULL,NULL,NULL,NULL,NULL,0,'2026-06-02 22:20:54'),(341,'aa08b927030e4b0290651fe3454ec570','quick_reply','bot',NULL,NULL,NULL,'请问有什么可以帮您？',NULL,NULL,NULL,'[{\"label\": \"查订单\", \"value\": \"query_order\"}, {\"label\": \"申请退货\", \"value\": \"refund\"}, {\"label\": \"产品咨询\", \"value\": \"product_info\"}, {\"label\": \"转人工\", \"value\": \"transfer_manual\"}]',NULL,NULL,NULL,NULL,0,'2026-06-02 22:20:54'),(342,'f0c39b5ad25649679a742a5efb6e368c','text','bot',NULL,NULL,NULL,'您好！欢迎使用空白格AI客服，请问有什么可以帮您？',NULL,NULL,NULL,NULL,NULL,NULL,NULL,NULL,0,'2026-06-03 00:41:57'),(343,'f0c39b5ad25649679a742a5efb6e368c','quick_reply','bot',NULL,NULL,NULL,'请问有什么可以帮您？',NULL,NULL,NULL,'[{\"label\": \"查订单\", \"value\": \"query_order\"}, {\"label\": \"申请退货\", \"value\": \"refund\"}, {\"label\": \"产品咨询\", \"value\": \"product_info\"}, {\"label\": \"转人工\", \"value\": \"transfer_manual\"}]',NULL,NULL,NULL,NULL,0,'2026-06-03 00:41:57'),(344,'22e98405f7214b01893bb26d80ca6b49','text','bot',NULL,NULL,NULL,'您好！欢迎使用空白格AI客服，请问有什么可以帮您？',NULL,NULL,NULL,NULL,NULL,NULL,NULL,NULL,0,'2026-06-03 09:25:29'),(345,'22e98405f7214b01893bb26d80ca6b49','quick_reply','bot',NULL,NULL,NULL,'请问有什么可以帮您？',NULL,NULL,NULL,'[{\"label\": \"查订单\", \"value\": \"query_order\"}, {\"label\": \"申请退货\", \"value\": \"refund\"}, {\"label\": \"产品咨询\", \"value\": \"product_info\"}, {\"label\": \"转人工\", \"value\": \"transfer_manual\"}]',NULL,NULL,NULL,NULL,0,'2026-06-03 09:25:29'),(346,'d4eb007ef3a545c2a4b0e1ec10bdb44e','text','bot',NULL,NULL,NULL,'您好！欢迎使用空白格AI客服，请问有什么可以帮您？',NULL,NULL,NULL,NULL,NULL,NULL,NULL,NULL,0,'2026-06-03 09:54:46'),(347,'d4eb007ef3a545c2a4b0e1ec10bdb44e','quick_reply','bot',NULL,NULL,NULL,'请问有什么可以帮您？',NULL,NULL,NULL,'[{\"label\": \"查订单\", \"value\": \"query_order\"}, {\"label\": \"申请退货\", \"value\": \"refund\"}, {\"label\": \"产品咨询\", \"value\": \"product_info\"}, {\"label\": \"转人工\", \"value\": \"transfer_manual\"}]',NULL,NULL,NULL,NULL,0,'2026-06-03 09:54:46'),(348,'a81afd8862154176a7a201b5638e7ea4','text','bot',NULL,NULL,NULL,'您好！欢迎使用空白格AI客服，请问有什么可以帮您？',NULL,NULL,NULL,NULL,NULL,NULL,NULL,NULL,0,'2026-06-03 21:55:00'),(349,'a81afd8862154176a7a201b5638e7ea4','quick_reply','bot',NULL,NULL,NULL,'请问有什么可以帮您？',NULL,NULL,NULL,'[{\"label\": \"查订单\", \"value\": \"query_order\"}, {\"label\": \"申请退货\", \"value\": \"refund\"}, {\"label\": \"产品咨询\", \"value\": \"product_info\"}, {\"label\": \"转人工\", \"value\": \"transfer_manual\"}]',NULL,NULL,NULL,NULL,0,'2026-06-03 21:55:00'),(350,'676fb5c005ed4f968ab89baa08e6a15a','text','bot',NULL,NULL,NULL,'您好！欢迎使用空白格AI客服，请问有什么可以帮您？',NULL,NULL,NULL,NULL,NULL,NULL,NULL,NULL,0,'2026-06-03 22:03:02'),(351,'676fb5c005ed4f968ab89baa08e6a15a','quick_reply','bot',NULL,NULL,NULL,'请问有什么可以帮您？',NULL,NULL,NULL,'[{\"label\": \"查订单\", \"value\": \"query_order\"}, {\"label\": \"申请退货\", \"value\": \"refund\"}, {\"label\": \"产品咨询\", \"value\": \"product_info\"}, {\"label\": \"转人工\", \"value\": \"transfer_manual\"}]',NULL,NULL,NULL,NULL,0,'2026-06-03 22:03:02'),(352,'676fb5c005ed4f968ab89baa08e6a15a','system','system',NULL,NULL,NULL,'已为您转接人工客服「小张客服」，请稍候...',NULL,NULL,NULL,NULL,NULL,NULL,NULL,NULL,0,'2026-06-03 22:03:10'),(353,'5a6356d9a9a745359b271859bb094c67','text','bot',NULL,NULL,NULL,'您好！欢迎使用空白格AI客服，请问有什么可以帮您？',NULL,NULL,NULL,NULL,NULL,NULL,NULL,NULL,0,'2026-06-03 22:11:16'),(354,'5a6356d9a9a745359b271859bb094c67','quick_reply','bot',NULL,NULL,NULL,'请问有什么可以帮您？',NULL,NULL,NULL,'[{\"label\": \"查订单\", \"value\": \"query_order\"}, {\"label\": \"申请退货\", \"value\": \"refund\"}, {\"label\": \"产品咨询\", \"value\": \"product_info\"}, {\"label\": \"转人工\", \"value\": \"transfer_manual\"}]',NULL,NULL,NULL,NULL,0,'2026-06-03 22:11:17'),(355,'19b933b31683422cbadbf8e2f579bd67','text','bot',NULL,NULL,NULL,'您好！欢迎使用空白格AI客服，请问有什么可以帮您？',NULL,NULL,NULL,NULL,NULL,NULL,NULL,NULL,0,'2026-06-03 22:26:38'),(356,'19b933b31683422cbadbf8e2f579bd67','quick_reply','bot',NULL,NULL,NULL,'请问有什么可以帮您？',NULL,NULL,NULL,'[{\"label\": \"查订单\", \"value\": \"query_order\"}, {\"label\": \"申请退货\", \"value\": \"refund\"}, {\"label\": \"产品咨询\", \"value\": \"product_info\"}, {\"label\": \"转人工\", \"value\": \"transfer_manual\"}]',NULL,NULL,NULL,NULL,0,'2026-06-03 22:26:38'),(357,'c3ab56cc93f14ae7999f16cb7239d240','text','bot',NULL,NULL,NULL,'您好！欢迎使用空白格AI客服，请问有什么可以帮您？',NULL,NULL,NULL,NULL,NULL,NULL,NULL,NULL,0,'2026-06-03 22:30:22'),(358,'c3ab56cc93f14ae7999f16cb7239d240','quick_reply','bot',NULL,NULL,NULL,'请问有什么可以帮您？',NULL,NULL,NULL,'[{\"label\": \"查订单\", \"value\": \"query_order\"}, {\"label\": \"申请退货\", \"value\": \"refund\"}, {\"label\": \"产品咨询\", \"value\": \"product_info\"}, {\"label\": \"转人工\", \"value\": \"transfer_manual\"}]',NULL,NULL,NULL,NULL,0,'2026-06-03 22:30:22'),(359,'9844809c8da4468d8ff5b93af766f32e','text','bot',NULL,NULL,NULL,'您好！欢迎使用空白格AI客服，请问有什么可以帮您？',NULL,NULL,NULL,NULL,NULL,NULL,NULL,NULL,0,'2026-06-03 22:54:49'),(360,'9844809c8da4468d8ff5b93af766f32e','quick_reply','bot',NULL,NULL,NULL,'请问有什么可以帮您？',NULL,NULL,NULL,'[{\"label\": \"查订单\", \"value\": \"query_order\"}, {\"label\": \"申请退货\", \"value\": \"refund\"}, {\"label\": \"产品咨询\", \"value\": \"product_info\"}, {\"label\": \"转人工\", \"value\": \"transfer_manual\"}]',NULL,NULL,NULL,NULL,0,'2026-06-03 22:54:49'),(361,'deb7a083b8124c3da14603a0974b26c0','text','bot',NULL,NULL,NULL,'您好！欢迎使用空白格AI客服，请问有什么可以帮您？',NULL,NULL,NULL,NULL,NULL,NULL,NULL,NULL,0,'2026-06-03 23:11:21'),(362,'deb7a083b8124c3da14603a0974b26c0','quick_reply','bot',NULL,NULL,NULL,'请问有什么可以帮您？',NULL,NULL,NULL,'[{\"label\": \"查订单\", \"value\": \"query_order\"}, {\"label\": \"申请退货\", \"value\": \"refund\"}, {\"label\": \"产品咨询\", \"value\": \"product_info\"}, {\"label\": \"转人工\", \"value\": \"transfer_manual\"}]',NULL,NULL,NULL,NULL,0,'2026-06-03 23:11:21'),(363,'b3a48fff29bb44e89dd607907bce1575','text','bot',NULL,NULL,NULL,'您好！欢迎使用空白格AI客服，请问有什么可以帮您？',NULL,NULL,NULL,NULL,NULL,NULL,NULL,NULL,0,'2026-06-03 23:12:49'),(364,'b3a48fff29bb44e89dd607907bce1575','quick_reply','bot',NULL,NULL,NULL,'请问有什么可以帮您？',NULL,NULL,NULL,'[{\"label\": \"查订单\", \"value\": \"query_order\"}, {\"label\": \"申请退货\", \"value\": \"refund\"}, {\"label\": \"产品咨询\", \"value\": \"product_info\"}, {\"label\": \"转人工\", \"value\": \"transfer_manual\"}]',NULL,NULL,NULL,NULL,0,'2026-06-03 23:12:49'),(365,'31b5d8fbf16748fbb426c7c2c3cb4faf','text','bot',NULL,NULL,NULL,'您好！欢迎使用空白格AI客服，请问有什么可以帮您？',NULL,NULL,NULL,NULL,NULL,NULL,NULL,NULL,0,'2026-06-03 23:56:34'),(366,'31b5d8fbf16748fbb426c7c2c3cb4faf','quick_reply','bot',NULL,NULL,NULL,'请问有什么可以帮您？',NULL,NULL,NULL,'[{\"label\": \"查订单\", \"value\": \"query_order\"}, {\"label\": \"申请退货\", \"value\": \"refund\"}, {\"label\": \"产品咨询\", \"value\": \"product_info\"}, {\"label\": \"转人工\", \"value\": \"transfer_manual\"}]',NULL,NULL,NULL,NULL,0,'2026-06-03 23:56:34'),(367,'ad0eea7762e8449682f85f3b4c2f1dd5','text','bot',NULL,NULL,NULL,'您好！欢迎使用空白格AI客服，请问有什么可以帮您？',NULL,NULL,NULL,NULL,NULL,NULL,NULL,NULL,0,'2026-06-04 00:12:41'),(368,'ad0eea7762e8449682f85f3b4c2f1dd5','quick_reply','bot',NULL,NULL,NULL,'请问有什么可以帮您？',NULL,NULL,NULL,'[{\"label\": \"查订单\", \"value\": \"query_order\"}, {\"label\": \"申请退货\", \"value\": \"refund\"}, {\"label\": \"产品咨询\", \"value\": \"product_info\"}, {\"label\": \"转人工\", \"value\": \"transfer_manual\"}]',NULL,NULL,NULL,NULL,0,'2026-06-04 00:12:41'),(369,'823fdfe401b8456ca7bed4493a760dd9','text','bot',NULL,NULL,NULL,'您好！欢迎使用空白格AI客服，请问有什么可以帮您？',NULL,NULL,NULL,NULL,NULL,NULL,NULL,NULL,0,'2026-06-04 07:40:03'),(370,'823fdfe401b8456ca7bed4493a760dd9','quick_reply','bot',NULL,NULL,NULL,'请问有什么可以帮您？',NULL,NULL,NULL,'[{\"label\": \"查订单\", \"value\": \"query_order\"}, {\"label\": \"申请退货\", \"value\": \"refund\"}, {\"label\": \"产品咨询\", \"value\": \"product_info\"}, {\"label\": \"转人工\", \"value\": \"transfer_manual\"}]',NULL,NULL,NULL,NULL,0,'2026-06-04 07:40:03'),(371,'8541e8533cc74bc7a780f8a515169754','text','bot',NULL,NULL,NULL,'您好！欢迎使用空白格AI客服，请问有什么可以帮您？',NULL,NULL,NULL,NULL,NULL,NULL,NULL,NULL,0,'2026-06-04 08:08:17'),(372,'8541e8533cc74bc7a780f8a515169754','quick_reply','bot',NULL,NULL,NULL,'请问有什么可以帮您？',NULL,NULL,NULL,'[{\"label\": \"查订单\", \"value\": \"query_order\"}, {\"label\": \"申请退货\", \"value\": \"refund\"}, {\"label\": \"产品咨询\", \"value\": \"product_info\"}, {\"label\": \"转人工\", \"value\": \"transfer_manual\"}]',NULL,NULL,NULL,NULL,0,'2026-06-04 08:08:17'),(373,'1d85b0401bee41febeafc505092825f1','text','bot',NULL,NULL,NULL,'您好！欢迎使用空白格AI客服，请问有什么可以帮您？',NULL,NULL,NULL,NULL,NULL,NULL,NULL,NULL,0,'2026-06-04 08:11:57'),(374,'1d85b0401bee41febeafc505092825f1','quick_reply','bot',NULL,NULL,NULL,'请问有什么可以帮您？',NULL,NULL,NULL,'[{\"label\": \"查订单\", \"value\": \"query_order\"}, {\"label\": \"申请退货\", \"value\": \"refund\"}, {\"label\": \"产品咨询\", \"value\": \"product_info\"}, {\"label\": \"转人工\", \"value\": \"transfer_manual\"}]',NULL,NULL,NULL,NULL,0,'2026-06-04 08:11:57'),(375,'b2130a1f98f84708823536c86e2842f0','text','bot',NULL,NULL,NULL,'您好！欢迎使用空白格AI客服，请问有什么可以帮您？',NULL,NULL,NULL,NULL,NULL,NULL,NULL,NULL,0,'2026-06-04 08:23:38'),(376,'b2130a1f98f84708823536c86e2842f0','quick_reply','bot',NULL,NULL,NULL,'请问有什么可以帮您？',NULL,NULL,NULL,'[{\"label\": \"查订单\", \"value\": \"query_order\"}, {\"label\": \"申请退货\", \"value\": \"refund\"}, {\"label\": \"产品咨询\", \"value\": \"product_info\"}, {\"label\": \"转人工\", \"value\": \"transfer_manual\"}]',NULL,NULL,NULL,NULL,0,'2026-06-04 08:23:38'),(377,'31463d67d47f44acb95fda5ecd97bcac','text','bot',NULL,NULL,NULL,'您好！欢迎使用空白格AI客服，请问有什么可以帮您？',NULL,NULL,NULL,NULL,NULL,NULL,NULL,NULL,0,'2026-06-04 08:25:56'),(378,'31463d67d47f44acb95fda5ecd97bcac','quick_reply','bot',NULL,NULL,NULL,'请问有什么可以帮您？',NULL,NULL,NULL,'[{\"label\": \"查订单\", \"value\": \"query_order\"}, {\"label\": \"申请退货\", \"value\": \"refund\"}, {\"label\": \"产品咨询\", \"value\": \"product_info\"}, {\"label\": \"转人工\", \"value\": \"transfer_manual\"}]',NULL,NULL,NULL,NULL,0,'2026-06-04 08:25:56'),(379,'670da323a8e7494eaf916a5e87911844','text','bot',NULL,NULL,NULL,'您好！欢迎使用空白格AI客服，请问有什么可以帮您？',NULL,NULL,NULL,NULL,NULL,NULL,NULL,NULL,0,'2026-06-04 08:32:09'),(380,'670da323a8e7494eaf916a5e87911844','quick_reply','bot',NULL,NULL,NULL,'请问有什么可以帮您？',NULL,NULL,NULL,'[{\"label\": \"查订单\", \"value\": \"query_order\"}, {\"label\": \"申请退货\", \"value\": \"refund\"}, {\"label\": \"产品咨询\", \"value\": \"product_info\"}, {\"label\": \"转人工\", \"value\": \"transfer_manual\"}]',NULL,NULL,NULL,NULL,0,'2026-06-04 08:32:09'),(381,'15c707c097434666b127f88c2bbd4c93','text','bot',NULL,NULL,NULL,'您好！欢迎使用空白格AI客服，请问有什么可以帮您？',NULL,NULL,NULL,NULL,NULL,NULL,NULL,NULL,0,'2026-06-04 08:32:39'),(382,'15c707c097434666b127f88c2bbd4c93','quick_reply','bot',NULL,NULL,NULL,'请问有什么可以帮您？',NULL,NULL,NULL,'[{\"label\": \"查订单\", \"value\": \"query_order\"}, {\"label\": \"申请退货\", \"value\": \"refund\"}, {\"label\": \"产品咨询\", \"value\": \"product_info\"}, {\"label\": \"转人工\", \"value\": \"transfer_manual\"}]',NULL,NULL,NULL,NULL,0,'2026-06-04 08:32:39'),(383,'cc4ab2512fde4ec49edf6ee84bff3868','text','bot',NULL,NULL,NULL,'您好！欢迎使用空白格AI客服，请问有什么可以帮您？',NULL,NULL,NULL,NULL,NULL,NULL,NULL,NULL,0,'2026-06-04 08:36:56'),(384,'cc4ab2512fde4ec49edf6ee84bff3868','quick_reply','bot',NULL,NULL,NULL,'请问有什么可以帮您？',NULL,NULL,NULL,'[{\"label\": \"查订单\", \"value\": \"query_order\"}, {\"label\": \"申请退货\", \"value\": \"refund\"}, {\"label\": \"产品咨询\", \"value\": \"product_info\"}, {\"label\": \"转人工\", \"value\": \"transfer_manual\"}]',NULL,NULL,NULL,NULL,0,'2026-06-04 08:36:56'),(385,'cc4ab2512fde4ec49edf6ee84bff3868','system','system',NULL,NULL,NULL,'已为您转接人工客服「VIP专属客服」，请稍候...',NULL,NULL,NULL,NULL,NULL,NULL,NULL,NULL,0,'2026-06-04 08:37:27'),(386,'04ab9ff33e8a4493afe7e6aa7db82835','text','bot',NULL,NULL,NULL,'您好！欢迎使用空白格AI客服，请问有什么可以帮您？',NULL,NULL,NULL,NULL,NULL,NULL,NULL,NULL,0,'2026-06-04 08:41:01'),(387,'04ab9ff33e8a4493afe7e6aa7db82835','quick_reply','bot',NULL,NULL,NULL,'请问有什么可以帮您？',NULL,NULL,NULL,'[{\"label\": \"查订单\", \"value\": \"query_order\"}, {\"label\": \"申请退货\", \"value\": \"refund\"}, {\"label\": \"产品咨询\", \"value\": \"product_info\"}, {\"label\": \"转人工\", \"value\": \"transfer_manual\"}]',NULL,NULL,NULL,NULL,0,'2026-06-04 08:41:01'),(388,'4d31d4842a1e4ccd8e7837a9a7e5942c','text','bot',NULL,NULL,NULL,'您好！欢迎使用空白格AI客服，请问有什么可以帮您？',NULL,NULL,NULL,NULL,NULL,NULL,NULL,NULL,0,'2026-06-04 08:45:35'),(389,'4d31d4842a1e4ccd8e7837a9a7e5942c','quick_reply','bot',NULL,NULL,NULL,'请问有什么可以帮您？',NULL,NULL,NULL,'[{\"label\": \"查订单\", \"value\": \"query_order\"}, {\"label\": \"申请退货\", \"value\": \"refund\"}, {\"label\": \"产品咨询\", \"value\": \"product_info\"}, {\"label\": \"转人工\", \"value\": \"transfer_manual\"}]',NULL,NULL,NULL,NULL,0,'2026-06-04 08:45:35'),(390,'3b386af74295460fa8defe8a4005de7c','text','bot',NULL,NULL,NULL,'您好！欢迎使用空白格AI客服，请问有什么可以帮您？',NULL,NULL,NULL,NULL,NULL,NULL,NULL,NULL,0,'2026-06-04 08:46:15'),(391,'3b386af74295460fa8defe8a4005de7c','quick_reply','bot',NULL,NULL,NULL,'请问有什么可以帮您？',NULL,NULL,NULL,'[{\"label\": \"查订单\", \"value\": \"query_order\"}, {\"label\": \"申请退货\", \"value\": \"refund\"}, {\"label\": \"产品咨询\", \"value\": \"product_info\"}, {\"label\": \"转人工\", \"value\": \"transfer_manual\"}]',NULL,NULL,NULL,NULL,0,'2026-06-04 08:46:15'),(392,'46ec8566bba343808455bbb72529a09f','text','bot',NULL,NULL,NULL,'您好！欢迎使用空白格AI客服，请问有什么可以帮您？',NULL,NULL,NULL,NULL,NULL,NULL,NULL,NULL,0,'2026-06-04 08:59:30'),(393,'46ec8566bba343808455bbb72529a09f','quick_reply','bot',NULL,NULL,NULL,'请问有什么可以帮您？',NULL,NULL,NULL,'[{\"label\": \"查订单\", \"value\": \"query_order\"}, {\"label\": \"申请退货\", \"value\": \"refund\"}, {\"label\": \"产品咨询\", \"value\": \"product_info\"}, {\"label\": \"转人工\", \"value\": \"transfer_manual\"}]',NULL,NULL,NULL,NULL,0,'2026-06-04 08:59:30'),(394,'027b58c969d944f298c78af94de350d3','text','bot',NULL,NULL,NULL,'您好！欢迎使用空白格AI客服，请问有什么可以帮您？',NULL,NULL,NULL,NULL,NULL,NULL,NULL,NULL,0,'2026-06-04 09:08:50'),(395,'027b58c969d944f298c78af94de350d3','quick_reply','bot',NULL,NULL,NULL,'请问有什么可以帮您？',NULL,NULL,NULL,'[{\"label\": \"查订单\", \"value\": \"query_order\"}, {\"label\": \"申请退货\", \"value\": \"refund\"}, {\"label\": \"产品咨询\", \"value\": \"product_info\"}, {\"label\": \"转人工\", \"value\": \"transfer_manual\"}]',NULL,NULL,NULL,NULL,0,'2026-06-04 09:08:50'),(396,'df19fea6b4164a17bfeffa0c8d3decb6','text','bot',NULL,NULL,NULL,'您好！欢迎使用空白格AI客服，请问有什么可以帮您？',NULL,NULL,NULL,NULL,NULL,NULL,NULL,NULL,0,'2026-06-04 09:35:14'),(397,'df19fea6b4164a17bfeffa0c8d3decb6','quick_reply','bot',NULL,NULL,NULL,'请问有什么可以帮您？',NULL,NULL,NULL,'[{\"label\": \"查订单\", \"value\": \"query_order\"}, {\"label\": \"申请退货\", \"value\": \"refund\"}, {\"label\": \"产品咨询\", \"value\": \"product_info\"}, {\"label\": \"转人工\", \"value\": \"transfer_manual\"}]',NULL,NULL,NULL,NULL,0,'2026-06-04 09:35:14'),(398,'df19fea6b4164a17bfeffa0c8d3decb6','system','system',NULL,NULL,NULL,'已为您转接人工客服「小林客服」，请稍候...',NULL,NULL,NULL,NULL,NULL,NULL,NULL,NULL,0,'2026-06-04 09:35:22'),(399,'port8083-test','text','user',NULL,NULL,NULL,'你好',NULL,NULL,NULL,NULL,NULL,NULL,NULL,NULL,0,'2026-06-04 09:56:43'),(400,'port8083-test','text','ai',NULL,NULL,NULL,'您好！欢迎来到空白格·AI 智能客服系统，很高兴为您服务！请问有什么可以帮助您的？',NULL,NULL,NULL,NULL,NULL,NULL,NULL,NULL,0,'2026-06-04 09:56:44'),(401,'online-test','text','user',NULL,NULL,NULL,'你好',NULL,NULL,NULL,NULL,NULL,NULL,NULL,NULL,0,'2026-06-04 09:57:19'),(402,'online-test','text','ai',NULL,NULL,NULL,'你好！欢迎来到空白格·AI 智能客服系统，我是你的专属客服助手。请问有什么可以帮助你的？😊',NULL,NULL,NULL,NULL,NULL,NULL,NULL,NULL,0,'2026-06-04 09:57:20'),(403,'test-001','text','user',NULL,NULL,NULL,'你好',NULL,NULL,NULL,NULL,NULL,NULL,NULL,NULL,0,'2026-06-04 09:57:39'),(404,'test-001','text','ai',NULL,NULL,NULL,'你好！很高兴为你服务，请问有什么可以帮你的吗？😊',NULL,NULL,NULL,NULL,NULL,NULL,NULL,NULL,0,'2026-06-04 09:57:40'),(405,'ws-1780539119936','text','user',NULL,NULL,NULL,'你们是什么公司的',NULL,NULL,NULL,NULL,NULL,NULL,NULL,NULL,0,'2026-06-04 10:12:17'),(406,'ws-1780539119936','text','ai',NULL,NULL,NULL,'您好！我是空白格·AI公司的智能客服助手。我们公司专注于人工智能技术研发与服务，致力于提供智能客服、AI解决方案等产品。请问有什么可以帮您的吗？',NULL,NULL,NULL,NULL,NULL,NULL,NULL,NULL,0,'2026-06-04 10:12:19'),(407,'ws-1780539119936','text','user',NULL,NULL,NULL,'你们公司主要产品是什么',NULL,NULL,NULL,NULL,NULL,NULL,NULL,NULL,0,'2026-06-04 10:12:36'),(408,'ws-1780539119936','text','ai',NULL,NULL,NULL,'我是空白格·AI公司的智能客服助手。我们公司主要提供AI智能客服系统和相关的人工智能解决方案，帮助企业提升客户服务效率和用户体验。请问您对哪方面感兴趣？',NULL,NULL,NULL,NULL,NULL,NULL,NULL,NULL,0,'2026-06-04 10:12:37'),(409,'test-final-deploy','text','user',NULL,NULL,NULL,'你好测试',NULL,NULL,NULL,NULL,NULL,NULL,NULL,NULL,0,'2026-06-04 10:36:17'),(410,'test-final-deploy','text','ai',NULL,NULL,NULL,'你好！我是空白格·AI 的智能客服助手，很高兴为你服务。请问有什么可以帮助你的吗？😊',NULL,NULL,NULL,NULL,NULL,NULL,NULL,NULL,0,'2026-06-04 10:36:20'),(411,'debug-intent','text','user',NULL,NULL,NULL,'退货',NULL,NULL,NULL,NULL,NULL,NULL,NULL,NULL,0,'2026-06-04 10:41:56'),(412,'debug-intent','text','ai',NULL,NULL,NULL,'您好，请问您是想咨询退货流程吗？为了更快帮您处理，请提供您的订单号或相关信息，我会为您详细说明退货政策。',NULL,NULL,NULL,NULL,NULL,NULL,NULL,NULL,0,'2026-06-04 10:41:57'),(413,'fixed-service-test','text','user',NULL,NULL,NULL,'退货',NULL,NULL,NULL,NULL,NULL,NULL,NULL,NULL,0,'2026-06-04 11:01:09'),(414,'fixed-service-test','text','ai',NULL,NULL,NULL,'抱歉，AI 服务暂时不可用，请稍后再试。（错误码：401）',NULL,NULL,NULL,NULL,NULL,NULL,NULL,NULL,0,'2026-06-04 11:01:10'),(415,'context-test-20260604','text','user',NULL,NULL,NULL,'你好',NULL,NULL,NULL,NULL,NULL,NULL,NULL,NULL,0,'2026-06-04 11:51:28'),(416,'context-test-20260604','text','ai',NULL,NULL,NULL,'抱歉，AI 服务暂时不可用，请稍后再试。（错误码：401）',NULL,NULL,NULL,NULL,NULL,NULL,NULL,NULL,0,'2026-06-04 11:51:30'),(417,'context-test-20260604','text','user',NULL,NULL,NULL,'我想查订单',NULL,NULL,NULL,NULL,NULL,NULL,NULL,NULL,0,'2026-06-04 11:51:30'),(418,'context-test-20260604','text','ai',NULL,NULL,NULL,'抱歉，AI 服务暂时不可用，请稍后再试。（错误码：401）',NULL,NULL,NULL,NULL,NULL,NULL,NULL,NULL,0,'2026-06-04 11:51:31'),(419,'context-test-20260604','text','user',NULL,NULL,NULL,'ORD123456',NULL,NULL,NULL,NULL,NULL,NULL,NULL,NULL,0,'2026-06-04 11:51:31'),(420,'context-test-20260604','text','user',NULL,NULL,NULL,'到哪了？',NULL,NULL,NULL,NULL,NULL,NULL,NULL,NULL,0,'2026-06-04 11:51:31'),(421,'context-test-1780547444','text','user',NULL,NULL,NULL,'你好，我想咨询个问题',NULL,NULL,NULL,NULL,NULL,NULL,NULL,NULL,0,'2026-06-04 12:30:46'),(422,'context-test-1780547444','text','ai',NULL,NULL,NULL,'抱歉，AI 服务暂时不可用，请稍后再试。（错误码：401）',NULL,NULL,NULL,NULL,NULL,NULL,NULL,NULL,0,'2026-06-04 12:30:46'),(423,'context-test-1780547444','text','user',NULL,NULL,NULL,'我的订单还没收到',NULL,NULL,NULL,NULL,NULL,NULL,NULL,NULL,0,'2026-06-04 12:30:46'),(424,'context-test-1780547444','text','user',NULL,NULL,NULL,'订单号是 ORD123456',NULL,NULL,NULL,NULL,NULL,NULL,NULL,NULL,0,'2026-06-04 12:30:46'),(425,'context-test-1780547444','text','user',NULL,NULL,NULL,'到哪了？',NULL,NULL,NULL,NULL,NULL,NULL,NULL,NULL,0,'2026-06-04 12:30:47'),(426,'ticket-auto-test','text','user',NULL,NULL,NULL,'我要投诉你们的服务太差了！',NULL,NULL,NULL,NULL,NULL,NULL,NULL,NULL,0,'2026-06-04 12:30:47'),(427,'ws-1780547874017','text','user',NULL,NULL,NULL,'我要投诉你家产品不好',NULL,NULL,NULL,NULL,NULL,NULL,NULL,NULL,0,'2026-06-04 12:38:16'),(428,'ws-1780551812107','text','user',NULL,NULL,NULL,'我要投诉你产品不好',NULL,NULL,NULL,NULL,NULL,NULL,NULL,NULL,0,'2026-06-04 13:43:47'),(429,'ws-1780562150909','text','user',NULL,NULL,NULL,'我要投诉',NULL,NULL,NULL,NULL,NULL,NULL,NULL,NULL,0,'2026-06-04 16:36:34'),(430,'test','text','user',NULL,NULL,NULL,'你好',NULL,NULL,NULL,NULL,NULL,NULL,NULL,NULL,0,'2026-06-04 16:50:57'),(431,'test','text','ai',NULL,NULL,NULL,'抱歉，AI 服务暂时不可用，请稍后再试。（错误码：401）',NULL,NULL,NULL,NULL,NULL,NULL,NULL,NULL,0,'2026-06-04 16:50:59'),(432,'test123','text','user',NULL,NULL,NULL,'你好，我想咨询订单问题',NULL,NULL,NULL,NULL,NULL,NULL,NULL,NULL,0,'2026-06-04 16:52:07'),(433,'test123','text','ai',NULL,NULL,NULL,'抱歉，AI 服务暂时不可用，请稍后再试。（错误码：401）',NULL,NULL,NULL,NULL,NULL,NULL,NULL,NULL,0,'2026-06-04 16:52:07'),(434,'test123','text','user',NULL,NULL,NULL,'你好，我想咨询订单问题',NULL,NULL,NULL,NULL,NULL,NULL,NULL,NULL,0,'2026-06-04 16:56:00'),(435,'test123','text','ai',NULL,NULL,NULL,'抱歉，AI 服务暂时不可用，请稍后再试。（错误码：401）',NULL,NULL,NULL,NULL,NULL,NULL,NULL,NULL,0,'2026-06-04 16:56:01'),(436,'test123','text','user',NULL,NULL,NULL,'你好，我想咨询订单问题',NULL,NULL,NULL,NULL,NULL,NULL,NULL,NULL,0,'2026-06-04 16:56:40'),(437,'test123','text','ai',NULL,NULL,NULL,'抱歉，AI 服务暂时不可用，请稍后再试。（错误码：401）',NULL,NULL,NULL,NULL,NULL,NULL,NULL,NULL,0,'2026-06-04 16:56:40'),(438,'test123','text','user',NULL,NULL,NULL,'你好',NULL,NULL,NULL,NULL,NULL,NULL,NULL,NULL,0,'2026-06-04 16:57:10'),(439,'test123','text','ai',NULL,NULL,NULL,'抱歉，AI 服务暂时不可用，请稍后再试。（错误码：401）',NULL,NULL,NULL,NULL,NULL,NULL,NULL,NULL,0,'2026-06-04 16:57:11'),(440,'12345','text','user',NULL,NULL,NULL,'你好，我想咨询订单问题',NULL,NULL,NULL,NULL,NULL,NULL,NULL,NULL,0,'2026-06-04 16:59:39'),(441,'12345','text','ai',NULL,NULL,NULL,'抱歉，AI 服务暂时不可用，请稍后再试。（错误码：401）',NULL,NULL,NULL,NULL,NULL,NULL,NULL,NULL,0,'2026-06-04 16:59:41'),(442,'12345','text','user',NULL,NULL,NULL,'你好，请介绍一下你自己',NULL,NULL,NULL,NULL,NULL,NULL,NULL,NULL,0,'2026-06-04 17:33:56'),(443,'12345','text','ai',NULL,NULL,NULL,'您好！我是空白格·AI公司的智能客服助手，可以为您解答产品咨询、订单查询、技术支持等问题。请告诉我您需要什么帮助？',NULL,NULL,NULL,NULL,NULL,NULL,NULL,NULL,0,'2026-06-04 17:33:59'),(444,'99999','text','user',NULL,NULL,NULL,'你好，我想咨询产品价格',NULL,NULL,NULL,NULL,NULL,NULL,NULL,NULL,0,'2026-06-04 17:34:21'),(445,'99999','text','ai',NULL,NULL,NULL,'你好！欢迎来到空白格·AI 公司。请问你想了解哪款产品或服务的价格？比如AI工具、智能客服方案，还是其他功能？告诉我具体名称或类型，我可以为你详细介绍。',NULL,NULL,NULL,NULL,NULL,NULL,NULL,NULL,0,'2026-06-04 17:34:22'),(446,'ws-1780566642410','text','user',NULL,NULL,NULL,'我要投诉',NULL,NULL,NULL,NULL,NULL,NULL,NULL,NULL,0,'2026-06-04 17:50:49'),(447,'ws-1780566737732','text','user',NULL,NULL,NULL,'你好',NULL,NULL,NULL,NULL,NULL,NULL,NULL,NULL,0,'2026-06-04 17:52:29'),(448,'ws-1780566737732','text','ai',NULL,NULL,NULL,'你好！我是空白格·AI 公司的智能客服助手，很高兴为你服务。有什么可以帮助你的吗？',NULL,NULL,NULL,NULL,NULL,NULL,NULL,NULL,0,'2026-06-04 17:52:31'),(449,'test','text','user',NULL,NULL,NULL,'你好',NULL,NULL,NULL,NULL,NULL,NULL,NULL,NULL,0,'2026-06-04 17:56:03'),(450,'test','text','ai',NULL,NULL,NULL,'你好！我是空白格·AI 的智能客服助手，很高兴为你服务。请问有什么可以帮助你的？',NULL,NULL,NULL,NULL,NULL,NULL,NULL,NULL,0,'2026-06-04 17:56:04'),(451,'ws-1780567832822','text','user',NULL,NULL,NULL,'你好',NULL,NULL,NULL,NULL,NULL,NULL,NULL,NULL,0,'2026-06-04 18:28:31'),(452,'ws-1780567832822','text','ai',NULL,NULL,NULL,'你好！我是空白格·AI 的智能客服助手，很高兴为你服务。有什么可以帮助你的吗？',NULL,NULL,NULL,NULL,NULL,NULL,NULL,NULL,0,'2026-06-04 18:28:33'),(453,'ws-1780569880568','text','user',NULL,NULL,NULL,'你好',NULL,NULL,NULL,NULL,NULL,NULL,NULL,NULL,0,'2026-06-04 18:45:00'),(454,'ws-1780569880568','text','ai',NULL,NULL,NULL,'你好！欢迎来到空白格·AI 智能客服系统，很高兴为你服务！请问有什么可以帮你的吗？',NULL,NULL,NULL,NULL,NULL,NULL,NULL,NULL,0,'2026-06-04 18:45:01'),(455,'ws-1780569880568','text','user',NULL,NULL,NULL,'你们公司有什么产品',NULL,NULL,NULL,NULL,NULL,NULL,NULL,NULL,0,'2026-06-04 18:45:20'),(456,'ws-1780569880568','text','ai',NULL,NULL,NULL,'你好！我们空白格·AI 公司提供多种智能客服解决方案，主要包括：\n\n1. **智能问答系统**：支持多轮对话、意图识别，适用于电商、金融等行业。\n2. **AI 语音客服**：集成语音识别与合成，实现电话或语音渠道的自动应答。\n3. **工单与知识库管理**：自动生成工单，并关联知识库，提升客服效率。\n4. **数据分析与报表**：实时监控对话数据，提供客户行为分析。\n\n请问你对哪一款产品感兴趣？我可以提供更详细的介绍或帮助对接销售团队。',NULL,NULL,NULL,NULL,NULL,NULL,NULL,NULL,0,'2026-06-04 18:45:23'),(457,'test-123','text','user',NULL,NULL,NULL,'你好',NULL,NULL,NULL,NULL,NULL,NULL,NULL,NULL,0,'2026-06-04 20:01:34'),(458,'test-123','text','ai',NULL,NULL,NULL,'抱歉，AI 服务暂时不可用，请稍后再试。（错误码：401）',NULL,NULL,NULL,NULL,NULL,NULL,NULL,NULL,0,'2026-06-04 20:01:35'),(459,'ws-1780579193488','text','user',NULL,NULL,NULL,'你好',NULL,NULL,NULL,NULL,NULL,NULL,NULL,NULL,0,'2026-06-04 21:22:50'),(460,'ws-1780579193488','text','ai',NULL,NULL,NULL,'抱歉，AI 服务暂时不可用，请稍后再试。（错误码：401）',NULL,NULL,NULL,NULL,NULL,NULL,NULL,NULL,0,'2026-06-04 21:22:51'),(461,'test-123','text','user',NULL,NULL,NULL,'你好',NULL,NULL,NULL,NULL,NULL,NULL,NULL,NULL,0,'2026-06-04 21:27:38'),(462,'test-123','text','ai',NULL,NULL,NULL,'抱歉，AI 服务暂时不可用，请稍后再试。（错误码：401）',NULL,NULL,NULL,NULL,NULL,NULL,NULL,NULL,0,'2026-06-04 21:27:39'),(463,'ws-1780579808763','text','user',NULL,NULL,NULL,'你好',NULL,NULL,NULL,NULL,NULL,NULL,NULL,NULL,0,'2026-06-04 21:30:16'),(464,'ws-1780579808763','text','ai',NULL,NULL,NULL,'抱歉，AI 服务暂时不可用，请稍后再试。（错误码：401）',NULL,NULL,NULL,NULL,NULL,NULL,NULL,NULL,0,'2026-06-04 21:30:17'),(465,'139','text','0',NULL,NULL,NULL,'你好',NULL,NULL,NULL,NULL,NULL,NULL,NULL,NULL,0,'2026-06-05 06:32:14'),(466,'139','text','1',NULL,NULL,NULL,'您好！欢迎使用空白格 AI 客服！请问有什么可以帮您？\n\n回复关键词获取帮助：\n1️⃣ 查订单\n2️⃣ 退货\n3️⃣ 产品咨询\n4️⃣ 转人工',NULL,NULL,NULL,NULL,NULL,NULL,NULL,NULL,0,'2026-06-05 06:32:14'),(467,'140','text','0',NULL,NULL,NULL,'订单查询',NULL,NULL,NULL,NULL,NULL,NULL,NULL,NULL,0,'2026-06-05 06:32:45'),(468,'140','text','1',NULL,NULL,NULL,'📦 **订单查询**\n\n请提供您的订单号，或者告诉我您购买的商品名称和下单时间。\n\n支持查询方式：\n1. 订单号查询（最快）\n2. 手机号查询\n3. 商品名 + 时间查询',NULL,NULL,NULL,NULL,NULL,NULL,NULL,NULL,0,'2026-06-05 06:32:45'),(469,'141','text','0',NULL,NULL,NULL,'退货退款',NULL,NULL,NULL,NULL,NULL,NULL,NULL,NULL,0,'2026-06-05 06:32:45'),(470,'141','text','1',NULL,NULL,NULL,'🔄 **退货流程**\n\n1️⃣ 登录账户 → 我的订单\n2️⃣ 选择需要退货的订单 → 申请退货\n3️⃣ 填写退货原因并提交\n4️⃣ 等待审核（1-2 个工作日）\n5️⃣ 审核通过后寄回商品\n\n⚠️ 注意：商品需保持原包装未使用，7 天内可申请',NULL,NULL,NULL,NULL,NULL,NULL,NULL,NULL,0,'2026-06-05 06:32:45'),(471,'142','text','0',NULL,NULL,NULL,'转人工',NULL,NULL,NULL,NULL,NULL,NULL,NULL,NULL,0,'2026-06-05 06:32:45'),(472,'142','text','1',NULL,NULL,NULL,'👩‍💼 正在为您转接人工客服，请稍候...\n\n当前在线客服：3 人\n预计等待时间：1-2 分钟\n\n（此为 MVP 演示，实际转接功能待开发）',NULL,NULL,NULL,NULL,NULL,NULL,NULL,NULL,0,'2026-06-05 06:32:45'),(473,'143','text','0',NULL,NULL,NULL,'订单',NULL,NULL,NULL,NULL,NULL,NULL,NULL,NULL,0,'2026-06-05 06:32:57'),(474,'143','text','1',NULL,NULL,NULL,'📦 **订单查询**\n\n请提供您的订单号，或者告诉我您购买的商品名称和下单时间。\n\n支持查询方式：\n1. 订单号查询（最快）\n2. 手机号查询\n3. 商品名 + 时间查询',NULL,NULL,NULL,NULL,NULL,NULL,NULL,NULL,0,'2026-06-05 06:32:57'),(475,'test123','text','user',NULL,NULL,NULL,'你好',NULL,NULL,NULL,NULL,NULL,NULL,NULL,NULL,0,'2026-06-05 11:48:38'),(476,'test123','text','ai',NULL,NULL,NULL,'抱歉，AI 服务暂时不可用，请稍后再试。（错误码：401）',NULL,NULL,NULL,NULL,NULL,NULL,NULL,NULL,0,'2026-06-05 11:48:41'),(477,'test','text','user',NULL,NULL,NULL,'你好',NULL,NULL,NULL,NULL,NULL,NULL,NULL,NULL,0,'2026-06-05 11:53:43'),(478,'test','text','ai',NULL,NULL,NULL,'抱歉，AI 服务暂时不可用，请稍后再试。（错误码：401）',NULL,NULL,NULL,NULL,NULL,NULL,NULL,NULL,0,'2026-06-05 11:53:45'),(479,'test','text','user',NULL,NULL,NULL,'你好',NULL,NULL,NULL,NULL,NULL,NULL,NULL,NULL,0,'2026-06-05 11:56:58'),(480,'test','text','ai',NULL,NULL,NULL,'抱歉，AI 服务暂时不可用，请稍后再试。（错误码：401）',NULL,NULL,NULL,NULL,NULL,NULL,NULL,NULL,0,'2026-06-05 11:57:01'),(481,'test-123','text','user',NULL,NULL,NULL,'你好',NULL,NULL,NULL,NULL,NULL,NULL,NULL,NULL,0,'2026-06-05 13:38:36'),(482,'test-456','text','user',NULL,NULL,NULL,'我的订单 ORD123 到哪了？',NULL,NULL,NULL,NULL,NULL,NULL,NULL,NULL,0,'2026-06-05 13:38:36'),(483,'test-123','text','user',NULL,NULL,NULL,'你好，请问你们的产品多少钱？',NULL,NULL,NULL,NULL,NULL,NULL,NULL,NULL,0,'2026-06-05 16:04:39'),(484,'test','text','user',NULL,NULL,NULL,'产品价格',NULL,NULL,NULL,NULL,NULL,NULL,NULL,NULL,0,'2026-06-05 16:04:59'),(485,'test-1','text','user',NULL,NULL,NULL,'你好',NULL,NULL,NULL,NULL,NULL,NULL,NULL,NULL,0,'2026-06-05 16:09:31'),(486,'test-1','text','ai',NULL,NULL,NULL,'抱歉，AI 服务暂时不可用，请稍后再试。（错误码：401）',NULL,NULL,NULL,NULL,NULL,NULL,NULL,NULL,0,'2026-06-05 16:09:32'),(487,'test-final','text','user',NULL,NULL,NULL,'你好',NULL,NULL,NULL,NULL,NULL,NULL,NULL,NULL,0,'2026-06-05 16:11:32'),(488,'test-final','text','ai',NULL,NULL,NULL,'抱歉，AI 服务暂时不可用，请稍后再试。（错误码：401）',NULL,NULL,NULL,NULL,NULL,NULL,NULL,NULL,0,'2026-06-05 16:11:34'),(489,'test-verify','text','user',NULL,NULL,NULL,'你好，测试 AI 功能',NULL,NULL,NULL,NULL,NULL,NULL,NULL,NULL,0,'2026-06-05 16:15:50'),(490,'test-verify','text','ai',NULL,NULL,NULL,'你好！欢迎体验空白格·AI 的智能客服功能。请问有什么可以帮您的吗？比如想了解产品、使用技巧，或是解决某个具体问题？',NULL,NULL,NULL,NULL,NULL,NULL,NULL,NULL,0,'2026-06-05 16:15:52'),(491,'test-price','text','user',NULL,NULL,NULL,'你们的产品多少钱？',NULL,NULL,NULL,NULL,NULL,NULL,NULL,NULL,0,'2026-06-05 16:16:04'),(492,'test-price','text','ai',NULL,NULL,NULL,'您好！空白格·AI 提供多种智能客服解决方案，价格根据具体功能和服务规模有所不同。请问您需要了解哪个产品的价格？比如标准版、企业版，还是定制方案？告诉我更多信息，我可以帮您查询详细报价！',NULL,NULL,NULL,NULL,NULL,NULL,NULL,NULL,0,'2026-06-05 16:16:05'),(493,'test-price-1780648005','text','user',NULL,NULL,NULL,'你们的产品多少钱？',NULL,NULL,NULL,NULL,NULL,NULL,NULL,NULL,0,'2026-06-05 16:26:45'),(494,'test-price-1780648005','text','ai',NULL,NULL,NULL,'您好！我们空白格·AI 提供多种智能客服方案，价格根据功能和服务规模有所不同。请问您是对基础版、专业版还是企业版感兴趣？或者可以告诉我您的大致需求（比如用户数量、功能要求），我可以为您推荐合适的套餐和报价。',NULL,NULL,NULL,NULL,NULL,NULL,NULL,NULL,0,'2026-06-05 16:26:47'),(495,'test-greeting','text','user',NULL,NULL,NULL,'你好',NULL,NULL,NULL,NULL,NULL,NULL,NULL,NULL,0,'2026-06-05 16:26:47'),(496,'test-greeting','text','ai',NULL,NULL,NULL,'你好！我是空白格·AI的智能客服助手，很高兴为你服务。有什么可以帮你的吗？',NULL,NULL,NULL,NULL,NULL,NULL,NULL,NULL,0,'2026-06-05 16:26:48'),(497,'test-transfer','text','user',NULL,NULL,NULL,'我要转人工客服',NULL,NULL,NULL,NULL,NULL,NULL,NULL,NULL,0,'2026-06-05 16:26:48'),(498,'test-price-fix','text','user',NULL,NULL,NULL,'基础版多少钱',NULL,NULL,NULL,NULL,NULL,NULL,NULL,NULL,0,'2026-06-05 16:37:35'),(499,'test-price-fix','text','ai',NULL,NULL,NULL,'您好！关于基础版的价格，目前我们提供年付和月付两种方式：年付是 199 元/年，月付是 19.9 元/月。如果您需要更详细的功能说明或购买链接，可以告诉我，我会进一步协助您！',NULL,NULL,NULL,NULL,NULL,NULL,NULL,NULL,0,'2026-06-05 16:37:37'),(500,'test-price-1780649994','text','user',NULL,NULL,NULL,'你们的产品多少钱？',NULL,NULL,NULL,NULL,NULL,NULL,NULL,NULL,0,'2026-06-05 16:59:54'),(501,'test-price-1780649994','text','ai',NULL,NULL,NULL,'您好！我们空白格·AI 提供多种智能客服产品，价格根据具体功能和服务规模有所不同。比如，基础版起价是每月 99 元，高级版有更多定制选项。您能告诉我您需要哪种服务吗？这样我可以给您更准确的报价。',NULL,NULL,NULL,NULL,NULL,NULL,NULL,NULL,0,'2026-06-05 16:59:57'),(502,'test-greeting','text','user',NULL,NULL,NULL,'你好',NULL,NULL,NULL,NULL,NULL,NULL,NULL,NULL,0,'2026-06-05 16:59:57'),(503,'test-greeting','text','ai',NULL,NULL,NULL,'你好！很高兴再次见到你！有什么问题需要我帮忙吗？比如产品咨询、使用帮助，或者其他方面？',NULL,NULL,NULL,NULL,NULL,NULL,NULL,NULL,0,'2026-06-05 16:59:59'),(504,'test-transfer','text','user',NULL,NULL,NULL,'我要转人工客服',NULL,NULL,NULL,NULL,NULL,NULL,NULL,NULL,0,'2026-06-05 16:59:59'),(505,'test-price-1780650102','text','user',NULL,NULL,NULL,'你们的产品多少钱？',NULL,NULL,NULL,NULL,NULL,NULL,NULL,NULL,0,'2026-06-05 17:01:43'),(506,'test-price-1780650102','text','ai',NULL,NULL,NULL,'您好！我们空白格·AI 的产品价格根据具体方案有所不同，比如基础版起售价为 99 元/月，高级版为 299 元/月。请问您对哪个产品感兴趣？我可以提供更详细的报价。',NULL,NULL,NULL,NULL,NULL,NULL,NULL,NULL,0,'2026-06-05 17:01:44'),(507,'test-greeting','text','user',NULL,NULL,NULL,'你好',NULL,NULL,NULL,NULL,NULL,NULL,NULL,NULL,0,'2026-06-05 17:01:44'),(508,'test-greeting','text','ai',NULL,NULL,NULL,'你好！看来我们都很热情呀~ 😊 有什么具体问题需要我帮忙吗？比如产品介绍、功能使用或技术支持？',NULL,NULL,NULL,NULL,NULL,NULL,NULL,NULL,0,'2026-06-05 17:01:45'),(509,'test-transfer','text','user',NULL,NULL,NULL,'我要转人工客服',NULL,NULL,NULL,NULL,NULL,NULL,NULL,NULL,0,'2026-06-05 17:01:45'),(510,'test-price-final','text','user',NULL,NULL,NULL,'基础版多少钱一个月',NULL,NULL,NULL,NULL,NULL,NULL,NULL,NULL,0,'2026-06-05 17:06:17'),(511,'test-price-final','text','ai',NULL,NULL,NULL,'您好，关于基础版的价格，目前是**每月99元**。请问您需要了解具体的功能详情吗？',NULL,NULL,NULL,NULL,NULL,NULL,NULL,NULL,0,'2026-06-05 17:06:18'),(512,'test-price-666','text','user',NULL,NULL,NULL,'基础版多少钱一个月',NULL,NULL,NULL,NULL,NULL,NULL,NULL,NULL,0,'2026-06-05 17:07:21'),(513,'test-price-666','text','ai',NULL,NULL,NULL,'您好！空白格·AI 基础版的月费为 **99元/月**。如果您需要更详细的套餐功能对比或有其他问题，欢迎随时告诉我！',NULL,NULL,NULL,NULL,NULL,NULL,NULL,NULL,0,'2026-06-05 17:07:23'),(514,'test-final-price','text','user',NULL,NULL,NULL,'基础版多少钱一个月',NULL,NULL,NULL,NULL,NULL,NULL,NULL,NULL,0,'2026-06-05 17:08:39'),(515,'test-final-price','text','ai',NULL,NULL,NULL,'您好，感谢您的咨询！基础版的月费是 **99 元/月**。如果您需要更详细的功能介绍或有其他问题，请随时告诉我！',NULL,NULL,NULL,NULL,NULL,NULL,NULL,NULL,0,'2026-06-05 17:08:42'),(516,'test-price-1780650644','text','user',NULL,NULL,NULL,'你们的产品多少钱？',NULL,NULL,NULL,NULL,NULL,NULL,NULL,NULL,0,'2026-06-05 17:10:44'),(517,'test-price-1780650644','text','ai',NULL,NULL,NULL,'您好！我们空白格·AI 提供多种产品，价格因具体功能和服务而异。请问您感兴趣的是哪款产品（例如智能客服、AI 分析工具等）？或者，您可以告诉我您的需求，我帮您推荐合适的方案和报价。',NULL,NULL,NULL,NULL,NULL,NULL,NULL,NULL,0,'2026-06-05 17:10:46'),(518,'test-greeting','text','user',NULL,NULL,NULL,'你好',NULL,NULL,NULL,NULL,NULL,NULL,NULL,NULL,0,'2026-06-05 17:10:46'),(519,'test-greeting','text','ai',NULL,NULL,NULL,'你好！很高兴再次和你打招呼！😊 如果有任何问题或需要帮助的地方，请随时告诉我，我会尽力为你提供支持！',NULL,NULL,NULL,NULL,NULL,NULL,NULL,NULL,0,'2026-06-05 17:10:48'),(520,'test-transfer','text','user',NULL,NULL,NULL,'我要转人工客服',NULL,NULL,NULL,NULL,NULL,NULL,NULL,NULL,0,'2026-06-05 17:10:48'),(521,'test-price-001','text','user',NULL,NULL,NULL,'你们的产品多少钱',NULL,NULL,NULL,NULL,NULL,NULL,NULL,NULL,0,'2026-06-05 18:21:09'),(522,'test-price-fix-001','text','user',NULL,NULL,NULL,'你们的产品多少钱',NULL,NULL,NULL,NULL,NULL,NULL,NULL,NULL,0,'2026-06-05 18:32:00'),(523,'test-price-fix-001','text','user',NULL,NULL,NULL,'你们的产品多少钱',NULL,NULL,NULL,NULL,NULL,NULL,NULL,NULL,0,'2026-06-05 18:32:13'),(524,'test-price-fix-002','text','user',NULL,NULL,NULL,'你们的产品多少钱',NULL,NULL,NULL,NULL,NULL,NULL,NULL,NULL,0,'2026-06-05 18:32:24'),(525,'test-price-fix-002','text','ai',NULL,NULL,NULL,'抱歉，AI 服务暂时不可用，请稍后再试。（错误码：401）',NULL,NULL,NULL,NULL,NULL,NULL,NULL,NULL,0,'2026-06-05 18:32:25'),(526,'price-test-final','text','user',NULL,NULL,NULL,'你们的产品多少钱',NULL,NULL,NULL,NULL,NULL,NULL,NULL,NULL,0,'2026-06-05 18:50:55'),(527,'price-test-final','text','ai',NULL,NULL,NULL,'您好！根据我们的官方定价，空白格·AI 提供以下版本：\n\n- **基础版**：999 元/月（或 199 元/年）\n- **专业版**：2999 元/月\n- **企业版**：9999 元/月（定制化部署）\n\n请问您对哪个版本感兴趣？我可以进一步为您介绍功能详情。',NULL,NULL,NULL,NULL,NULL,NULL,NULL,NULL,0,'2026-06-05 18:50:57'),(528,'user-scene1','text','user',NULL,NULL,NULL,'你好',NULL,NULL,NULL,NULL,NULL,NULL,NULL,NULL,0,'2026-06-05 18:59:53'),(529,'user-scene1','text','ai',NULL,NULL,NULL,'你好！欢迎来到空白格·AI智能客服系统，有什么可以帮您的吗？',NULL,NULL,NULL,NULL,NULL,NULL,NULL,NULL,0,'2026-06-05 18:59:54'),(530,'user-scene2','text','user',NULL,NULL,NULL,'你们的产品多少钱',NULL,NULL,NULL,NULL,NULL,NULL,NULL,NULL,0,'2026-06-05 18:59:54'),(531,'user-scene2','text','ai',NULL,NULL,NULL,'您好！关于我们的产品价格，以下是官方定价供您参考：\n\n- **基础版**：999 元/月（或 199 元/年）\n- **专业版**：2999 元/月\n- **企业版**：9999 元/月（定制化部署）\n\n请问您对哪个版本感兴趣？我可以进一步为您介绍功能特点。',NULL,NULL,NULL,NULL,NULL,NULL,NULL,NULL,0,'2026-06-05 18:59:56'),(532,'user-scene3','text','user',NULL,NULL,NULL,'你们的产品有什么功能',NULL,NULL,NULL,NULL,NULL,NULL,NULL,NULL,0,'2026-06-05 18:59:56'),(533,'user-scene3','text','ai',NULL,NULL,NULL,'您好！感谢您对空白格·AI 产品的关注。我们提供多款智能客服解决方案，核心功能包括：自动应答常见问题、7x24小时在线服务、多语言支持、知识库管理、数据分析与报表、以及与企业系统（如CRM、ERP）的集成对接。\n\n不同版本的功能深度和定制化程度有所不同。例如，基础版适合小型团队快速上手，专业版支持更复杂的对话流程，企业版则提供完全定制化部署和高级安全策略。\n\n如果您想了解具体某个版本的功能细节，或者想对比不同版本，请告诉我，我很乐意为您详细介绍！',NULL,NULL,NULL,NULL,NULL,NULL,NULL,NULL,0,'2026-06-05 18:59:59'),(534,'user-scene4','text','user',NULL,NULL,NULL,'我要转人工',NULL,NULL,NULL,NULL,NULL,NULL,NULL,NULL,0,'2026-06-05 18:59:59'),(535,'user-scene5','text','user',NULL,NULL,NULL,'你们的 service 太差了，我要投诉',NULL,NULL,NULL,NULL,NULL,NULL,NULL,NULL,0,'2026-06-05 19:00:00'),(536,'user-scene6','text','user',NULL,NULL,NULL,'我的订单怎么还没到',NULL,NULL,NULL,NULL,NULL,NULL,NULL,NULL,0,'2026-06-05 19:00:00'),(537,'user-scene6','text','ai',NULL,NULL,NULL,'您好，很抱歉给您带来不便。要查询您的订单物流状态，请提供您的**订单号**或**注册手机号**，我来帮您核实具体进度。',NULL,NULL,NULL,NULL,NULL,NULL,NULL,NULL,0,'2026-06-05 19:00:03'),(538,'user-scene7','text','user',NULL,NULL,NULL,'嗯...就是那个...',NULL,NULL,NULL,NULL,NULL,NULL,NULL,NULL,0,'2026-06-05 19:00:03'),(539,'user-scene7','text','ai',NULL,NULL,NULL,'您好，我是空白格·AI的智能客服助手。请问有什么可以帮您的吗？请告诉我您需要咨询的具体问题，比如产品功能、价格或服务支持等，我会尽力为您解答。',NULL,NULL,NULL,NULL,NULL,NULL,NULL,NULL,0,'2026-06-05 19:00:05'),(540,'user-scene8-multi','text','user',NULL,NULL,NULL,'我想了解一下价格',NULL,NULL,NULL,NULL,NULL,NULL,NULL,NULL,0,'2026-06-05 19:00:05'),(541,'user-scene8-multi','text','ai',NULL,NULL,NULL,'您好！很高兴为您介绍空白格·AI 的官方定价方案：\n\n- **基础版**：999 元/月（或 199 元/年）\n- **专业版**：2999 元/月\n- **企业版**：9999 元/月（定制化部署）\n\n请问您对哪个版本感兴趣？或者需要我帮您推荐适合的方案吗？',NULL,NULL,NULL,NULL,NULL,NULL,NULL,NULL,0,'2026-06-05 19:00:08'),(542,'user-scene8-multi','text','user',NULL,NULL,NULL,'那专业版呢',NULL,NULL,NULL,NULL,NULL,NULL,NULL,NULL,0,'2026-06-05 19:00:08'),(543,'user-scene8-multi','text','ai',NULL,NULL,NULL,'您好！根据官方定价，**专业版**的价格为 **2999 元/月**。\n\n如果您需要了解该版本的具体功能或与其他版本的对比，欢迎随时告诉我，我很乐意为您详细介绍！',NULL,NULL,NULL,NULL,NULL,NULL,NULL,NULL,0,'2026-06-05 19:00:10'),(544,'test-complaint','text','user',NULL,NULL,NULL,'你们的 service 太差了，我要投诉',NULL,NULL,NULL,NULL,NULL,NULL,NULL,NULL,0,'2026-06-05 19:00:45'),(545,'test123','text','user',NULL,NULL,NULL,'你好',NULL,NULL,NULL,NULL,NULL,NULL,NULL,NULL,0,'2026-06-05 19:07:27'),(546,'test123','text','ai',NULL,NULL,NULL,'抱歉，AI 服务暂时不可用，请稍后再试。（错误码：401）\n\n抱歉，AI 服务暂时不可用，请稍后再试。（错误码：401）',NULL,NULL,NULL,NULL,NULL,NULL,NULL,NULL,0,'2026-06-05 19:07:29'),(547,'debug-key-test','text','user',NULL,NULL,NULL,'测试',NULL,NULL,NULL,NULL,NULL,NULL,NULL,NULL,0,'2026-06-05 19:13:35'),(548,'debug-key-test','text','ai',NULL,NULL,NULL,'您好！我是空白格·AI 的智能客服助手，很高兴为您服务。请问有什么可以帮助您的吗？您可以咨询关于我们产品的功能、价格或使用问题。',NULL,NULL,NULL,NULL,NULL,NULL,NULL,NULL,0,'2026-06-05 19:13:38'),(549,'user-scene1','text','user',NULL,NULL,NULL,'你好',NULL,NULL,NULL,NULL,NULL,NULL,NULL,NULL,0,'2026-06-05 19:13:53'),(550,'user-scene1','text','ai',NULL,NULL,NULL,'你好！很高兴再次见到你！请问有什么我可以帮助你的吗？',NULL,NULL,NULL,NULL,NULL,NULL,NULL,NULL,0,'2026-06-05 19:13:54'),(551,'user-scene2','text','user',NULL,NULL,NULL,'你们的产品多少钱',NULL,NULL,NULL,NULL,NULL,NULL,NULL,NULL,0,'2026-06-05 19:13:54'),(552,'user-scene2','text','ai',NULL,NULL,NULL,'您好！根据官方定价，我们的产品价格如下：\n\n- **基础版**：999 元/月（或 199 元/年）\n- **专业版**：2999 元/月\n- **企业版**：9999 元/月（定制化部署）\n\n请问您对哪个版本感兴趣？或者需要我帮您对比一下不同版本的功能吗？',NULL,NULL,NULL,NULL,NULL,NULL,NULL,NULL,0,'2026-06-05 19:13:55'),(553,'user-scene3','text','user',NULL,NULL,NULL,'你们的产品有什么功能',NULL,NULL,NULL,NULL,NULL,NULL,NULL,NULL,0,'2026-06-05 19:13:55'),(554,'user-scene3','text','ai',NULL,NULL,NULL,'您好！很高兴为您介绍空白格·AI 产品的功能。\n\n我们的智能客服系统核心功能包括：\n1.  **自动应答**：7x24小时快速解答用户常见问题。\n2.  **多语言支持**：支持多种语言交互。\n3.  **知识库管理**：轻松上传和更新企业知识内容。\n4.  **数据分析**：提供对话报表和用户行为洞察。\n5.  **系统集成**：可与CRM、ERP等企业系统无缝对接。\n\n不同版本的功能侧重不同：\n- **基础版**：适合快速入门，覆盖核心自动应答功能。\n- **专业版**：支持更复杂的对话流程和深度数据分析。\n- **企业版**：提供完全定制化部署和高级安全策略。\n\n如果您想了解具体某个版本的详细功能清单，或需要对比不同版本，请随时告诉我！',NULL,NULL,NULL,NULL,NULL,NULL,NULL,NULL,0,'2026-06-05 19:13:58'),(555,'user-scene4','text','user',NULL,NULL,NULL,'我要转人工',NULL,NULL,NULL,NULL,NULL,NULL,NULL,NULL,0,'2026-06-05 19:13:58'),(556,'user-scene5','text','user',NULL,NULL,NULL,'你们的 service 太差了，我要投诉',NULL,NULL,NULL,NULL,NULL,NULL,NULL,NULL,0,'2026-06-05 19:13:58'),(557,'user-scene6','text','user',NULL,NULL,NULL,'我的订单怎么还没到',NULL,NULL,NULL,NULL,NULL,NULL,NULL,NULL,0,'2026-06-05 19:13:59'),(558,'user-scene6','text','ai',NULL,NULL,NULL,'您好，我理解您很关心订单的物流状态。为了尽快帮您查到原因，请您提供一下**订单号**或您**下单时使用的手机号**，我来为您查询具体运输进度。',NULL,NULL,NULL,NULL,NULL,NULL,NULL,NULL,0,'2026-06-05 19:14:01'),(559,'user-scene7','text','user',NULL,NULL,NULL,'嗯...就是那个...',NULL,NULL,NULL,NULL,NULL,NULL,NULL,NULL,0,'2026-06-05 19:14:01'),(560,'user-scene7','text','ai',NULL,NULL,NULL,'您好，看起来您可能有些犹豫或不太确定具体要问什么。没关系，您可以慢慢说。比如是想了解我们的AI产品功能、价格方案，还是其他服务？直接告诉我，我会为您详细解答。',NULL,NULL,NULL,NULL,NULL,NULL,NULL,NULL,0,'2026-06-05 19:14:03'),(561,'user-scene8-multi','text','user',NULL,NULL,NULL,'我想了解一下价格',NULL,NULL,NULL,NULL,NULL,NULL,NULL,NULL,0,'2026-06-05 19:14:03'),(562,'user-scene8-multi','text','ai',NULL,NULL,NULL,'您好！专业版的价格是 **2999 元/月**。如果您想了解专业版包含的具体功能或与其他版本的对比，请随时告诉我，我会为您详细解答！',NULL,NULL,NULL,NULL,NULL,NULL,NULL,NULL,0,'2026-06-05 19:14:05'),(563,'user-scene8-multi','text','user',NULL,NULL,NULL,'那专业版呢',NULL,NULL,NULL,NULL,NULL,NULL,NULL,NULL,0,'2026-06-05 19:14:05'),(564,'user-scene8-multi','text','ai',NULL,NULL,NULL,'您好，根据官方定价，**专业版**的价格是 **2999 元/月**。\n\n如果您还想了解专业版的具体功能、技术参数，或者想对比一下基础版和企业版的区别，欢迎随时告诉我，我很乐意为您进一步解答！',NULL,NULL,NULL,NULL,NULL,NULL,NULL,NULL,0,'2026-06-05 19:14:07'),(565,'test-complaint-debug','text','user',NULL,NULL,NULL,'你们的 service 太差了，我要投诉',NULL,NULL,NULL,NULL,NULL,NULL,NULL,NULL,0,'2026-06-05 19:22:19'),(566,'test-complaint-fix','text','user',NULL,NULL,NULL,'你们的 service 太差了，我要投诉',NULL,NULL,NULL,NULL,NULL,NULL,NULL,NULL,0,'2026-06-05 19:22:49'),(567,'test-complaint-fix','text','user',NULL,NULL,NULL,'你们的 service 太差了，我要投诉',NULL,NULL,NULL,NULL,NULL,NULL,NULL,NULL,0,'2026-06-05 19:23:07'),(568,'test-complaint-fixed','text','user',NULL,NULL,NULL,'你们的 service 太差了，我要投诉',NULL,NULL,NULL,NULL,NULL,NULL,NULL,NULL,0,'2026-06-05 19:23:58'),(569,'test-complaint-final','text','user',NULL,NULL,NULL,'你们的 service 太差了，我要投诉',NULL,NULL,NULL,NULL,NULL,NULL,NULL,NULL,0,'2026-06-05 19:27:13'),(570,'t1','text','user',NULL,NULL,NULL,'我要投诉',NULL,NULL,NULL,NULL,NULL,NULL,NULL,NULL,0,'2026-06-05 19:31:14'),(571,'user-scene1','text','user',NULL,NULL,NULL,'你好',NULL,NULL,NULL,NULL,NULL,NULL,NULL,NULL,0,'2026-06-05 19:34:56'),(572,'user-scene1','text','ai',NULL,NULL,NULL,'你好！很高兴为你服务，有什么关于空白格·AI产品的问题可以问我吗？',NULL,NULL,NULL,NULL,NULL,NULL,NULL,NULL,0,'2026-06-05 19:34:58'),(573,'user-scene2','text','user',NULL,NULL,NULL,'你们的产品多少钱',NULL,NULL,NULL,NULL,NULL,NULL,NULL,NULL,0,'2026-06-05 19:34:58'),(574,'user-scene2','text','ai',NULL,NULL,NULL,'您好！我们的产品官方定价如下：\n\n- **基础版**：999 元/月（或 199 元/年）\n- **专业版**：2999 元/月\n- **企业版**：9999 元/月（定制化部署）\n\n如果您想了解不同版本的功能区别或推荐合适的方案，欢迎随时告诉我！😊',NULL,NULL,NULL,NULL,NULL,NULL,NULL,NULL,0,'2026-06-05 19:34:59'),(575,'user-scene3','text','user',NULL,NULL,NULL,'你们的产品有什么功能',NULL,NULL,NULL,NULL,NULL,NULL,NULL,NULL,0,'2026-06-05 19:34:59'),(576,'user-scene3','text','ai',NULL,NULL,NULL,'您好！看来您非常关心产品的功能。我们空白格·AI的智能客服系统核心功能如下：\n\n1.  **智能自动应答**：7x24小时快速、准确地回答用户常见问题。\n2.  **多语言支持**：轻松应对不同语种的客户咨询。\n3.  **知识库管理**：方便您上传、更新和管理企业专属知识内容。\n4.  **数据分析**：提供详尽的对话报表和用户行为洞察，辅助决策。\n5.  **系统集成**：可无缝对接您的CRM、ERP等现有系统。\n\n不同版本的功能侧重不同，具体定价如下：\n- **基础版**：999 元/月 (或 199 元/年)，适合快速入门。\n- **专业版**：2999 元/月，支持更复杂的对话流程。\n- **企业版**：9999 元/月，提供完全定制化部署。\n\n如果您想了解某个版本的详细功能清单，或需要对比推荐，请随时告诉我！',NULL,NULL,NULL,NULL,NULL,NULL,NULL,NULL,0,'2026-06-05 19:35:03'),(577,'user-scene4','text','user',NULL,NULL,NULL,'我要转人工',NULL,NULL,NULL,NULL,NULL,NULL,NULL,NULL,0,'2026-06-05 19:35:03'),(578,'user-scene5','text','user',NULL,NULL,NULL,'你们的 service 太差了，我要投诉',NULL,NULL,NULL,NULL,NULL,NULL,NULL,NULL,0,'2026-06-05 19:35:03'),(579,'user-scene6','text','user',NULL,NULL,NULL,'我的订单怎么还没到',NULL,NULL,NULL,NULL,NULL,NULL,NULL,NULL,0,'2026-06-05 19:35:03'),(580,'user-scene6','text','ai',NULL,NULL,NULL,'您好，理解您着急的心情。要准确查询您的订单状态，需要您提供以下任一信息：\n\n1.  **订单号**\n2.  **下单时使用的手机号**\n\n请您提供其中一项，我立刻帮您核实物流进度。',NULL,NULL,NULL,NULL,NULL,NULL,NULL,NULL,0,'2026-06-05 19:35:05'),(581,'user-scene7','text','user',NULL,NULL,NULL,'嗯...就是那个...',NULL,NULL,NULL,NULL,NULL,NULL,NULL,NULL,0,'2026-06-05 19:35:05'),(582,'user-scene7','text','ai',NULL,NULL,NULL,'您好，看起来您有些犹豫。别着急，我给您几个选项参考，看看是不是在找这些信息：\n\n1.  **产品价格**：我们的官方定价如下：\n    *   **基础版**：999 元/月（或 199 元/年）\n    *   **专业版**：2999 元/月\n    *   **企业版**：9999 元/月（定制化部署）\n\n2.  **产品功能**：比如智能对话、数据分析、自动化流程等。\n\n3.  **技术支持**：或者您遇到了使用上的问题需要协助。\n\n您可以告诉我具体是哪一项，我会详细为您解答。',NULL,NULL,NULL,NULL,NULL,NULL,NULL,NULL,0,'2026-06-05 19:35:08'),(583,'user-scene8-multi','text','user',NULL,NULL,NULL,'我想了解一下价格',NULL,NULL,NULL,NULL,NULL,NULL,NULL,NULL,0,'2026-06-05 19:35:08'),(584,'user-scene8-multi','text','ai',NULL,NULL,NULL,'您好！根据官方定价，**专业版**的价格是 **2999 元/月**。\n\n请问您需要了解专业版的具体功能，或者与其他版本（如基础版或企业版）进行对比吗？我很乐意为您详细解答！',NULL,NULL,NULL,NULL,NULL,NULL,NULL,NULL,0,'2026-06-05 19:35:09'),(585,'user-scene8-multi','text','user',NULL,NULL,NULL,'那专业版呢',NULL,NULL,NULL,NULL,NULL,NULL,NULL,NULL,0,'2026-06-05 19:35:09'),(586,'user-scene8-multi','text','ai',NULL,NULL,NULL,'您好！根据官方定价，**专业版**的价格是 **2999 元/月**。\n\n请问您需要我进一步介绍专业版的具体功能特点，或者帮您对比一下基础版和企业版的差异吗？',NULL,NULL,NULL,NULL,NULL,NULL,NULL,NULL,0,'2026-06-05 19:35:11'),(587,'test-price-check','text','user',NULL,NULL,NULL,'价格多少',NULL,NULL,NULL,NULL,NULL,NULL,NULL,NULL,0,'2026-06-05 19:43:37'),(588,'test-price-final','text','user',NULL,NULL,NULL,'价格多少',NULL,NULL,NULL,NULL,NULL,NULL,NULL,NULL,0,'2026-06-05 19:50:28'),(589,'test-price-final','text','ai',NULL,NULL,NULL,'抱歉，AI 服务暂时不可用，请稍后再试。（错误码：401）',NULL,NULL,NULL,NULL,NULL,NULL,NULL,NULL,0,'2026-06-05 19:50:29'),(590,'test-price-check','text','user',NULL,NULL,NULL,'价格多少',NULL,NULL,NULL,NULL,NULL,NULL,NULL,NULL,0,'2026-06-05 20:23:48'),(591,'test-price-check','text','ai',NULL,NULL,NULL,'抱歉，AI 服务暂时不可用，请稍后再试。（错误码：401）',NULL,NULL,NULL,NULL,NULL,NULL,NULL,NULL,0,'2026-06-05 20:23:51'),(592,'test-price-kb','text','user',NULL,NULL,NULL,'价格多少',NULL,NULL,NULL,NULL,NULL,NULL,NULL,NULL,0,'2026-06-05 21:06:10'),(593,'test-price-kb','text','ai',NULL,NULL,NULL,'我们的 AI 客服系统提供以下套餐：\n\n📦 基础版：999 元/月\n  - AI 智能接待\n  - 知识库管理\n  - 基础报表\n\n🚀 专业版：2999 元/月\n  - 基础版全部功能\n  - 全渠道接入\n  - 坐席管理\n  - 高级数据分析\n\n💎 企业版：9999 元/月\n  - 专业版全部功能\n  - 定制化部署\n  - 专属客服\n  - API 对接支持\n\n如需了解更多或申请试用，请点击「转人工」联系销售顾问。',NULL,NULL,NULL,NULL,NULL,NULL,NULL,NULL,0,'2026-06-05 21:06:12'),(594,'test-final-1','text','user',NULL,NULL,NULL,'你好',NULL,NULL,NULL,NULL,NULL,NULL,NULL,NULL,0,'2026-06-05 21:06:55'),(595,'test-final-1','text','ai',NULL,NULL,NULL,'你好！欢迎来到空白格·AI 智能客服系统，我是你的AI助手。请问有什么可以帮助你的？',NULL,NULL,NULL,NULL,NULL,NULL,NULL,NULL,0,'2026-06-05 21:06:56'),(596,'test-final-2','text','user',NULL,NULL,NULL,'我要投诉',NULL,NULL,NULL,NULL,NULL,NULL,NULL,NULL,0,'2026-06-05 21:07:15'),(597,'test-new-logic','text','user',NULL,NULL,NULL,'价格多少',NULL,NULL,NULL,NULL,NULL,NULL,NULL,NULL,0,'2026-06-05 21:13:22'),(598,'test-new-logic','text','ai',NULL,NULL,NULL,'我们的 AI 客服系统提供以下套餐：\n\n📦 基础版：999 元/月\n  - AI 智能接待\n  - 知识库管理\n  - 基础报表\n\n🚀 专业版：2999 元/月\n  - 基础版全部功能\n  - 全渠道接入\n  - 坐席管理\n  - 高级数据分析\n\n💎 企业版：9999 元/月\n  - 专业版全部功能\n  - 定制化部署\n  - 专属客服\n  - API 对接支持\n\n如需了解更多或申请试用，请点击「转人工」联系销售顾问。',NULL,NULL,NULL,NULL,NULL,NULL,NULL,NULL,0,'2026-06-05 21:13:24'),(599,'test-features','text','user',NULL,NULL,NULL,'你们有什么功能',NULL,NULL,NULL,NULL,NULL,NULL,NULL,NULL,0,'2026-06-05 21:13:35'),(600,'test-features','text','ai',NULL,NULL,NULL,'我们空白格·AI 提供多种智能客服功能，包括但不限于：\n- **智能问答**：7x24小时自动回答常见问题。\n- **多轮对话**：支持复杂场景下的上下文理解与连续对话。\n- **知识库管理**：可自定义上传和更新企业知识库。\n- **多渠道接入**：支持网站、APP、微信公众号等平台集成。\n- **数据分析**：提供对话统计和客户行为洞察报表。\n\n如需了解更详细的功能列表或价格，请告知具体需求，我会为您进一步解答。',NULL,NULL,NULL,NULL,NULL,NULL,NULL,NULL,0,'2026-06-05 21:13:38'),(601,'test-new-arch','text','user',NULL,NULL,NULL,'价格多少',NULL,NULL,NULL,NULL,NULL,NULL,NULL,NULL,0,'2026-06-05 21:29:03'),(602,'test-new-arch','text','ai',NULL,NULL,NULL,'很高兴为您介绍！根据我们的官方定价，AI 客服系统提供以下套餐：\n\n📦 **基础版**：999 元/月  \n🚀 **专业版**：2999 元/月  \n💎 **企业版**：9999 元/月  \n\n如需详细功能说明或申请试用，欢迎点击「转人工」联系销售顾问 💼',NULL,NULL,NULL,NULL,NULL,NULL,NULL,NULL,0,'2026-06-05 21:29:06'),(603,'test-kb-update','text','user',NULL,NULL,NULL,'价格多少',NULL,NULL,NULL,NULL,NULL,NULL,NULL,NULL,0,'2026-06-05 21:29:42'),(604,'test-kb-update','text','ai',NULL,NULL,NULL,'您好！我们提供以下三档套餐，价格如下：\n\n- **基础版**：999 元/月\n- **专业版**：2,999 元/月\n- **企业版**：9,999 元/月\n\n如果您需要更详细的报价或想了解定制方案，可以点击「转人工」联系销售顾问。😊',NULL,NULL,NULL,NULL,NULL,NULL,NULL,NULL,0,'2026-06-05 21:29:44'),(605,'test-final-kb','text','user',NULL,NULL,NULL,'价格多少',NULL,NULL,NULL,NULL,NULL,NULL,NULL,NULL,0,'2026-06-05 21:31:04'),(606,'test-final-kb','text','ai',NULL,NULL,NULL,'好的，很高兴为您查询价格信息！\n\n根据我们官方提供的套餐，价格如下：\n\n*   **基础版**：999 元/月\n*   **专业版**：2999 元/月\n*   **企业版**：9999 元/月\n\n如果您想了解更详细的报价或功能对比，可以点击「转人工」联系我们的销售顾问，他们会为您提供专业的服务。',NULL,NULL,NULL,NULL,NULL,NULL,NULL,NULL,0,'2026-06-05 21:31:06'),(607,'test-debug','text','user',NULL,NULL,NULL,'产品价格',NULL,NULL,NULL,NULL,NULL,NULL,NULL,NULL,0,'2026-06-05 21:31:50'),(608,'test-debug','text','ai',NULL,NULL,NULL,'很高兴为您介绍我们的 AI 客服系统套餐：\n\n📦 **基础版**：999 元/月  \n- AI 智能接待  \n- 知识库管理  \n- 基础报表  \n\n🚀 **专业版**：2,999 元/月  \n- 基础版全部功能  \n- 全渠道接入  \n- 坐席管理  \n- 高级数据分析  \n\n💎 **企业版**：9,999 元/月  \n- 专业版全部功能  \n- 定制化部署  \n- 专属客服  \n- API 对接支持  \n\n如需详细报价或申请试用，可以点击「转人工」联系销售顾问哦！😊',NULL,NULL,NULL,NULL,NULL,NULL,NULL,NULL,0,'2026-06-05 21:31:52'),(609,'test-new-service','text','user',NULL,NULL,NULL,'价格多少',NULL,NULL,NULL,NULL,NULL,NULL,NULL,NULL,0,'2026-06-05 21:37:10'),(610,'test-new-service','text','ai',NULL,NULL,NULL,'很高兴为您查询！根据我们的官方定价，AI 客服系统提供以下套餐：\n\n- **基础版**：999 元/月\n- **专业版**：2999 元/月\n- **企业版**：9999 元/月\n\n各套餐功能不同，如需详细了解或获取试用，可以点击「转人工」联系销售顾问哦！😊',NULL,NULL,NULL,NULL,NULL,NULL,NULL,NULL,0,'2026-06-05 21:37:14'),(611,'test-kb-final','text','user',NULL,NULL,NULL,'价格多少',NULL,NULL,NULL,NULL,NULL,NULL,NULL,NULL,0,'2026-06-05 21:38:44'),(612,'test-kb-final','text','ai',NULL,NULL,NULL,'您好！很高兴为您查询价格信息。根据我们官方提供的套餐，具体价格如下：\n\n- **基础版**：¥999/月（AI 客服 + 知识库）\n- **专业版**：¥2999/月（全渠道 + 坐席 + 报表）\n- **企业版**：¥9999/月（定制化 + 专属部署）\n\n如果您需要更详细的报价或想了解按量计费、资源包等方案，建议您点击「转人工」联系销售顾问，他们会为您提供专属服务。😊',NULL,NULL,NULL,NULL,NULL,NULL,NULL,NULL,0,'2026-06-05 21:38:47'),(613,'test-port-8088','text','user',NULL,NULL,NULL,'价格多少',NULL,NULL,NULL,NULL,NULL,NULL,NULL,NULL,0,'2026-06-05 21:52:05'),(614,'test-port-8088','text','ai',NULL,NULL,NULL,'抱歉，AI 服务暂时不可用，请稍后再试。（错误码：401）',NULL,NULL,NULL,NULL,NULL,NULL,NULL,NULL,0,'2026-06-05 21:52:06'),(615,'test123','text','user',NULL,NULL,NULL,'价格多少',NULL,NULL,NULL,NULL,NULL,NULL,NULL,NULL,0,'2026-06-05 22:20:49'),(616,'final-test-key','text','user',NULL,NULL,NULL,'价格多少',NULL,NULL,NULL,NULL,NULL,NULL,NULL,NULL,0,'2026-06-05 22:25:15'),(617,'debug-ai-test','text','user',NULL,NULL,NULL,'测试 AI 连接',NULL,NULL,NULL,NULL,NULL,NULL,NULL,NULL,0,'2026-06-05 22:29:55'),(618,'test-with-robot','text','user',NULL,NULL,NULL,'价格多少',NULL,NULL,NULL,NULL,NULL,NULL,NULL,NULL,0,'2026-06-05 22:33:07'),(619,'test-with-robot','text','ai',NULL,NULL,NULL,'您好！关于价格，我们提供多种套餐供您选择：\n\n- **基础版**：¥999/月（AI 客服 + 知识库）\n- **专业版**：¥2,999/月（全渠道 + 坐席 + 报表）\n- **企业版**：¥9,999/月（定制化 + 专属部署）\n\n如果您需要更详细的报价或定制方案，可以点击「转人工」联系销售顾问哦！😊',NULL,NULL,NULL,NULL,NULL,NULL,NULL,NULL,0,'2026-06-05 22:33:11'),(620,'test-port-8082','text','user',NULL,NULL,NULL,'价格多少',NULL,NULL,NULL,NULL,NULL,NULL,NULL,NULL,0,'2026-06-05 22:58:29'),(621,'test-port-8082','text','ai',NULL,NULL,NULL,'您好！根据我们的官方信息，目前有以下套餐供您选择：\n\n- **基础版**：¥999/月（AI 客服 + 知识库）\n- **专业版**：¥2,999/月（全渠道 + 坐席 + 报表）\n- **企业版**：¥9,999/月（定制化 + 专属部署）\n\n另外，我们也支持**按量计费**（按调用次数阶梯计价）、**资源包**（预付费更优惠）以及**包年包月**（企业版专享）。新用户还可享 **3 个月免费试用**。\n\n如果您需要更详细的报价或定制方案，可以点击「转人工」联系销售顾问哦！😊',NULL,NULL,NULL,NULL,NULL,NULL,NULL,NULL,0,'2026-06-05 22:58:33'),(622,'test-old-jar-final','text','user',NULL,NULL,NULL,'价格多少',NULL,NULL,NULL,NULL,NULL,NULL,NULL,NULL,0,'2026-06-05 23:15:41'),(623,'test-old-jar-final','text','ai',NULL,NULL,NULL,'您好！根据官方定价，我们的服务分为以下几个版本：\n\n- **基础版**：999 元/月 或 199 元/年\n- **专业版**：2999 元/月\n- **企业版**：9999 元/月（定制化部署）\n\n请问您对哪个版本感兴趣？我可以为您详细介绍功能或推荐适合的方案。',NULL,NULL,NULL,NULL,NULL,NULL,NULL,NULL,0,'2026-06-05 23:15:45'),(624,'test-price-final-check','text','user',NULL,NULL,NULL,'价格多少',NULL,NULL,NULL,NULL,NULL,NULL,NULL,NULL,0,'2026-06-05 23:27:52'),(625,'test-price-final-check','text','ai',NULL,NULL,NULL,'您好！根据官方定价，我们提供以下版本供您选择：\n\n- **基础版**：999 元/月（或 199 元/年）\n- **专业版**：2999 元/月\n- **企业版**：9999 元/月（定制化部署）\n\n请问您对哪个版本感兴趣？我可以为您详细介绍功能差异。',NULL,NULL,NULL,NULL,NULL,NULL,NULL,NULL,0,'2026-06-05 23:27:57'),(626,'test-price-after-db-update','text','user',NULL,NULL,NULL,'你们怎么收费',NULL,NULL,NULL,NULL,NULL,NULL,NULL,NULL,0,'2026-06-05 23:40:37'),(627,'test-price-after-db-update','text','ai',NULL,NULL,NULL,'您好！我们提供三个版本的定价方案，具体如下：\n- **基础版**：999 元/月（或 199 元/年）\n- **专业版**：2999 元/月\n- **企业版**：9999 元/月（支持定制化部署）\n\n请问您对哪个版本感兴趣？我可以为您详细介绍功能差异。',NULL,NULL,NULL,NULL,NULL,NULL,NULL,NULL,0,'2026-06-05 23:40:40'),(628,'test123','text','user',NULL,NULL,NULL,'多少钱',NULL,NULL,NULL,NULL,NULL,NULL,NULL,NULL,0,'2026-06-06 07:14:35'),(629,'test123','text','ai',NULL,NULL,NULL,'您好！关于价格，我们提供以下官方定价方案：\n\n- **基础版**：999 元/月（或 199 元/年）\n- **专业版**：2999 元/月\n- **企业版**：9999 元/月（定制化部署）\n\n请问您对哪个版本感兴趣？或者需要我帮您对比一下功能区别吗？',NULL,NULL,NULL,NULL,NULL,NULL,NULL,NULL,0,'2026-06-06 07:14:39'),(630,'test123','text','user',NULL,NULL,NULL,'多少钱',NULL,NULL,NULL,NULL,NULL,NULL,NULL,NULL,0,'2026-06-06 09:07:59'),(631,'test123','text','ai',NULL,NULL,NULL,'您好！很高兴为您服务！\n\n根据我们最新的价格方案，以下是各版本价格：\n\n- **基础版**：88888 元/月\n- **专业版**：77777 元/月\n\n如果您需要更详细的功能介绍或定制方案，可以随时告诉我，或者直接点击「转人工」联系销售顾问，他们会为您提供一对一的专业服务 💼',NULL,NULL,NULL,NULL,NULL,NULL,NULL,NULL,0,'2026-06-06 09:08:03'),(632,'test666','text','user',NULL,NULL,NULL,'价格多少',NULL,NULL,NULL,NULL,NULL,NULL,NULL,NULL,0,'2026-06-06 09:08:26'),(633,'test666','text','ai',NULL,NULL,NULL,'您好！很高兴为您介绍我们的AI服务价格。根据最新信息（2026年6月更新），我们的套餐如下：\n\n- **基础版**：88,888元/月  \n- **专业版**：77,777元/月  \n\n如需更详细的报价或咨询企业版，建议您点击「转人工」联系销售顾问，他们会为您提供定制方案 💼',NULL,NULL,NULL,NULL,NULL,NULL,NULL,NULL,0,'2026-06-06 09:08:28'),(634,'final-test-001','text','user',NULL,NULL,NULL,'多少钱',NULL,NULL,NULL,NULL,NULL,NULL,NULL,NULL,0,'2026-06-06 09:17:17'),(635,'final-test-001','text','ai',NULL,NULL,NULL,'您好！很高兴为您查询价格。根据我们最新的价格信息（2026年6月更新），我们的服务套餐如下：\n\n- **基础版**：88,888 元/月\n- **专业版**：77,777 元/月\n\n如果您需要了解更详细的功能或定制方案，建议您点击「转人工」咨询我们的销售顾问，他们会为您提供更全面的介绍。',NULL,NULL,NULL,NULL,NULL,NULL,NULL,NULL,0,'2026-06-06 09:17:19'),(636,'test-final-001','text','user',NULL,NULL,NULL,'多少钱',NULL,NULL,NULL,NULL,NULL,NULL,NULL,NULL,0,'2026-06-06 09:29:14'),(637,'test-final-001','text','ai',NULL,NULL,NULL,'您好！很高兴为您提供价格信息。\n\n根据我们的最新价格，我们的AI服务套餐如下：\n\n*   **基础版**：666 元/月\n*   **专业版**：888 元/月\n*   **企业版**：9999 元/月\n\n如果您需要更详细的介绍或定制方案，可以点击「转人工」联系销售顾问哦！',NULL,NULL,NULL,NULL,NULL,NULL,NULL,NULL,0,'2026-06-06 09:29:16'),(638,'test-final-002','text','user',NULL,NULL,NULL,'价格多少',NULL,NULL,NULL,NULL,NULL,NULL,NULL,NULL,0,'2026-06-06 09:29:42'),(639,'test-final-002','text','ai',NULL,NULL,NULL,'您好！很高兴为您查询！\n\n根据我们的信息，我们的AI服务套餐价格如下：\n- **基础版**：100 元/月\n- **专业版**：200 元/月\n- **企业版**：300 元/月\n\n如果需要更详细的介绍或定制方案，可以点击「转人工」联系销售顾问哦！',NULL,NULL,NULL,NULL,NULL,NULL,NULL,NULL,0,'2026-06-06 09:29:44'),(640,'test-price-001','text','user',NULL,NULL,NULL,'多少钱',NULL,NULL,NULL,NULL,NULL,NULL,NULL,NULL,0,'2026-06-06 09:40:35'),(641,'test-price-001','text','ai',NULL,NULL,NULL,'您好！关于价格，根据我们的信息，产品套餐价格如下：\n\n- 基础版：¥999/月\n- 专业版：¥2999/月\n- 企业版：¥9999/月\n\n需要更详细的报价或定制方案，建议您点击「转人工」联系销售顾问获取专属服务哦！😊',NULL,NULL,NULL,NULL,NULL,NULL,NULL,NULL,0,'2026-06-06 09:40:37'),(642,'test-transfer-001','text','user',NULL,NULL,NULL,'转账手续费多少',NULL,NULL,NULL,NULL,NULL,NULL,NULL,NULL,0,'2026-06-06 09:40:38'),(643,'test-transfer-001','text','ai',NULL,NULL,NULL,'您好，关于转账手续费的问题，我目前的知识库中没有相关信息。建议您提供更多具体信息或转接人工客服为您查询。',NULL,NULL,NULL,NULL,NULL,NULL,NULL,NULL,0,'2026-06-06 09:40:40'),(644,'test-complaint-001','text','user',NULL,NULL,NULL,'我要投诉你们服务太差',NULL,NULL,NULL,NULL,NULL,NULL,NULL,NULL,0,'2026-06-06 09:40:41'),(645,'test-unknown-001','text','user',NULL,NULL,NULL,'asdfghjkl 完全乱码',NULL,NULL,NULL,NULL,NULL,NULL,NULL,NULL,0,'2026-06-06 09:40:42'),(646,'test-unknown-001','text','ai',NULL,NULL,NULL,'您好，看起来您输入的内容可能是键盘误触或乱码。请问您有什么具体问题需要我帮助吗？比如关于空白格·AI 公司的产品、服务或技术支持方面的咨询？请重新描述，我会尽力为您解答。',NULL,NULL,NULL,NULL,NULL,NULL,NULL,NULL,0,'2026-06-06 09:40:44'),(647,'manual-test-001','text','user',NULL,NULL,NULL,'多少钱',NULL,NULL,NULL,NULL,NULL,NULL,NULL,NULL,0,'2026-06-06 09:41:50'),(648,'manual-test-001','text','ai',NULL,NULL,NULL,'您好！我们提供三种AI服务套餐，价格如下：\n\n- **基础版**：100元/月\n- **专业版**：200元/月\n- **企业版**：300元/月\n\n请问您想了解哪个套餐的详细信息？',NULL,NULL,NULL,NULL,NULL,NULL,NULL,NULL,0,'2026-06-06 09:41:51'),(649,'test-price-001','text','user',NULL,NULL,NULL,'多少钱',NULL,NULL,NULL,NULL,NULL,NULL,NULL,NULL,0,'2026-06-06 09:47:00'),(650,'test-price-001','text','ai',NULL,NULL,NULL,'您好，根据我们的知识库信息，产品套餐价格如下：\n\n- 基础版：¥999/月\n- 专业版：¥2999/月\n- 企业版：¥9999/月\n\n如需详细报价，可以点击「转人工」联系销售顾问获取专属方案哦！😊',NULL,NULL,NULL,NULL,NULL,NULL,NULL,NULL,0,'2026-06-06 09:47:02'),(651,'test-transfer-001','text','user',NULL,NULL,NULL,'转账手续费多少',NULL,NULL,NULL,NULL,NULL,NULL,NULL,NULL,0,'2026-06-06 09:47:03'),(652,'test-transfer-001','text','ai',NULL,NULL,NULL,'您好，我理解您想咨询转账手续费。但我的知识库中目前主要包含的是我们公司的AI服务套餐价格（如基础版、专业版、企业版），没有关于“转账手续费”的相关信息。\n\n请问您是想了解我们公司AI服务的套餐价格吗？或者，我建议您点击“转人工”按钮，联系我们的客服人员为您解答转账相关的问题。',NULL,NULL,NULL,NULL,NULL,NULL,NULL,NULL,0,'2026-06-06 09:47:05'),(653,'test-complaint-001','text','user',NULL,NULL,NULL,'我要投诉你们服务太差',NULL,NULL,NULL,NULL,NULL,NULL,NULL,NULL,0,'2026-06-06 09:47:06'),(654,'test-unknown-001','text','user',NULL,NULL,NULL,'asdfghjkl 完全乱码',NULL,NULL,NULL,NULL,NULL,NULL,NULL,NULL,0,'2026-06-06 09:47:08'),(655,'test-unknown-001','text','ai',NULL,NULL,NULL,'您好，看起来您连续发送了两条乱码信息。这可能是由于键盘误触或输入法问题导致的。\n\n我这边无法理解乱码内容。请问您是否遇到了以下问题？\n\n1.  **技术问题**：例如，您在使用我们的AI服务时出现了乱码显示或输入异常？\n2.  **咨询问题**：您原本想咨询关于**空白格·AI**的某项具体服务或功能？\n\n为了能更准确地帮助您，请您尝试重新输入您的问题，或者描述一下您遇到的具体情况。如果网络或设备不便，您也可以随时联系我们的**人工客服**获得进一步帮助。',NULL,NULL,NULL,NULL,NULL,NULL,NULL,NULL,0,'2026-06-06 09:47:10'),(656,'ssh-manual-002','text','user',NULL,NULL,NULL,'多少钱',NULL,NULL,NULL,NULL,NULL,NULL,NULL,NULL,0,'2026-06-06 09:49:58'),(657,'ssh-manual-002','text','ai',NULL,NULL,NULL,'您好！关于价格，我们提供以下套餐：\n\n- **基础版**：100 元/月\n- **专业版**：200 元/月\n- **企业版**：300 元/月\n\n如果您需要更详细的报价或功能说明，可以点击「转人工」联系销售顾问，他们会为您提供更专业的服务。😊',NULL,NULL,NULL,NULL,NULL,NULL,NULL,NULL,0,'2026-06-06 09:49:59'),(658,'final-test-price','text','user',NULL,NULL,NULL,'多少钱',NULL,NULL,NULL,NULL,NULL,NULL,NULL,NULL,0,'2026-06-06 09:52:06'),(659,'final-test-price','text','ai',NULL,NULL,NULL,'您好！根据我们的套餐信息，以下是价格方案：\n\n- **基础版**：100 元/月\n- **专业版**：200 元/月\n- **企业版**：300 元/月\n\n如果需要更详细的介绍或定制报价，欢迎点击「转人工」联系销售顾问哦！',NULL,NULL,NULL,NULL,NULL,NULL,NULL,NULL,0,'2026-06-06 09:52:07'),(660,'final-test-transfer','text','user',NULL,NULL,NULL,'转账手续费',NULL,NULL,NULL,NULL,NULL,NULL,NULL,NULL,0,'2026-06-06 09:52:08'),(661,'final-test-transfer','text','ai',NULL,NULL,NULL,'您好，关于转账手续费的问题，目前我的知识库中没有相关信息。建议您转接人工客服进行详细咨询，谢谢！',NULL,NULL,NULL,NULL,NULL,NULL,NULL,NULL,0,'2026-06-06 09:52:09'),(662,'final-test-complaint','text','user',NULL,NULL,NULL,'我要投诉',NULL,NULL,NULL,NULL,NULL,NULL,NULL,NULL,0,'2026-06-06 09:52:10'),(663,'verify-price','text','user',NULL,NULL,NULL,'多少钱',NULL,NULL,NULL,NULL,NULL,NULL,NULL,NULL,0,'2026-06-06 09:52:15'),(664,'verify-price','text','ai',NULL,NULL,NULL,'您好！我们提供三个套餐版本，价格如下：\n\n- **基础版**：100 元/月\n- **专业版**：200 元/月\n- **企业版**：300 元/月\n\n如需更详细的功能介绍，可以点击「转人工」咨询销售顾问。',NULL,NULL,NULL,NULL,NULL,NULL,NULL,NULL,0,'2026-06-06 09:52:16'),(665,'test-complaint-fix','text','user',NULL,NULL,NULL,'我要投诉你们服务太差',NULL,NULL,NULL,NULL,NULL,NULL,NULL,NULL,0,'2026-06-06 10:25:15'),(666,'test-price-fix','text','user',NULL,NULL,NULL,'多少钱',NULL,NULL,NULL,NULL,NULL,NULL,NULL,NULL,0,'2026-06-06 10:25:35'),(667,'test-price-fix','text','ai',NULL,NULL,NULL,'您好！根据我们的知识库信息，基础版的价格是 **100 元/月**。如果您需要了解其他套餐或更详细的信息，请随时告诉我！',NULL,NULL,NULL,NULL,NULL,NULL,NULL,NULL,0,'2026-06-06 10:25:37'),(668,'full-test-price','text','user',NULL,NULL,NULL,'多少钱',NULL,NULL,NULL,NULL,NULL,NULL,NULL,NULL,0,'2026-06-06 10:38:38'),(669,'full-test-price','text','ai',NULL,NULL,NULL,'您好！我们为您提供以下AI服务套餐：\n\n- **基础版**：100元/月\n- **专业版**：200元/月\n- **企业版**：300元/月\n\n请问您对哪个套餐感兴趣？如果需要更详细的介绍，可以随时告诉我！',NULL,NULL,NULL,NULL,NULL,NULL,NULL,NULL,0,'2026-06-06 10:38:40'),(670,'full-test-price2','text','user',NULL,NULL,NULL,'什么价格',NULL,NULL,NULL,NULL,NULL,NULL,NULL,NULL,0,'2026-06-06 10:38:40'),(671,'full-test-price2','text','ai',NULL,NULL,NULL,'您好！我们为您提供以下AI服务套餐：\n\n- **基础版**：100 元/月\n- **专业版**：200 元/月\n- **企业版**：300 元/月\n\n如需更详细的介绍或定制报价，建议点击「转人工」联系销售顾问哦！',NULL,NULL,NULL,NULL,NULL,NULL,NULL,NULL,0,'2026-06-06 10:38:42'),(672,'full-test-price3','text','user',NULL,NULL,NULL,'怎么收费',NULL,NULL,NULL,NULL,NULL,NULL,NULL,NULL,0,'2026-06-06 10:38:43'),(673,'full-test-price3','text','ai',NULL,NULL,NULL,'您好！很高兴为您介绍我们的AI服务套餐：\n\n- **基础版**：¥999/月，包含AI客服 + 知识库\n- **专业版**：¥2999/月，全渠道 + 坐席 + 报表\n- **企业版**：¥9999/月，定制化 + 专属部署\n\n如需详细报价或了解更多，可以点击「转人工」联系销售顾问哦！💼',NULL,NULL,NULL,NULL,NULL,NULL,NULL,NULL,0,'2026-06-06 10:38:45'),(674,'full-test-complaint','text','user',NULL,NULL,NULL,'我要投诉你们',NULL,NULL,NULL,NULL,NULL,NULL,NULL,NULL,0,'2026-06-06 10:38:46'),(675,'full-test-unknown','text','user',NULL,NULL,NULL,'asdfghjkl 乱码',NULL,NULL,NULL,NULL,NULL,NULL,NULL,NULL,0,'2026-06-06 10:38:46'),(676,'full-test-unknown','text','ai',NULL,NULL,NULL,'您好，看起来您输入的内容似乎是乱码或随机字符，我暂时无法理解您的具体问题。请问您是想咨询关于空白格·AI 公司的某项服务、产品，还是遇到了技术问题？请提供更多信息，我会尽力帮您解答。',NULL,NULL,NULL,NULL,NULL,NULL,NULL,NULL,0,'2026-06-06 10:38:48'),(677,'full-test-transfer','text','user',NULL,NULL,NULL,'转账手续费多少',NULL,NULL,NULL,NULL,NULL,NULL,NULL,NULL,0,'2026-06-06 10:38:48'),(678,'full-test-transfer','text','ai',NULL,NULL,NULL,'您好，关于转账手续费的问题，我目前的知识库中暂未查询到相关信息。建议您转接人工客服，以便获得更准确的解答。',NULL,NULL,NULL,NULL,NULL,NULL,NULL,NULL,0,'2026-06-06 10:38:50'),(679,'ws-1780717137657','text','user',NULL,NULL,NULL,'5',NULL,NULL,NULL,NULL,NULL,NULL,NULL,NULL,0,'2026-06-06 11:39:06'),(680,'ws-1780717137657','text','ai',NULL,NULL,NULL,'抱歉，AI 服务暂时不可用，请稍后再试。（错误码：401）',NULL,NULL,NULL,NULL,NULL,NULL,NULL,NULL,0,'2026-06-06 11:39:07'),(681,'ws-1780717163233','text','user',NULL,NULL,NULL,'我想查订单',NULL,NULL,NULL,NULL,NULL,NULL,NULL,NULL,0,'2026-06-06 11:39:27'),(682,'ws-1780717163233','text','ai',NULL,NULL,NULL,'抱歉，AI 服务暂时不可用，请稍后再试。（错误码：401）',NULL,NULL,NULL,NULL,NULL,NULL,NULL,NULL,0,'2026-06-06 11:39:27'),(683,'ws-1780728648','text','user',NULL,NULL,NULL,'??',NULL,NULL,NULL,NULL,NULL,NULL,NULL,NULL,0,'2026-06-06 14:50:49'),(684,'ws-1780728648','text','ai',NULL,NULL,NULL,'抱歉，AI 服务暂时不可用，请稍后再试。（错误码：401）',NULL,NULL,NULL,NULL,NULL,NULL,NULL,NULL,0,'2026-06-06 14:50:51'),(685,'ws-1780728648','text','user',NULL,NULL,NULL,'?????',NULL,NULL,NULL,NULL,NULL,NULL,NULL,NULL,0,'2026-06-06 14:50:51'),(686,'ws-1780728648','text','ai',NULL,NULL,NULL,'抱歉，AI 服务暂时不可用，请稍后再试。（错误码：401）',NULL,NULL,NULL,NULL,NULL,NULL,NULL,NULL,0,'2026-06-06 14:50:51'),(687,'ws-1780728648','text','user',NULL,NULL,NULL,'??????',NULL,NULL,NULL,NULL,NULL,NULL,NULL,NULL,0,'2026-06-06 14:50:51'),(688,'ws-1780728648','text','ai',NULL,NULL,NULL,'抱歉，AI 服务暂时不可用，请稍后再试。（错误码：401）',NULL,NULL,NULL,NULL,NULL,NULL,NULL,NULL,0,'2026-06-06 14:50:51'),(689,'ws-1780728648','text','user',NULL,NULL,NULL,'????',NULL,NULL,NULL,NULL,NULL,NULL,NULL,NULL,0,'2026-06-06 14:50:51'),(690,'ws-1780728648','text','ai',NULL,NULL,NULL,'抱歉，AI 服务暂时不可用，请稍后再试。（错误码：401）',NULL,NULL,NULL,NULL,NULL,NULL,NULL,NULL,0,'2026-06-06 14:50:52'),(691,'ws-1780728648','text','user',NULL,NULL,NULL,'?????',NULL,NULL,NULL,NULL,NULL,NULL,NULL,NULL,0,'2026-06-06 14:50:52'),(692,'ws-1780728648','text','ai',NULL,NULL,NULL,'抱歉，AI 服务暂时不可用，请稍后再试。（错误码：401）',NULL,NULL,NULL,NULL,NULL,NULL,NULL,NULL,0,'2026-06-06 14:50:52'),(693,'test-session','text','user',NULL,NULL,NULL,'??',NULL,NULL,NULL,NULL,NULL,NULL,NULL,NULL,0,'2026-06-06 14:51:27'),(694,'test-session','text','ai',NULL,NULL,NULL,'抱歉，AI 服务暂时不可用，请稍后再试。（错误码：401）',NULL,NULL,NULL,NULL,NULL,NULL,NULL,NULL,0,'2026-06-06 14:51:27'),(695,'test-1780731892','text','user',NULL,NULL,NULL,'????????',NULL,NULL,NULL,NULL,NULL,NULL,NULL,NULL,0,'2026-06-06 15:44:54'),(696,'test-1780731892','text','ai',NULL,NULL,NULL,'抱歉，AI 服务暂时不可用，请稍后再试。（错误码：401）',NULL,NULL,NULL,NULL,NULL,NULL,NULL,NULL,0,'2026-06-06 15:44:55'),(697,'test-1780731892','text','user',NULL,NULL,NULL,'??????',NULL,NULL,NULL,NULL,NULL,NULL,NULL,NULL,0,'2026-06-06 15:44:55'),(698,'test-1780731892','text','ai',NULL,NULL,NULL,'抱歉，AI 服务暂时不可用，请稍后再试。（错误码：401）',NULL,NULL,NULL,NULL,NULL,NULL,NULL,NULL,0,'2026-06-06 15:44:55'),(699,'test-1780731892','text','user',NULL,NULL,NULL,'????',NULL,NULL,NULL,NULL,NULL,NULL,NULL,NULL,0,'2026-06-06 15:44:55'),(700,'test-1780731892','text','ai',NULL,NULL,NULL,'抱歉，AI 服务暂时不可用，请稍后再试。（错误码：401）',NULL,NULL,NULL,NULL,NULL,NULL,NULL,NULL,0,'2026-06-06 15:44:55'),(701,'test-1780731892','text','user',NULL,NULL,NULL,'?????',NULL,NULL,NULL,NULL,NULL,NULL,NULL,NULL,0,'2026-06-06 15:44:55'),(702,'test-1780731892','text','ai',NULL,NULL,NULL,'抱歉，AI 服务暂时不可用，请稍后再试。（错误码：401）',NULL,NULL,NULL,NULL,NULL,NULL,NULL,NULL,0,'2026-06-06 15:44:56'),(703,'ws-1780734329822','text','user',NULL,NULL,NULL,'转人工',NULL,NULL,NULL,NULL,NULL,NULL,NULL,NULL,0,'2026-06-06 16:25:34'),(704,'ws-1780737008230','text','user',NULL,NULL,NULL,'我想查订单',NULL,NULL,NULL,NULL,NULL,NULL,NULL,NULL,0,'2026-06-06 17:10:10'),(705,'ws-1780737008230','text','ai',NULL,NULL,NULL,'抱歉，AI 服务暂时不可用，请稍后再试。（错误码：401）',NULL,NULL,NULL,NULL,NULL,NULL,NULL,NULL,0,'2026-06-06 17:10:10'),(706,'ws-1780737419715','text','user',NULL,NULL,NULL,'我想查订单',NULL,NULL,NULL,NULL,NULL,NULL,NULL,NULL,0,'2026-06-06 17:17:04'),(707,'ws-1780737419715','text','ai',NULL,NULL,NULL,'抱歉，AI 服务暂时不可用，请稍后再试。（错误码：401）',NULL,NULL,NULL,NULL,NULL,NULL,NULL,NULL,0,'2026-06-06 17:17:04'),(708,'ws-1780737472548','text','user',NULL,NULL,NULL,'我想查订单',NULL,NULL,NULL,NULL,NULL,NULL,NULL,NULL,0,'2026-06-06 17:17:56'),(709,'ws-1780737472548','text','ai',NULL,NULL,NULL,'抱歉，AI 服务暂时不可用，请稍后再试。（错误码：401）',NULL,NULL,NULL,NULL,NULL,NULL,NULL,NULL,0,'2026-06-06 17:17:57'),(710,'test-ai-key','text','user',NULL,NULL,NULL,'你好',NULL,NULL,NULL,NULL,NULL,NULL,NULL,NULL,0,'2026-06-06 18:00:28'),(711,'test-ai-key2','text','user',NULL,NULL,NULL,'价格多少',NULL,NULL,NULL,NULL,NULL,NULL,NULL,NULL,0,'2026-06-06 18:00:54'),(712,'test-ai-key2','text','ai',NULL,NULL,NULL,'抱歉，AI 服务暂时不可用，请稍后再试。（错误码：401）',NULL,NULL,NULL,NULL,NULL,NULL,NULL,NULL,0,'2026-06-06 18:00:55'),(713,'test-final','text','user',NULL,NULL,NULL,'你好，价格多少',NULL,NULL,NULL,NULL,NULL,NULL,NULL,NULL,0,'2026-06-06 18:03:55'),(714,'test-final','text','ai',NULL,NULL,NULL,'您好！欢迎来到空白格·AI 公司！请问您想了解哪款产品或服务的价格？为了更准确地帮助您，请提供更多信息，比如产品名称或具体需求。如果暂时不清楚，也可以告诉我您的预算或用途，我会尽力推荐。',NULL,NULL,NULL,NULL,NULL,NULL,NULL,NULL,0,'2026-06-06 18:03:57'),(715,'ws-1780717163233','text','user',NULL,NULL,NULL,'222',NULL,NULL,NULL,NULL,NULL,NULL,NULL,NULL,0,'2026-06-06 18:04:06'),(716,'ws-1780717163233','text','ai',NULL,NULL,NULL,'您好，您是想查询订单信息吗？请提供您的订单号或相关购买信息，我会尽力帮您查找。',NULL,NULL,NULL,NULL,NULL,NULL,NULL,NULL,0,'2026-06-06 18:04:09'),(717,'ws-1780740960646','text','user',NULL,NULL,NULL,'我想查订单',NULL,NULL,NULL,NULL,NULL,NULL,NULL,NULL,0,'2026-06-06 18:16:05'),(718,'ws-1780740960646','text','ai',NULL,NULL,NULL,'您好！很高兴为您服务。请问您想查询哪个订单？能否提供一下订单号或相关购买信息（例如下单时间、商品名称等），这样我可以更快地帮您查找。',NULL,NULL,NULL,NULL,NULL,NULL,NULL,NULL,0,'2026-06-06 18:16:06'),(719,'ws-1780744578021','text','user',NULL,NULL,NULL,'我想查订单',NULL,NULL,NULL,NULL,NULL,NULL,NULL,NULL,0,'2026-06-06 19:16:22'),(720,'ws-1780744578021','text','ai',NULL,NULL,NULL,'您好！很高兴为您服务。请问您想查询哪个订单呢？方便提供订单号或您的手机号码吗？这样我可以更快帮您查到信息。',NULL,NULL,NULL,NULL,NULL,NULL,NULL,NULL,0,'2026-06-06 19:16:23'),(721,'ws-1780744732877','text','user',NULL,NULL,NULL,'我想查订单',NULL,NULL,NULL,NULL,NULL,NULL,NULL,NULL,0,'2026-06-06 19:18:57'),(722,'ws-1780744732877','text','ai',NULL,NULL,NULL,'您好！很高兴为您服务。请问您能提供一下您的订单号吗？或者，如果您方便的话，也可以告诉我您下单时使用的手机号或邮箱，这样我就能帮您查询订单信息了。',NULL,NULL,NULL,NULL,NULL,NULL,NULL,NULL,0,'2026-06-06 19:18:58'),(723,'ws-1780744732877','text','user',NULL,NULL,NULL,'你们支持哪些平台？',NULL,NULL,NULL,NULL,NULL,NULL,NULL,NULL,0,'2026-06-06 19:19:03'),(724,'ws-1780744732877','text','ai',NULL,NULL,NULL,'您好！关于您询问的支持平台，知识库中暂未提供具体信息。建议您访问我们的官网 www.jnysx.cn 或咨询人工客服获取更详细的平台支持列表。\n\n另外，关于查询订单，请提供您的订单号或下单时使用的手机号/邮箱，我会尽力帮您处理。',NULL,NULL,NULL,NULL,NULL,NULL,NULL,NULL,0,'2026-06-06 19:19:06'),(725,'ws-1780745693422','text','user',NULL,NULL,NULL,'你好，请问你们的产品有哪些？',NULL,NULL,NULL,NULL,NULL,NULL,NULL,NULL,0,'2026-06-06 19:34:57'),(726,'ws-1780745693422','text','ai',NULL,NULL,NULL,'你好！很高兴为你服务！我们空白格·AI 公司主要提供智能客服解决方案，包括AI对话机器人、自动化工单系统和数据分析工具。具体产品种类和细节，我可以帮你查询知识库，或者你告诉我更关心的功能，我再详细说明！请问你对哪方面感兴趣？',NULL,NULL,NULL,NULL,NULL,NULL,NULL,NULL,0,'2026-06-06 19:34:59'),(727,'ws-1780745784513','text','user',NULL,NULL,NULL,'你好，你们的产品有哪些？',NULL,NULL,NULL,NULL,NULL,NULL,NULL,NULL,0,'2026-06-06 19:36:28'),(728,'ws-1780745784513','text','ai',NULL,NULL,NULL,'你好！欢迎来到空白格·AI 公司。我们目前提供多种AI智能客服解决方案，包括文本机器人、语音机器人和全渠道客服系统。请问您对哪个产品感兴趣，或者需要我详细介绍吗？',NULL,NULL,NULL,NULL,NULL,NULL,NULL,NULL,0,'2026-06-06 19:36:30'),(729,'ws-1780746535396','text','user',NULL,NULL,NULL,'',NULL,NULL,NULL,NULL,NULL,NULL,NULL,NULL,0,'2026-06-06 19:48:59'),(730,'ws-1780746535396','text','user',NULL,NULL,NULL,'\">',NULL,NULL,NULL,NULL,NULL,NULL,NULL,NULL,0,'2026-06-06 19:49:08'),(731,'ws-1780746535396','text','ai',NULL,NULL,NULL,'您好！欢迎来到空白格·AI 智能客服系统。我是您的专属助手，很高兴为您服务！请问有什么可以帮助您的？无论是产品咨询、技术支持还是其他问题，我都将尽力为您解答。😊',NULL,NULL,NULL,NULL,NULL,NULL,NULL,NULL,0,'2026-06-06 19:49:10'),(732,'ws-1780746706250','text','user',NULL,NULL,NULL,'',NULL,NULL,NULL,NULL,NULL,NULL,NULL,NULL,0,'2026-06-06 19:51:50'),(733,'ws-1780746706250','text','user',NULL,NULL,NULL,'\">',NULL,NULL,NULL,NULL,NULL,NULL,NULL,NULL,0,'2026-06-06 19:51:58'),(734,'ws-1780746706250','text','ai',NULL,NULL,NULL,'你好！欢迎来到空白格·AI 智能客服系统，我是你的专属客服助手。有什么可以帮你的吗？无论是产品咨询、技术支持还是其他问题，我都会尽力为你解答。😊',NULL,NULL,NULL,NULL,NULL,NULL,NULL,NULL,0,'2026-06-06 19:52:00'),(735,'ws-1780797806705','text','user',NULL,NULL,NULL,'我想查订单',NULL,NULL,NULL,NULL,NULL,NULL,NULL,NULL,0,'2026-06-07 10:03:32'),(736,'ws-1780797806705','text','ai',NULL,NULL,NULL,'您好！很高兴为您服务。请问您想查询哪个订单？方便提供一下订单号或者您的手机号码吗？这样我可以快速帮您查找相关信息。',NULL,NULL,NULL,NULL,NULL,NULL,NULL,NULL,0,'2026-06-07 10:03:34'),(737,'ws-1780799759221','text','user',NULL,NULL,NULL,'2',NULL,NULL,NULL,NULL,NULL,NULL,NULL,NULL,0,'2026-06-07 10:36:03'),(738,'ws-1780799759221','text','ai',NULL,NULL,NULL,'您好！请问有什么可以帮您的？您提到的“2”是指什么内容呢？如果是想了解我们的服务套餐，我可以为您详细介绍一下。',NULL,NULL,NULL,NULL,NULL,NULL,NULL,NULL,0,'2026-06-07 10:36:05'),(739,'ws-1780804910421','text','user',NULL,NULL,NULL,'我想查订单',NULL,NULL,NULL,NULL,NULL,NULL,NULL,NULL,0,'2026-06-07 12:01:56'),(740,'ws-1780804910421','text','ai',NULL,NULL,NULL,'抱歉，AI 服务暂时不可用，请稍后再试。（错误码：401）',NULL,NULL,NULL,NULL,NULL,NULL,NULL,NULL,0,'2026-06-07 12:01:57'),(741,'ws-1780804952016','text','user',NULL,NULL,NULL,'价格多少',NULL,NULL,NULL,NULL,NULL,NULL,NULL,NULL,0,'2026-06-07 12:02:33'),(742,'ws-1780804952016','text','ai',NULL,NULL,NULL,'抱歉，AI 服务暂时不可用，请稍后再试。（错误码：401）',NULL,NULL,NULL,NULL,NULL,NULL,NULL,NULL,0,'2026-06-07 12:02:34'),(743,'test-123','text','user',NULL,NULL,NULL,'你好',NULL,NULL,NULL,NULL,NULL,NULL,NULL,NULL,0,'2026-06-07 17:08:35'),(744,'test-123','text','ai',NULL,NULL,NULL,'抱歉，AI 服务暂时不可用，请稍后再试。（错误码：401）',NULL,NULL,NULL,NULL,NULL,NULL,NULL,NULL,0,'2026-06-07 17:08:35'),(745,'test-fix','text','user',NULL,NULL,NULL,'你好，我想咨询产品价格',NULL,NULL,NULL,NULL,NULL,NULL,NULL,NULL,0,'2026-06-07 17:39:04'),(746,'test-fix','text','ai',NULL,NULL,NULL,'您好！欢迎咨询空白格·AI公司的产品。请问您想了解哪款产品的价格？比如我们提供AI客服系统、数据分析工具等，您方便告诉我具体需求吗？这样我可以为您提供更准确的信息。',NULL,NULL,NULL,NULL,NULL,NULL,NULL,NULL,0,'2026-06-07 17:39:07'),(747,'ws-1780825999218','text','user',NULL,NULL,NULL,'你好',NULL,NULL,NULL,NULL,NULL,NULL,NULL,NULL,0,'2026-06-07 17:53:29'),(748,'ws-1780825999218','text','ai',NULL,NULL,NULL,'你好！我是空白格·AI的智能客服助手，很高兴为您服务！有什么可以帮您的吗？',NULL,NULL,NULL,NULL,NULL,NULL,NULL,NULL,0,'2026-06-07 17:53:29'),(749,'final-test','text','user',NULL,NULL,NULL,'你们的支持电话是多少',NULL,NULL,NULL,NULL,NULL,NULL,NULL,NULL,0,'2026-06-07 17:54:44'),(750,'final-test','text','user',NULL,NULL,NULL,'你们的支持电话是多少',NULL,NULL,NULL,NULL,NULL,NULL,NULL,NULL,0,'2026-06-07 17:55:04'),(751,'ws-1780826453788','text','user',NULL,NULL,NULL,'你好',NULL,NULL,NULL,NULL,NULL,NULL,NULL,NULL,0,'2026-06-07 18:00:57'),(752,'ws-1780826453788','text','ai',NULL,NULL,NULL,'你好！欢迎来到空白格·AI 智能客服系统，我是你的专属助手。有什么可以帮你的吗？😊',NULL,NULL,NULL,NULL,NULL,NULL,NULL,NULL,0,'2026-06-07 18:00:58'),(753,'ws-1780826453788','text','user',NULL,NULL,NULL,'你们公司的产品',NULL,NULL,NULL,NULL,NULL,NULL,NULL,NULL,0,'2026-06-07 18:01:07'),(754,'ws-1780826453788','text','ai',NULL,NULL,NULL,'你好！很高兴为你服务！😊\n\n我们空白格·AI 公司提供以下核心产品和服务：\n\n🤖 **AI智能客服** — 7×24小时自动应答  \n✍️ **AI自媒体运营** — 爆款文案自动生成  \n💻 **AI编程与运维** — 智能代码补全  \n🚀 **AI应用部署** — 一键云端部署  \n🛒 **AI电商运营** — 智能推荐+评论分析  \n🎨 **AI设计与创意** — AI图片/Logo生成  \n\n如果想了解具体的价格或方案，也可以随时问我哦！',NULL,NULL,NULL,NULL,NULL,NULL,NULL,NULL,0,'2026-06-07 18:01:09'),(755,'ws-1780837192424','text','user',NULL,NULL,NULL,'你好，测试消息',NULL,NULL,NULL,NULL,NULL,NULL,NULL,NULL,0,'2026-06-07 20:59:57'),(756,'ws-1780837192424','text','ai',NULL,NULL,NULL,'你好！欢迎来到空白格·AI 智能客服系统，很高兴为你服务！请问有什么可以帮您的吗？',NULL,NULL,NULL,NULL,NULL,NULL,NULL,NULL,0,'2026-06-07 21:00:01'),(757,'ws-1780837218585','text','user',NULL,NULL,NULL,'你好，请问你们的产品有哪些功能？',NULL,NULL,NULL,NULL,NULL,NULL,NULL,NULL,0,'2026-06-07 21:00:23'),(758,'ws-1780837218585','text','ai',NULL,NULL,NULL,'您好！很高兴为您介绍我们的产品。空白格·AI 提供智能客服系统，核心功能包括：\n- **智能问答**：7x24小时自动回复用户问题，支持多轮对话。\n- **多渠道接入**：可集成网站、微信、APP等平台。\n- **知识库管理**：自定义企业专属知识库，提升回答精准度。\n- **数据分析**：实时监控对话数据，生成洞察报告。\n- **定制化部署**：企业版支持私有化部署，保障数据安全。\n\n具体版本功能细节，不同套餐有所差异。您对哪个版本感兴趣？我可以进一步说明。',NULL,NULL,NULL,NULL,NULL,NULL,NULL,NULL,0,'2026-06-07 21:00:26'),(759,'ws-1780837246890','text','user',NULL,NULL,NULL,'你好',NULL,NULL,NULL,NULL,NULL,NULL,NULL,NULL,0,'2026-06-07 21:00:51'),(760,'ws-1780837246890','text','ai',NULL,NULL,NULL,'你好！欢迎来到空白格·AI 智能客服系统，很高兴为你服务！请问有什么可以帮你的吗？',NULL,NULL,NULL,NULL,NULL,NULL,NULL,NULL,0,'2026-06-07 21:00:54'),(761,'ws-1780838125659','text','user',NULL,NULL,NULL,'测试订单查询',NULL,NULL,NULL,NULL,NULL,NULL,NULL,NULL,0,'2026-06-07 21:15:32'),(762,'ws-1780838125659','text','ai',NULL,NULL,NULL,'您好！欢迎使用空白格·AI 智能客服。请问您需要查询哪个订单的信息？为了更快地帮您处理，请提供您的订单号或注册手机号。',NULL,NULL,NULL,NULL,NULL,NULL,NULL,NULL,0,'2026-06-07 21:15:35'),(763,'ws-1780838247940','text','user',NULL,NULL,NULL,'你好',NULL,NULL,NULL,NULL,NULL,NULL,NULL,NULL,0,'2026-06-07 21:17:34'),(764,'ws-1780838247940','text','ai',NULL,NULL,NULL,'你好！欢迎来到空白格·AI 智能客服系统，有什么我可以帮你的吗？',NULL,NULL,NULL,NULL,NULL,NULL,NULL,NULL,0,'2026-06-07 21:17:36'),(765,'ws-1780838247940','text','user',NULL,NULL,NULL,'查订单',NULL,NULL,NULL,NULL,NULL,NULL,NULL,NULL,0,'2026-06-07 21:17:39'),(766,'ws-1780838247940','text','ai',NULL,NULL,NULL,'您好！为了帮您查询订单，请提供您的订单号或注册时使用的手机号/邮箱，我来为您核实订单信息。',NULL,NULL,NULL,NULL,NULL,NULL,NULL,NULL,0,'2026-06-07 21:17:42'),(767,'ws-1780838247940','text','user',NULL,NULL,NULL,'申请退货',NULL,NULL,NULL,NULL,NULL,NULL,NULL,NULL,0,'2026-06-07 21:17:45'),(768,'ws-1780838247940','text','ai',NULL,NULL,NULL,'您好，感谢您联系空白格·AI客服。\n\n关于退货申请，我需要先帮您查询一下订单信息。请您提供您的**订单号**或**注册账号时使用的手机号/邮箱**，以便我为您核实处理。',NULL,NULL,NULL,NULL,NULL,NULL,NULL,NULL,0,'2026-06-07 21:17:48'),(769,'ws-1780838247940','text','user',NULL,NULL,NULL,'产品咨询',NULL,NULL,NULL,NULL,NULL,NULL,NULL,NULL,0,'2026-06-07 21:17:50'),(770,'ws-1780838247940','text','ai',NULL,NULL,NULL,'您好！很高兴为您介绍我们的产品。我们提供三个版本的AI服务，以下是官方定价：\n\n1.  **基础版**：999元/月（或199元/年），适合个人或轻量级使用。\n2.  **专业版**：2999元/月，适合进阶需求。\n3.  **企业版**：9999元/月，支持定制化部署。\n\n请问您想了解哪个版本的详细信息？比如功能区别或适用场景？',NULL,NULL,NULL,NULL,NULL,NULL,NULL,NULL,0,'2026-06-07 21:17:53'),(771,'ws-1780838247940','text','user',NULL,NULL,NULL,'价格咨询',NULL,NULL,NULL,NULL,NULL,NULL,NULL,NULL,0,'2026-06-07 21:17:55'),(772,'ws-1780838247940','text','ai',NULL,NULL,NULL,'您好！很高兴为您服务。关于价格，我们提供以下三个版本：\n\n1.  **基础版**：999元/月（或199元/年）\n2.  **专业版**：2999元/月\n3.  **企业版**：9999元/月（定制化部署）\n\n请问您对哪个版本感兴趣？需要我详细介绍功能区别吗？',NULL,NULL,NULL,NULL,NULL,NULL,NULL,NULL,0,'2026-06-07 21:17:58'),(773,'ws-1780838247940','text','user',NULL,NULL,NULL,'转人工',NULL,NULL,NULL,NULL,NULL,NULL,NULL,NULL,0,'2026-06-07 21:18:01'),(774,'ws-1780838314378','text','user',NULL,NULL,NULL,'切换模式',NULL,NULL,NULL,NULL,NULL,NULL,NULL,NULL,0,'2026-06-07 21:18:41'),(775,'ws-1780838314378','text','ai',NULL,NULL,NULL,'您好！请问您想切换什么模式呢？比如，您是想切换**付费版本（基础版/专业版/企业版）**，还是切换**使用模式（如对话模式/分析模式）**？请提供更多信息，我来帮您处理。',NULL,NULL,NULL,NULL,NULL,NULL,NULL,NULL,0,'2026-06-07 21:18:43'),(776,'ws-1780838320609','text','user',NULL,NULL,NULL,'',NULL,NULL,NULL,NULL,NULL,NULL,NULL,NULL,0,'2026-06-07 21:18:51'),(777,'test-123','text','user',NULL,NULL,NULL,'??',NULL,NULL,NULL,NULL,NULL,NULL,NULL,NULL,0,'2026-06-08 03:16:19'),(778,'ws-1780899966779','text','user',NULL,NULL,NULL,'你好',NULL,NULL,NULL,NULL,NULL,NULL,NULL,NULL,0,'2026-06-08 14:26:17'),(779,'ws-1780899966779','text','ai',NULL,NULL,NULL,'你好！欢迎来到空白格·AI 智能客服系统，很高兴为你服务！请问有什么可以帮你的吗？',NULL,NULL,NULL,NULL,NULL,NULL,NULL,NULL,0,'2026-06-08 14:26:22'),(780,'ws-1780925634558','text','user',NULL,NULL,NULL,'你好',NULL,NULL,NULL,NULL,NULL,NULL,NULL,NULL,0,'2026-06-08 21:34:57'),(781,'ws-1780925634558','text','ai',NULL,NULL,NULL,'你好！我是空白格·AI 的智能客服助手，很高兴为你服务！有什么可以帮你的吗？',NULL,NULL,NULL,NULL,NULL,NULL,NULL,NULL,0,'2026-06-08 21:35:00'),(782,'ws-1780925634558','text','user',NULL,NULL,NULL,'你们有什么服务',NULL,NULL,NULL,NULL,NULL,NULL,NULL,NULL,0,'2026-06-08 21:35:05'),(783,'ws-1780925634558','text','ai',NULL,NULL,NULL,'你好！很高兴为你服务！我们空白格·AI 提供多种智能客服解决方案，包括智能问答、自动回复、数据分析等。具体服务可根据你的需求定制。请问你比较关心哪方面？比如想了解产品功能、价格，还是其他问题？',NULL,NULL,NULL,NULL,NULL,NULL,NULL,NULL,0,'2026-06-08 21:35:07'),(784,'ws-1780926548994','text','user',NULL,NULL,NULL,'你好，请问你们的产品有什么？',NULL,NULL,NULL,NULL,NULL,NULL,NULL,NULL,0,'2026-06-08 21:49:14'),(785,'ws-1780926548994','text','ai',NULL,NULL,NULL,'您好！感谢您的关注！我们空白格·AI 公司主要提供智能客服系统解决方案，包括AI对话机器人、自动工单处理、数据分析等功能。请问您对哪方面感兴趣？我可以为您详细介绍！',NULL,NULL,NULL,NULL,NULL,NULL,NULL,NULL,0,'2026-06-08 21:49:16'),(786,'ws-1780926613664','text','user',NULL,NULL,NULL,'你们的价格是多少？',NULL,NULL,NULL,NULL,NULL,NULL,NULL,NULL,0,'2026-06-08 21:50:26'),(787,'ws-1780926613664','text','ai',NULL,NULL,NULL,'您好！我们空白格·AI 提供多种智能客服方案，价格根据功能、用户数量和定制需求不同。请问您是想了解基础版、专业版还是企业版的价格？或者告诉我您的具体需求（比如月咨询量、是否需要人工转接等），我可以帮您推荐合适的方案。',NULL,NULL,NULL,NULL,NULL,NULL,NULL,NULL,0,'2026-06-08 21:50:29'),(788,'ws-1780926613664','text','user',NULL,NULL,NULL,'能给我详细介绍一下吗？',NULL,NULL,NULL,NULL,NULL,NULL,NULL,NULL,0,'2026-06-08 21:50:30'),(789,'ws-1780926613664','text','ai',NULL,NULL,NULL,'您好！我们空白格·AI 的智能客服方案分为三个版本：\n\n1. **基础版**：适合小型企业，月费 299 元，支持标准问答库、基础多轮对话和 5000 次/月的交互。\n2. **专业版**：适合中型企业，月费 699 元，支持高级意图识别、自定义知识库、人工转接和 20000 次/月的交互。\n3. **企业版**：适合大型或定制需求，价格需根据具体功能（如私有部署、API 集成、高并发等）面议。\n\n如果您能提供更具体的需求（比如预估咨询量、是否需要人工客服转接等），我可以帮您推荐最适合的方案。需要进一步了解哪个版本吗？',NULL,NULL,NULL,NULL,NULL,NULL,NULL,NULL,0,'2026-06-08 21:50:33'),(790,'ws-1780926613664','text','user',NULL,NULL,NULL,'我想测试一下对话上下文记忆',NULL,NULL,NULL,NULL,NULL,NULL,NULL,NULL,0,'2026-06-08 21:50:34'),(791,'ws-1780926613664','text','ai',NULL,NULL,NULL,'（检测到上下文：您之前询问过价格，我已给出三个版本的价格信息。当前您再次提到“测试对话上下文记忆”，请问您是想验证我能否记住刚才的报价吗？）\n\n关于价格，我再为您复述一次：\n\n1. **基础版**：月费 299 元，标准知识库+基础多轮对话，5000 次交互/月\n2. **专业版**：月费 699 元，高级意图识别+自定义知识库+人工转接，20000 次交互/月\n3. **企业版**：根据私有部署、API 集成等需求面议\n\n如果您需要测试记忆连贯性，可以继续追问细节（比如“基础版支持多少种语言”），我会基于对话历史回答。需要我帮您进一步对比功能吗？😊',NULL,NULL,NULL,NULL,NULL,NULL,NULL,NULL,0,'2026-06-08 21:50:37'),(792,'ws-1780926963579','text','user',NULL,NULL,NULL,'',NULL,NULL,NULL,NULL,NULL,NULL,NULL,NULL,0,'2026-06-08 21:56:08'),(793,'ws-1780926971364','text','user',NULL,NULL,NULL,'<>&\"',NULL,NULL,NULL,NULL,NULL,NULL,NULL,NULL,0,'2026-06-08 21:56:16'),(794,'ws-1780926971364','text','ai',NULL,NULL,NULL,'抱歉，我暂时无法理解您输入的内容。请提供更清晰的问题或信息，我会尽力帮助您。如果有其他需求，也可以随时告诉我。',NULL,NULL,NULL,NULL,NULL,NULL,NULL,NULL,0,'2026-06-08 21:56:17'),(795,'ws-1780926971364','text','user',NULL,NULL,NULL,'你好世界',NULL,NULL,NULL,NULL,NULL,NULL,NULL,NULL,0,'2026-06-08 21:56:19'),(796,'ws-1780926971364','text','ai',NULL,NULL,NULL,'您好！欢迎来到空白格·AI 智能客服系统。我是您的AI助手，很高兴为您服务！如果您有任何问题或需要帮助，请随时告诉我。比如，您想了解我们的服务、产品功能，还是遇到其他疑问？我会尽力为您解答。',NULL,NULL,NULL,NULL,NULL,NULL,NULL,NULL,0,'2026-06-08 21:56:21'),(797,'ws-1780926971364','text','user',NULL,NULL,NULL,'🎉🎊🎈',NULL,NULL,NULL,NULL,NULL,NULL,NULL,NULL,0,'2026-06-08 21:56:22'),(798,'ws-1780926971364','text','ai',NULL,NULL,NULL,'您好！看起来您发送了一些特殊符号和表情，我暂时无法准确理解您的具体需求。请问您是想咨询关于空白格·AI 的某项服务、产品功能，还是遇到了其他问题？请提供更详细的信息，我会尽力为您解答。如果问题复杂，也可以转接人工客服哦！',NULL,NULL,NULL,NULL,NULL,NULL,NULL,NULL,0,'2026-06-08 21:56:24'),(799,'90c0b62e5aaf4c3e9cb7666979bc7c22','text','bot',NULL,NULL,NULL,'您好！欢迎使用空白格AI客服，请问有什么可以帮您？',NULL,NULL,NULL,NULL,NULL,NULL,NULL,NULL,0,'2026-06-12 13:08:49'),(800,'90c0b62e5aaf4c3e9cb7666979bc7c22','quick_reply','bot',NULL,NULL,NULL,'请问有什么可以帮您？',NULL,NULL,NULL,'[{\"label\": \"查订单\", \"value\": \"query_order\"}, {\"label\": \"申请退货\", \"value\": \"refund\"}, {\"label\": \"产品咨询\", \"value\": \"product_info\"}, {\"label\": \"转人工\", \"value\": \"transfer_manual\"}]',NULL,NULL,NULL,NULL,0,'2026-06-12 13:08:49'),(801,'dcdc3dcc7f2e4cb0941a6c379c144b30','text','bot',NULL,NULL,NULL,'您好！欢迎使用空白格AI客服，请问有什么可以帮您？',NULL,NULL,NULL,NULL,NULL,NULL,NULL,NULL,0,'2026-06-12 13:09:15'),(802,'dcdc3dcc7f2e4cb0941a6c379c144b30','quick_reply','bot',NULL,NULL,NULL,'请问有什么可以帮您？',NULL,NULL,NULL,'[{\"label\": \"查订单\", \"value\": \"query_order\"}, {\"label\": \"申请退货\", \"value\": \"refund\"}, {\"label\": \"产品咨询\", \"value\": \"product_info\"}, {\"label\": \"转人工\", \"value\": \"transfer_manual\"}]',NULL,NULL,NULL,NULL,0,'2026-06-12 13:09:15'),(803,'d265e3e79441478d9d8c6b0b101104b8','text','bot',NULL,NULL,NULL,'您好！欢迎使用空白格AI客服，请问有什么可以帮您？',NULL,NULL,NULL,NULL,NULL,NULL,NULL,NULL,0,'2026-06-12 13:14:13'),(804,'d265e3e79441478d9d8c6b0b101104b8','quick_reply','bot',NULL,NULL,NULL,'请问有什么可以帮您？',NULL,NULL,NULL,'[{\"label\": \"查订单\", \"value\": \"query_order\"}, {\"label\": \"申请退货\", \"value\": \"refund\"}, {\"label\": \"产品咨询\", \"value\": \"product_info\"}, {\"label\": \"转人工\", \"value\": \"transfer_manual\"}]',NULL,NULL,NULL,NULL,0,'2026-06-12 13:14:13'),(805,'test-session-001','text','user',NULL,NULL,NULL,'??',NULL,NULL,NULL,NULL,NULL,NULL,NULL,NULL,0,'2026-06-12 19:39:01'),(806,'test-001','text','user',NULL,NULL,NULL,'????????????????????????????????????????????????????????????????????????????????????????????????????????????????????????????????????????????????????????????????????????????????????????????????????????????????????????????????????????????????????????????????????????????????????????????????????????????????????????????????????????????????????????????????????????????????????????????????????????????????????????????????????????????????????????????????????????????????????????????????????????????????????????????????????????????????????????????????????????????????????????????????????????????????????????????????????????????????????????????????????????????????????????????????????????????????????????????????????????????????????????????????????????????????????????????????????????????????????????????????????????????????????????????????????????????????????????????????????????????????????????????????????',NULL,NULL,NULL,NULL,NULL,NULL,NULL,NULL,0,'2026-06-12 20:23:51'),(807,'test-001','text','user',NULL,NULL,NULL,'??????',NULL,NULL,NULL,NULL,NULL,NULL,NULL,NULL,0,'2026-06-12 20:23:58'),(808,'test-001','text','user',NULL,NULL,NULL,'!@#$%^&*()_+{}|:\"<>?',NULL,NULL,NULL,NULL,NULL,NULL,NULL,NULL,0,'2026-06-12 20:23:58'),(809,'test-001','text','user',NULL,NULL,NULL,'SELECT * FROM users WHERE 1=1',NULL,NULL,NULL,NULL,NULL,NULL,NULL,NULL,0,'2026-06-12 20:24:00'),(810,'session-concurrent-1','text','user',NULL,NULL,NULL,'??',NULL,NULL,NULL,NULL,NULL,NULL,NULL,NULL,0,'2026-06-12 20:24:06'),(811,'session-concurrent-2','text','user',NULL,NULL,NULL,'??',NULL,NULL,NULL,NULL,NULL,NULL,NULL,NULL,0,'2026-06-12 20:24:06'),(812,'test-wechat','text','user',NULL,NULL,NULL,'??',NULL,NULL,NULL,NULL,NULL,NULL,NULL,NULL,0,'2026-06-12 20:24:08'),(813,'test-app','text','user',NULL,NULL,NULL,'??',NULL,NULL,NULL,NULL,NULL,NULL,NULL,NULL,0,'2026-06-12 20:24:08'),(814,'test-html','text','user',NULL,NULL,NULL,'????????',NULL,NULL,NULL,NULL,NULL,NULL,NULL,NULL,0,'2026-06-12 20:24:21'),(815,'test-perf','text','user',NULL,NULL,NULL,'??',NULL,NULL,NULL,NULL,NULL,NULL,NULL,NULL,0,'2026-06-12 20:24:23'),(816,'test-order','text','user',NULL,NULL,NULL,'???ORD20260518003',NULL,NULL,NULL,NULL,NULL,NULL,NULL,NULL,0,'2026-06-12 20:24:35'),(817,'test-price','text','user',NULL,NULL,NULL,'????????',NULL,NULL,NULL,NULL,NULL,NULL,NULL,NULL,0,'2026-06-12 20:24:36'),(818,'test-transfer','text','user',NULL,NULL,NULL,'???',NULL,NULL,NULL,NULL,NULL,NULL,NULL,NULL,0,'2026-06-12 20:24:37'),(819,'test123','text','user',NULL,NULL,NULL,'??',NULL,NULL,NULL,NULL,NULL,NULL,NULL,NULL,0,'2026-06-13 08:24:53'),(820,'test123','text','user',NULL,NULL,NULL,'我想退款',NULL,NULL,NULL,NULL,NULL,NULL,NULL,NULL,0,'2026-06-13 08:32:44'),(821,'test123','text','ai',NULL,NULL,NULL,'您好！关于退款问题，由于涉及具体的订单信息和退款政策，为了确保能准确、高效地为您处理，建议您直接联系我们的在线人工客服。\n\n您可以在对话界面点击「转人工」按钮，我们的客服专员会为您核实订单信息并协助您完成退款操作。感谢您的理解！',NULL,NULL,NULL,NULL,NULL,NULL,NULL,NULL,0,'2026-06-13 08:32:47'),(822,'test','text','user',NULL,NULL,NULL,'你好',NULL,NULL,NULL,NULL,NULL,NULL,NULL,NULL,0,'2026-06-13 09:09:28'),(823,'test','text','ai',NULL,NULL,NULL,'你好！我是空白格·AI 的智能客服助手，很高兴为你服务。请问有什么可以帮助你的？',NULL,NULL,NULL,NULL,NULL,NULL,NULL,NULL,0,'2026-06-13 09:09:30'),(824,'s123','text','user',NULL,NULL,NULL,'hello',NULL,NULL,NULL,NULL,NULL,NULL,NULL,NULL,0,'2026-06-13 15:59:47'),(825,'s123','text','ai',NULL,NULL,NULL,'您好！欢迎来到空白格·AI 智能客服。请问有什么可以帮助您的？',NULL,NULL,NULL,NULL,NULL,NULL,NULL,NULL,0,'2026-06-13 15:59:50'),(826,'s123','text','user',NULL,NULL,NULL,'hello',NULL,NULL,NULL,NULL,NULL,NULL,NULL,NULL,0,'2026-06-13 16:13:56'),(827,'s123','text','ai',NULL,NULL,NULL,'您好！很高兴再次为您服务。请问有什么可以为您效劳的吗？',NULL,NULL,NULL,NULL,NULL,NULL,NULL,NULL,0,'2026-06-13 16:13:58'),(828,'s123','text','user',NULL,NULL,NULL,'hello',NULL,NULL,NULL,NULL,NULL,NULL,NULL,NULL,0,'2026-06-13 16:24:04'),(829,'s123','text','ai',NULL,NULL,NULL,'您好！很高兴见到您。请问有什么我可以帮您解答的吗？',NULL,NULL,NULL,NULL,NULL,NULL,NULL,NULL,0,'2026-06-13 16:24:07'),(830,'s123','text','user',NULL,NULL,NULL,'hello',NULL,NULL,NULL,NULL,NULL,NULL,NULL,NULL,0,'2026-06-13 16:30:05'),(831,'s123','text','ai',NULL,NULL,NULL,'您好！很高兴为您服务！请问有什么问题需要我帮忙解答吗？',NULL,NULL,NULL,NULL,NULL,NULL,NULL,NULL,0,'2026-06-13 16:30:08'),(832,'s123','text','user',NULL,NULL,NULL,'hello',NULL,NULL,NULL,NULL,NULL,NULL,NULL,NULL,0,'2026-06-13 16:41:51'),(833,'s123','text','ai',NULL,NULL,NULL,'您好！很高兴为您服务！请问您需要咨询关于空白格·AI 的哪些服务或产品呢？',NULL,NULL,NULL,NULL,NULL,NULL,NULL,NULL,0,'2026-06-13 16:41:53'),(834,'s123','text','user',NULL,NULL,NULL,'hello',NULL,NULL,NULL,NULL,NULL,NULL,NULL,NULL,0,'2026-06-13 16:51:16'),(835,'s123','text','ai',NULL,NULL,NULL,'您好！很高兴为您服务！请问您今天想咨询关于空白格·AI 的哪方面内容？比如产品功能、价格方案，还是技术支持？',NULL,NULL,NULL,NULL,NULL,NULL,NULL,NULL,0,'2026-06-13 16:51:20'),(836,'s123','text','user',NULL,NULL,NULL,'hello',NULL,NULL,NULL,NULL,NULL,NULL,NULL,NULL,0,'2026-06-13 17:00:42'),(837,'s123','text','ai',NULL,NULL,NULL,'您好！我是空白格·AI的智能客服助手。请问您想了解哪方面的信息呢？例如：产品功能、价格方案、技术支持，或是其他问题？',NULL,NULL,NULL,NULL,NULL,NULL,NULL,NULL,0,'2026-06-13 17:00:45'),(838,'s123','text','user',NULL,NULL,NULL,'hello',NULL,NULL,NULL,NULL,NULL,NULL,NULL,NULL,0,'2026-06-13 17:20:36'),(839,'s123','text','ai',NULL,NULL,NULL,'您好！请问您需要了解哪些关于空白格·AI 的信息呢？例如产品功能、价格方案，或需要技术支持？',NULL,NULL,NULL,NULL,NULL,NULL,NULL,NULL,0,'2026-06-13 17:20:40'),(840,'s123','text','user',NULL,NULL,NULL,'hello',NULL,NULL,NULL,NULL,NULL,NULL,NULL,NULL,0,'2026-06-13 17:40:35'),(841,'s123','text','ai',NULL,NULL,NULL,'您好！很高兴为您服务！如果您暂无具体问题，可以随时告诉我您感兴趣的方向，例如产品功能、价格或技术支持。',NULL,NULL,NULL,NULL,NULL,NULL,NULL,NULL,0,'2026-06-13 17:40:39'),(842,'s123','text','user',NULL,NULL,NULL,'hello',NULL,NULL,NULL,NULL,NULL,NULL,NULL,NULL,0,'2026-06-13 18:41:16'),(843,'s123','text','ai',NULL,NULL,NULL,'您好！很高兴再次为您服务！如果您暂无具体问题，可以随时告诉我您的需求，比如：  \n- 产品功能咨询  \n- 价格方案查询  \n- 技术支持协助  \n我将尽力为您解答！',NULL,NULL,NULL,NULL,NULL,NULL,NULL,NULL,0,'2026-06-13 18:41:20'),(844,'ws-1781415218758','text','user',NULL,NULL,NULL,'你好，测试一下',NULL,NULL,NULL,NULL,NULL,NULL,NULL,NULL,0,'2026-06-14 13:34:32'),(845,'ws-1781415218758','text','ai',NULL,NULL,NULL,'您好！我是空白格·AI 的智能客服助手，很高兴为您服务。请问有什么可以帮您的吗？如果您需要测试功能，可以告诉我具体想测试什么，比如产品咨询、技术支持或其他问题，我会尽力协助。如果问题复杂，也可以建议转人工客服哦！',NULL,NULL,NULL,NULL,NULL,NULL,NULL,NULL,0,'2026-06-14 13:34:34'),(846,'ws-1781415392013','text','user',NULL,NULL,NULL,'你好，请问如何查询订单？',NULL,NULL,NULL,NULL,NULL,NULL,NULL,NULL,0,'2026-06-14 13:36:49'),(847,'ws-1781415392013','text','ai',NULL,NULL,NULL,'您好！很高兴为您服务！要查询订单，您可以通过以下方式：登录我们的官网或APP，进入“我的订单”页面，输入订单号或手机号即可查看订单状态。如果遇到问题，请告诉我更多细节，比如订单号，我会帮您进一步处理。',NULL,NULL,NULL,NULL,NULL,NULL,NULL,NULL,0,'2026-06-14 13:36:50'),(848,'ws-1781415501656','text','user',NULL,NULL,NULL,'你好，测试',NULL,NULL,NULL,NULL,NULL,NULL,NULL,NULL,0,'2026-06-14 13:38:44'),(849,'ws-1781415501656','text','ai',NULL,NULL,NULL,'您好！欢迎来到空白格·AI 智能客服系统。请问有什么可以帮助您的？',NULL,NULL,NULL,NULL,NULL,NULL,NULL,NULL,0,'2026-06-14 13:38:45'),(850,'test123','text','user',NULL,NULL,NULL,'你好',NULL,NULL,NULL,NULL,NULL,NULL,NULL,NULL,0,'2026-06-14 14:06:53'),(851,'ws-1781418989756','text','user',NULL,NULL,NULL,'',NULL,NULL,NULL,NULL,NULL,NULL,NULL,NULL,0,'2026-06-14 14:36:33'),(852,'ws-1781418995073','text','user',NULL,NULL,NULL,'\">',NULL,NULL,NULL,NULL,NULL,NULL,NULL,NULL,0,'2026-06-14 14:36:38'),(853,'ws-1781418995073','text','ai',NULL,NULL,NULL,'您好！欢迎来到空白格·AI智能客服系统。我是您的专属助手，很高兴为您服务！请问有什么可以帮您的吗？无论是产品咨询、技术问题还是其他需求，我都会尽力为您提供帮助。😊',NULL,NULL,NULL,NULL,NULL,NULL,NULL,NULL,0,'2026-06-14 14:36:41'),(854,'ws-1781419000055','text','user',NULL,NULL,NULL,'',NULL,NULL,NULL,NULL,NULL,NULL,NULL,NULL,0,'2026-06-14 14:36:43'),(855,'ws-1781423860771','text','user',NULL,NULL,NULL,'你好',NULL,NULL,NULL,NULL,NULL,NULL,NULL,NULL,0,'2026-06-14 15:57:53'),(856,'ws-1781423860771','text','ai',NULL,NULL,NULL,'抱歉，AI 服务暂时不可用，请稍后再试。（错误码：401）',NULL,NULL,NULL,NULL,NULL,NULL,NULL,NULL,0,'2026-06-14 15:57:55'),(857,'test123','text','user',NULL,NULL,NULL,'hello',NULL,NULL,NULL,NULL,NULL,NULL,NULL,NULL,0,'2026-06-14 16:18:05'),(858,'test123','text','ai',NULL,NULL,NULL,'抱歉，AI 服务暂时不可用，请稍后再试。（错误码：401）',NULL,NULL,NULL,NULL,NULL,NULL,NULL,NULL,0,'2026-06-14 16:18:07'),(859,'fix-test-001','text','user',NULL,NULL,NULL,'hello, what services do you offer?',NULL,NULL,NULL,NULL,NULL,NULL,NULL,NULL,0,'2026-06-14 16:26:07'),(860,'fix-test-001','text','ai',NULL,NULL,NULL,'Hello! Welcome to Blank Space AI. We offer a range of AI-powered customer service solutions, including intelligent chatbots, voice assistants, and automated ticketing systems. Could you tell me more about what you\'re looking for? I\'d be happy to provide specific details!',NULL,NULL,NULL,NULL,NULL,NULL,NULL,NULL,0,'2026-06-14 16:26:10'),(861,'test-api-001','text','user',NULL,NULL,NULL,'hello',NULL,NULL,NULL,NULL,NULL,NULL,NULL,NULL,0,'2026-06-14 16:43:27'),(862,'test-api-001','text','ai',NULL,NULL,NULL,'Hello! Welcome to the smart customer service system of Blank Space AI. How can I assist you today?',NULL,NULL,NULL,NULL,NULL,NULL,NULL,NULL,0,'2026-06-14 16:43:29'),(863,'ws-1781426631891','text','user',NULL,NULL,NULL,'你好',NULL,NULL,NULL,NULL,NULL,NULL,NULL,NULL,0,'2026-06-14 16:44:03'),(864,'ws-1781426631891','text','ai',NULL,NULL,NULL,'你好！欢迎来到空白格·AI 智能客服系统。我是你的AI助手，很高兴为你服务！有什么可以帮你的吗？比如产品介绍、使用问题或其他咨询，请随时告诉我。',NULL,NULL,NULL,NULL,NULL,NULL,NULL,NULL,0,'2026-06-14 16:44:04'),(865,'test-001','text','user',NULL,NULL,NULL,'hello',NULL,NULL,NULL,NULL,NULL,NULL,NULL,NULL,0,'2026-06-14 16:44:33'),(866,'test-001','text','ai',NULL,NULL,NULL,'你好！你好！😊 看起来你发送了重复的问候。请问有什么我可以帮你的吗？无论是关于空白格·AI公司的问题，还是其他任何疑问，都可以告诉我哦！',NULL,NULL,NULL,NULL,NULL,NULL,NULL,NULL,0,'2026-06-14 16:44:35'),(867,'test-final','text','user',NULL,NULL,NULL,'hello',NULL,NULL,NULL,NULL,NULL,NULL,NULL,NULL,0,'2026-06-14 16:53:01'),(868,'test-final','text','ai',NULL,NULL,NULL,'您好！很高兴为您服务！为了更好地解答您的价格问题，请您提供具体的产品或服务名称，例如“AI 客服系统”或“智能写作助手”。如果您不确定，可以描述一下您的需求场景（比如：需要自动回复客户、生成文案等），我会为您推荐合适方案并告知价格。',NULL,NULL,NULL,NULL,NULL,NULL,NULL,NULL,0,'2026-06-14 16:53:06'),(869,'test-comp-001','text','user',NULL,NULL,NULL,'你好',NULL,NULL,NULL,NULL,NULL,NULL,NULL,NULL,0,'2026-06-14 16:53:26'),(870,'test-comp-001','text','ai',NULL,NULL,NULL,'你好！欢迎来到空白格·AI 智能客服系统，我是你的 AI 助手。请问有什么可以帮助你的？',NULL,NULL,NULL,NULL,NULL,NULL,NULL,NULL,0,'2026-06-14 16:53:27'),(871,'final-001','text','user',NULL,NULL,NULL,'你好',NULL,NULL,NULL,NULL,NULL,NULL,NULL,NULL,0,'2026-06-14 17:02:15'),(872,'final-001','text','ai',NULL,NULL,NULL,'你好！欢迎来到空白格·AI公司智能客服系统，我是你的AI助手，很高兴为你服务！有什么可以帮你的吗？',NULL,NULL,NULL,NULL,NULL,NULL,NULL,NULL,0,'2026-06-14 17:02:18'),(873,'ws-1781438097849','text','user',NULL,NULL,NULL,'你好',NULL,NULL,NULL,NULL,NULL,NULL,NULL,NULL,0,'2026-06-14 19:55:06'),(874,'ws-1781438097849','text','ai',NULL,NULL,NULL,'您好！欢迎来到空白格·AI 智能客服系统，我是您的专属助手。请问有什么可以帮助您的？',NULL,NULL,NULL,NULL,NULL,NULL,NULL,NULL,0,'2026-06-14 19:55:07'),(875,'ws-1781440344987','text','user',NULL,NULL,NULL,'你好',NULL,NULL,NULL,NULL,NULL,NULL,NULL,NULL,0,'2026-06-14 20:33:38'),(876,'ws-1781440344987','text','ai',NULL,NULL,NULL,'你好！欢迎来到空白格·AI 智能客服系统，我是你的专属助手。请问有什么可以帮你的？',NULL,NULL,NULL,NULL,NULL,NULL,NULL,NULL,0,'2026-06-14 20:33:40'),(877,'ws-1781442228893','text','user',NULL,NULL,NULL,'你好',NULL,NULL,NULL,NULL,NULL,NULL,NULL,NULL,0,'2026-06-14 21:04:00'),(878,'ws-1781442228893','text','ai',NULL,NULL,NULL,'你好！欢迎来到空白格·AI 智能客服系统，有什么可以帮你的吗？😊',NULL,NULL,NULL,NULL,NULL,NULL,NULL,NULL,0,'2026-06-14 21:04:03'),(879,'ws-1781442630864','text','user',NULL,NULL,NULL,'你好',NULL,NULL,NULL,NULL,NULL,NULL,NULL,NULL,0,'2026-06-14 21:10:37'),(880,'ws-1781442630864','text','user',NULL,NULL,NULL,'你好',NULL,NULL,NULL,NULL,NULL,NULL,NULL,NULL,0,'2026-06-14 21:10:48'),(881,'ws-1781442630864','text','user',NULL,NULL,NULL,'你好',NULL,NULL,NULL,NULL,NULL,NULL,NULL,NULL,0,'2026-06-14 21:11:02'),(882,'ws-1781442878121','text','user',NULL,NULL,NULL,'你好',NULL,NULL,NULL,NULL,NULL,NULL,NULL,NULL,0,'2026-06-14 21:14:47'),(883,'test','text','user',NULL,NULL,NULL,'hello',NULL,NULL,NULL,NULL,NULL,NULL,NULL,NULL,0,'2026-06-14 21:41:08'),(884,'test-001','text','user',NULL,NULL,NULL,'hello',NULL,NULL,NULL,NULL,NULL,NULL,NULL,NULL,0,'2026-06-14 21:41:44'),(885,'test-001','text','user',NULL,NULL,NULL,'hello',NULL,NULL,NULL,NULL,NULL,NULL,NULL,NULL,0,'2026-06-14 21:42:44'),(886,'test-002','text','user',NULL,NULL,NULL,'我要退款',NULL,NULL,NULL,NULL,NULL,NULL,NULL,NULL,0,'2026-06-14 21:42:44'),(887,'test-001','text','user',NULL,NULL,NULL,'hello',NULL,NULL,NULL,NULL,NULL,NULL,NULL,NULL,0,'2026-06-14 21:44:07'),(888,'test-002','text','user',NULL,NULL,NULL,'我要退款',NULL,NULL,NULL,NULL,NULL,NULL,NULL,NULL,0,'2026-06-14 21:44:07'),(889,'d265e3e79441478d9d8c6b0b101104b8','text','user',NULL,NULL,NULL,'你好',NULL,NULL,NULL,NULL,NULL,NULL,NULL,NULL,0,'2026-06-14 22:11:29'),(890,'d265e3e79441478d9d8c6b0b101104b8','text','user',NULL,NULL,NULL,'我要退款',NULL,NULL,NULL,NULL,NULL,NULL,NULL,NULL,0,'2026-06-14 22:11:29'),(891,'d265e3e79441478d9d8c6b0b101104b8','text','user',NULL,NULL,NULL,'查询订单',NULL,NULL,NULL,NULL,NULL,NULL,NULL,NULL,0,'2026-06-14 22:11:29'),(892,'d265e3e79441478d9d8c6b0b101104b8','text','user',NULL,NULL,NULL,'我要投诉',NULL,NULL,NULL,NULL,NULL,NULL,NULL,NULL,0,'2026-06-14 22:11:29'),(893,'d265e3e79441478d9d8c6b0b101104b8','text','user',NULL,NULL,NULL,'你好',NULL,NULL,NULL,NULL,NULL,NULL,NULL,NULL,0,'2026-06-14 22:12:14'),(894,'d265e3e79441478d9d8c6b0b101104b8','text','user',NULL,NULL,NULL,'我要退款',NULL,NULL,NULL,NULL,NULL,NULL,NULL,NULL,0,'2026-06-14 22:12:14'),(895,'d265e3e79441478d9d8c6b0b101104b8','text','user',NULL,NULL,NULL,'查询订单',NULL,NULL,NULL,NULL,NULL,NULL,NULL,NULL,0,'2026-06-14 22:12:14'),(896,'d265e3e79441478d9d8c6b0b101104b8','text','user',NULL,NULL,NULL,'我要投诉',NULL,NULL,NULL,NULL,NULL,NULL,NULL,NULL,0,'2026-06-14 22:12:14'),(897,'test','text','user',NULL,NULL,NULL,'你好',NULL,NULL,NULL,NULL,NULL,NULL,NULL,NULL,0,'2026-06-15 08:05:03'),(898,'df19fea6b4164a17bfeffa0c8d3decb6','text','user',NULL,NULL,NULL,'你好',NULL,NULL,NULL,NULL,NULL,NULL,NULL,NULL,0,'2026-06-15 08:06:31'),(899,'d265e3e79441478d9d8c6b0b101104b8','text','user',NULL,NULL,NULL,'测试消息',NULL,NULL,NULL,NULL,NULL,NULL,NULL,NULL,0,'2026-06-15 08:14:28');
/*!40000 ALTER TABLE `tb_message` ENABLE KEYS */;
UNLOCK TABLES;

--
-- Table structure for table `tb_operation_log`
--

DROP TABLE IF EXISTS `tb_operation_log`;
/*!40101 SET @saved_cs_client     = @@character_set_client */;
/*!50503 SET character_set_client = utf8mb4 */;
CREATE TABLE `tb_operation_log` (
  `id` bigint NOT NULL AUTO_INCREMENT COMMENT 'ID',
  `operator_id` bigint DEFAULT NULL COMMENT '操作人ID',
  `operator_type` varchar(20) COLLATE utf8mb4_unicode_ci DEFAULT 'system' COMMENT '操作人类型：admin/agent/system',
  `module` varchar(30) COLLATE utf8mb4_unicode_ci NOT NULL COMMENT '模块：knowledge_base/intent/agent/channel/ticket/config',
  `action` varchar(30) COLLATE utf8mb4_unicode_ci NOT NULL COMMENT '动作：create/update/delete/import/export',
  `target_id` bigint DEFAULT NULL COMMENT '目标对象ID',
  `detail` text COLLATE utf8mb4_unicode_ci COMMENT '操作详情',
  `ip_address` varchar(50) COLLATE utf8mb4_unicode_ci DEFAULT NULL COMMENT '操作IP',
  `create_time` datetime NOT NULL DEFAULT CURRENT_TIMESTAMP COMMENT '创建时间',
  PRIMARY KEY (`id`),
  KEY `idx_module` (`module`),
  KEY `idx_operator_id` (`operator_id`),
  KEY `idx_create_time` (`create_time`)
) ENGINE=InnoDB AUTO_INCREMENT=2 DEFAULT CHARSET=utf8mb4 COLLATE=utf8mb4_unicode_ci COMMENT='操作日志表';
/*!40101 SET character_set_client = @saved_cs_client */;

--
-- Dumping data for table `tb_operation_log`
--

LOCK TABLES `tb_operation_log` WRITE;
/*!40000 ALTER TABLE `tb_operation_log` DISABLE KEYS */;
INSERT INTO `tb_operation_log` VALUES (1,5,'system','密码管理','修改密码',NULL,'密码修改成功','unknown','2026-06-13 22:52:42');
/*!40000 ALTER TABLE `tb_operation_log` ENABLE KEYS */;
UNLOCK TABLES;

--
-- Table structure for table `tb_outreach_task`
--

DROP TABLE IF EXISTS `tb_outreach_task`;
/*!40101 SET @saved_cs_client     = @@character_set_client */;
/*!50503 SET character_set_client = utf8mb4 */;
CREATE TABLE `tb_outreach_task` (
  `id` bigint NOT NULL AUTO_INCREMENT COMMENT '主键 ID',
  `name` varchar(200) NOT NULL COMMENT '任务名称',
  `task_type` varchar(20) NOT NULL COMMENT '任务类型：sms-短信，email-邮件，notification-站内通知',
  `target_group` varchar(50) NOT NULL COMMENT '目标用户群：all-全部，new-新用户，inactive-沉睡用户',
  `template_id` bigint DEFAULT NULL COMMENT '模板 ID',
  `status` varchar(20) DEFAULT 'pending' COMMENT '任务状态：pending-待执行，running-执行中，completed-已完成，cancelled-已取消',
  `total_count` int DEFAULT '0' COMMENT '总数量',
  `sent_count` int DEFAULT '0' COMMENT '已发送数量',
  `success_count` int DEFAULT '0' COMMENT '成功数量',
  `failed_count` int DEFAULT '0' COMMENT '失败数量',
  `scheduled_time` datetime DEFAULT NULL COMMENT '计划执行时间',
  `start_time` datetime DEFAULT NULL COMMENT '实际开始时间',
  `end_time` datetime DEFAULT NULL COMMENT '实际结束时间',
  `creator_id` bigint DEFAULT NULL COMMENT '创建人 ID',
  `create_time` datetime DEFAULT CURRENT_TIMESTAMP,
  `update_time` datetime DEFAULT CURRENT_TIMESTAMP ON UPDATE CURRENT_TIMESTAMP,
  `deleted` int DEFAULT '0',
  PRIMARY KEY (`id`),
  KEY `idx_status` (`status`),
  KEY `idx_scheduled_time` (`scheduled_time`)
) ENGINE=InnoDB DEFAULT CHARSET=utf8mb4 COLLATE=utf8mb4_0900_ai_ci COMMENT='外呼任务表';
/*!40101 SET character_set_client = @saved_cs_client */;

--
-- Dumping data for table `tb_outreach_task`
--

LOCK TABLES `tb_outreach_task` WRITE;
/*!40000 ALTER TABLE `tb_outreach_task` DISABLE KEYS */;
/*!40000 ALTER TABLE `tb_outreach_task` ENABLE KEYS */;
UNLOCK TABLES;

--
-- Table structure for table `tb_outreach_template`
--

DROP TABLE IF EXISTS `tb_outreach_template`;
/*!40101 SET @saved_cs_client     = @@character_set_client */;
/*!50503 SET character_set_client = utf8mb4 */;
CREATE TABLE `tb_outreach_template` (
  `id` bigint NOT NULL AUTO_INCREMENT COMMENT '主键 ID',
  `name` varchar(200) NOT NULL COMMENT '模板名称',
  `task_type` varchar(20) NOT NULL COMMENT '模板类型：sms-短信，email-邮件，notification-站内通知',
  `content` text NOT NULL COMMENT '模板内容',
  `variables` json DEFAULT NULL COMMENT '变量说明（JSON）',
  `enabled` int DEFAULT '1' COMMENT '是否启用（0-否，1-是）',
  `usage_count` int DEFAULT '0' COMMENT '使用次数',
  `create_time` datetime DEFAULT CURRENT_TIMESTAMP,
  `update_time` datetime DEFAULT CURRENT_TIMESTAMP ON UPDATE CURRENT_TIMESTAMP,
  `deleted` int DEFAULT '0',
  PRIMARY KEY (`id`)
) ENGINE=InnoDB AUTO_INCREMENT=5 DEFAULT CHARSET=utf8mb4 COLLATE=utf8mb4_0900_ai_ci COMMENT='外呼模板表';
/*!40101 SET character_set_client = @saved_cs_client */;

--
-- Dumping data for table `tb_outreach_template`
--

LOCK TABLES `tb_outreach_template` WRITE;
/*!40000 ALTER TABLE `tb_outreach_template` DISABLE KEYS */;
INSERT INTO `tb_outreach_template` VALUES (1,'新用户欢迎 - 短信','sms','尊敬的${username}，欢迎加入空白格 AI！如有任何问题，请随时联系我们的客服团队。','{\"username\": \"用户昵称\"}',1,0,'2026-06-04 14:57:27','2026-06-04 14:57:27',0),(2,'新用户欢迎 - 邮件','email','尊敬的${username}：<br/><br/>感谢您选择空白格 AI 客服系统！<br/><br/>我们将竭诚为您服务。<br/><br/>空白格·AI 团队','{\"username\": \"用户昵称\"}',1,0,'2026-06-04 14:57:27','2026-06-04 14:57:27',0),(3,'沉睡用户激活 - 短信','sms','${username}，好久不见！我们现在推出了新功能，诚邀您回来体验。点击链接了解更多：https://ai-cs.jnysx.cn','{\"username\": \"用户昵称\"}',1,0,'2026-06-04 14:57:27','2026-06-04 14:57:27',0),(4,'活动通知 - 站内信','notification','亲爱的${username}，我们即将举办产品升级活动，敬请期待！','{\"username\": \"用户昵称\"}',1,0,'2026-06-04 14:57:27','2026-06-04 14:57:27',0);
/*!40000 ALTER TABLE `tb_outreach_template` ENABLE KEYS */;
UNLOCK TABLES;

--
-- Table structure for table `tb_product_config`
--

DROP TABLE IF EXISTS `tb_product_config`;
/*!40101 SET @saved_cs_client     = @@character_set_client */;
/*!50503 SET character_set_client = utf8mb4 */;
CREATE TABLE `tb_product_config` (
  `id` int NOT NULL AUTO_INCREMENT,
  `plan_name` varchar(50) NOT NULL,
  `plan_code` varchar(50) NOT NULL,
  `price_month` decimal(10,2) NOT NULL,
  `features` text,
  `sort_order` int DEFAULT '0',
  `status` tinyint DEFAULT '1',
  `update_time` datetime DEFAULT CURRENT_TIMESTAMP ON UPDATE CURRENT_TIMESTAMP,
  PRIMARY KEY (`id`)
) ENGINE=InnoDB AUTO_INCREMENT=4 DEFAULT CHARSET=utf8mb4 COLLATE=utf8mb4_0900_ai_ci;
/*!40101 SET character_set_client = @saved_cs_client */;

--
-- Dumping data for table `tb_product_config`
--

LOCK TABLES `tb_product_config` WRITE;
/*!40000 ALTER TABLE `tb_product_config` DISABLE KEYS */;
INSERT INTO `tb_product_config` VALUES (1,'基础版','basic',999.00,'AI 客服+知识库',1,1,'2026-06-05 13:57:06'),(2,'专业版','pro',2999.00,'全渠道 + 坐席+报表',2,1,'2026-06-05 13:57:06'),(3,'企业版','enterprise',9999.00,'定制化 + 专属部署',3,1,'2026-06-05 13:57:06');
/*!40000 ALTER TABLE `tb_product_config` ENABLE KEYS */;
UNLOCK TABLES;

--
-- Table structure for table `tb_quality_inspection`
--

DROP TABLE IF EXISTS `tb_quality_inspection`;
/*!40101 SET @saved_cs_client     = @@character_set_client */;
/*!50503 SET character_set_client = utf8mb4 */;
CREATE TABLE `tb_quality_inspection` (
  `id` bigint NOT NULL AUTO_INCREMENT,
  `session_id` varchar(64) NOT NULL,
  `agent_id` bigint DEFAULT NULL,
  `inspection_type` varchar(30) NOT NULL COMMENT 'auto/manual',
  `score` decimal(3,1) DEFAULT '0.0' COMMENT '质量评分0-10',
  `response_time_score` decimal(3,1) DEFAULT '0.0',
  `accuracy_score` decimal(3,1) DEFAULT '0.0',
  `attitude_score` decimal(3,1) DEFAULT '0.0',
  `resolution_score` decimal(3,1) DEFAULT '0.0',
  `issues` json DEFAULT NULL COMMENT '问题列表',
  `suggestions` json DEFAULT NULL COMMENT '改进建议',
  `inspector` varchar(50) DEFAULT NULL COMMENT '质检员',
  `status` tinyint DEFAULT '0' COMMENT '0-待质检 1-已质检 2-有问题',
  `create_time` datetime DEFAULT CURRENT_TIMESTAMP,
  `update_time` datetime DEFAULT CURRENT_TIMESTAMP ON UPDATE CURRENT_TIMESTAMP,
  PRIMARY KEY (`id`),
  KEY `idx_session` (`session_id`),
  KEY `idx_agent` (`agent_id`),
  KEY `idx_status` (`status`)
) ENGINE=InnoDB AUTO_INCREMENT=6 DEFAULT CHARSET=utf8mb4 COLLATE=utf8mb4_0900_ai_ci COMMENT='质检记录表';
/*!40101 SET character_set_client = @saved_cs_client */;

--
-- Dumping data for table `tb_quality_inspection`
--

LOCK TABLES `tb_quality_inspection` WRITE;
/*!40000 ALTER TABLE `tb_quality_inspection` DISABLE KEYS */;
INSERT INTO `tb_quality_inspection` VALUES (1,'s_001',1,'auto',8.5,9.0,8.0,8.5,8.5,NULL,NULL,NULL,1,'2026-06-13 18:35:20','2026-06-13 18:35:20'),(2,'s_002',2,'auto',7.0,6.0,7.5,7.0,7.5,NULL,NULL,NULL,1,'2026-06-13 18:35:20','2026-06-13 18:35:20'),(3,'s_003',3,'manual',9.0,9.5,9.0,8.5,9.0,NULL,NULL,NULL,1,'2026-06-13 18:35:20','2026-06-13 18:35:20'),(4,'s_004',1,'auto',6.0,5.0,6.5,6.0,6.5,NULL,NULL,NULL,2,'2026-06-13 18:35:20','2026-06-13 18:35:20'),(5,'s_005',4,'manual',8.0,8.5,7.5,8.0,8.0,NULL,NULL,NULL,1,'2026-06-13 18:35:20','2026-06-13 18:35:20');
/*!40000 ALTER TABLE `tb_quality_inspection` ENABLE KEYS */;
UNLOCK TABLES;

--
-- Table structure for table `tb_report_daily`
--

DROP TABLE IF EXISTS `tb_report_daily`;
/*!40101 SET @saved_cs_client     = @@character_set_client */;
/*!50503 SET character_set_client = utf8mb4 */;
CREATE TABLE `tb_report_daily` (
  `id` bigint NOT NULL AUTO_INCREMENT COMMENT 'ID',
  `report_date` date NOT NULL COMMENT '报表日期',
  `channel` varchar(30) COLLATE utf8mb4_unicode_ci DEFAULT 'all' COMMENT '渠道',
  `total_sessions` int DEFAULT '0' COMMENT '总会话数',
  `bot_resolved` int DEFAULT '0' COMMENT '机器人解决数',
  `transfer_count` int DEFAULT '0' COMMENT '转人工数',
  `avg_response_time` int DEFAULT '0' COMMENT '平均响应时长(ms)',
  `avg_bot_response_time` int DEFAULT '0' COMMENT 'AI平均响应时长(ms)',
  `avg_agent_response_time` int DEFAULT '0' COMMENT '人工平均响应时长(ms)',
  `csat_avg` decimal(3,2) DEFAULT '0.00' COMMENT '平均满意度(1-5)',
  `top_intents` json DEFAULT NULL COMMENT '热门意图TOP10',
  `top_questions` json DEFAULT NULL COMMENT '热门问题TOP10',
  `create_time` datetime NOT NULL DEFAULT CURRENT_TIMESTAMP COMMENT '创建时间',
  PRIMARY KEY (`id`),
  UNIQUE KEY `uk_date_channel` (`report_date`,`channel`)
) ENGINE=InnoDB AUTO_INCREMENT=22 DEFAULT CHARSET=utf8mb4 COLLATE=utf8mb4_unicode_ci COMMENT='数据报表缓存表';
/*!40101 SET character_set_client = @saved_cs_client */;

--
-- Dumping data for table `tb_report_daily`
--

LOCK TABLES `tb_report_daily` WRITE;
/*!40000 ALTER TABLE `tb_report_daily` DISABLE KEYS */;
INSERT INTO `tb_report_daily` VALUES (1,'2026-05-31','all',45,32,13,120,90,150,4.50,NULL,NULL,'2026-06-06 18:10:39'),(2,'2026-06-01','all',52,38,14,115,85,145,4.60,NULL,NULL,'2026-06-06 18:10:39'),(3,'2026-06-02','all',48,35,13,125,95,155,4.40,NULL,NULL,'2026-06-06 18:10:39'),(4,'2026-06-03','all',55,40,15,110,80,140,4.70,NULL,NULL,'2026-06-06 18:10:39'),(5,'2026-06-04','all',60,45,15,105,75,135,4.80,NULL,NULL,'2026-06-06 18:10:39'),(6,'2026-06-05','all',58,42,16,108,78,138,4.70,NULL,NULL,'2026-06-06 18:10:39'),(7,'2026-06-06','all',30,22,8,115,85,145,4.60,NULL,NULL,'2026-06-06 18:10:39'),(8,'2026-06-06','web',21,15,6,120,90,150,4.50,NULL,NULL,'2026-06-13 16:57:09'),(9,'2026-06-05','web',41,30,11,110,80,140,4.60,NULL,NULL,'2026-06-13 16:57:09'),(10,'2026-06-04','web',42,32,10,108,78,138,4.70,NULL,NULL,'2026-06-13 16:57:09'),(11,'2026-06-03','web',39,28,11,115,85,145,4.60,NULL,NULL,'2026-06-13 16:57:09'),(12,'2026-06-02','web',34,25,9,130,100,160,4.30,NULL,NULL,'2026-06-13 16:57:09'),(13,'2026-06-01','web',36,26,10,125,95,155,4.50,NULL,NULL,'2026-06-13 16:57:09'),(14,'2026-05-31','web',32,22,10,135,105,165,4.40,NULL,NULL,'2026-06-13 16:57:09'),(15,'2026-06-06','wechat_mp',9,7,2,105,75,135,4.80,NULL,NULL,'2026-06-13 16:57:09'),(16,'2026-06-05','wechat_mp',17,12,5,98,68,128,4.90,NULL,NULL,'2026-06-13 16:57:09'),(17,'2026-06-04','wechat_mp',18,13,5,95,65,125,5.00,NULL,NULL,'2026-06-13 16:57:09'),(18,'2026-06-03','wechat_mp',16,12,4,100,70,130,4.90,NULL,NULL,'2026-06-13 16:57:09'),(19,'2026-06-02','wechat_mp',14,10,4,110,80,140,4.60,NULL,NULL,'2026-06-13 16:57:09'),(20,'2026-06-01','wechat_mp',16,12,4,105,75,135,4.80,NULL,NULL,'2026-06-13 16:57:09'),(21,'2026-05-31','wechat_mp',13,10,3,115,85,145,4.70,NULL,NULL,'2026-06-13 16:57:09');
/*!40000 ALTER TABLE `tb_report_daily` ENABLE KEYS */;
UNLOCK TABLES;

--
-- Table structure for table `tb_session`
--

DROP TABLE IF EXISTS `tb_session`;
/*!40101 SET @saved_cs_client     = @@character_set_client */;
/*!50503 SET character_set_client = utf8mb4 */;
CREATE TABLE `tb_session` (
  `id` bigint NOT NULL AUTO_INCREMENT COMMENT '会话ID',
  `session_id` varchar(64) COLLATE utf8mb4_unicode_ci NOT NULL COMMENT '会话唯一标识（UUID）',
  `user_id` bigint DEFAULT NULL,
  `agent_id` bigint DEFAULT NULL COMMENT '人工客服ID（转人工后填充）',
  `channel` varchar(30) COLLATE utf8mb4_unicode_ci NOT NULL DEFAULT 'web' COMMENT '渠道：web/wechat/app/dingtalk/feishu/whatsapp',
  `channel_detail` varchar(200) COLLATE utf8mb4_unicode_ci DEFAULT NULL COMMENT '渠道详情（微信公众号ID/小程序appid等）',
  `status` tinyint NOT NULL DEFAULT '0' COMMENT '状态：0-机器人对话中，1-等待人工，2-人工服务中，3-已结束，4-用户离开',
  `mode` tinyint NOT NULL DEFAULT '0' COMMENT '对话模式：0-AI自动，1-AI+人工辅助',
  `user_ip` varchar(50) COLLATE utf8mb4_unicode_ci DEFAULT NULL COMMENT '用户IP地址',
  `user_agent` varchar(500) COLLATE utf8mb4_unicode_ci DEFAULT NULL COMMENT '用户浏览器UA',
  `page_url` varchar(500) COLLATE utf8mb4_unicode_ci DEFAULT NULL COMMENT '用户当前页面URL',
  `user_language` varchar(10) COLLATE utf8mb4_unicode_ci DEFAULT 'zh-CN' COMMENT '用户当前语言',
  `user_sentiment` tinyint DEFAULT '0' COMMENT '用户情绪：0-中性，1-正面，-1-负面，-2-愤怒',
  `turn_count` int DEFAULT '0' COMMENT '对话轮次',
  `queue_position` int DEFAULT NULL COMMENT '排队位置（等待人工时）',
  `started_at` datetime NOT NULL DEFAULT CURRENT_TIMESTAMP COMMENT '会话开始时间',
  `agent_joined_at` datetime DEFAULT NULL COMMENT '人工接入时间',
  `ended_at` datetime DEFAULT NULL COMMENT '会话结束时间',
  `end_reason` varchar(50) COLLATE utf8mb4_unicode_ci DEFAULT NULL COMMENT '结束原因：user_close/agent_close/timeout/system',
  `csat_score` tinyint DEFAULT NULL COMMENT '满意度评分：1-5',
  `csat_comment` varchar(500) COLLATE utf8mb4_unicode_ci DEFAULT NULL COMMENT '满意度评价内容',
  `create_time` datetime NOT NULL DEFAULT CURRENT_TIMESTAMP COMMENT '创建时间',
  `update_time` datetime NOT NULL DEFAULT CURRENT_TIMESTAMP ON UPDATE CURRENT_TIMESTAMP COMMENT '更新时间',
  `deleted` int NOT NULL DEFAULT '0' COMMENT '是否删除：0-否，1-是',
  `industry_id` bigint DEFAULT NULL COMMENT '行业 ID',
  PRIMARY KEY (`id`),
  UNIQUE KEY `uk_session_id` (`session_id`),
  KEY `idx_user_id` (`user_id`),
  KEY `idx_agent_id` (`agent_id`),
  KEY `idx_status` (`status`),
  KEY `idx_channel` (`channel`),
  KEY `idx_started_at` (`started_at`),
  KEY `idx_session_industry` (`industry_id`)
) ENGINE=InnoDB AUTO_INCREMENT=147 DEFAULT CHARSET=utf8mb4 COLLATE=utf8mb4_unicode_ci COMMENT='会话表';
/*!40101 SET character_set_client = @saved_cs_client */;

--
-- Dumping data for table `tb_session`
--

LOCK TABLES `tb_session` WRITE;
/*!40000 ALTER TABLE `tb_session` DISABLE KEYS */;
INSERT INTO `tb_session` VALUES (1,'198e7da3c2834590b013f0da6fd2ab9d',1,NULL,'web',NULL,0,0,NULL,NULL,NULL,'zh-CN',0,0,NULL,'2026-05-20 07:28:47',NULL,NULL,NULL,NULL,NULL,'2026-05-20 07:28:47','2026-05-20 07:28:47',0,NULL),(2,'8243d284a2684289a7f021bfb408f4de',2,NULL,'web',NULL,0,0,NULL,NULL,NULL,'zh-CN',0,0,NULL,'2026-05-20 07:31:03',NULL,NULL,NULL,NULL,NULL,'2026-05-20 07:31:03','2026-05-20 07:31:03',0,NULL),(3,'b215ea9e52c544da94d6310908a66afa',3,NULL,'web',NULL,0,0,NULL,NULL,NULL,'zh-CN',0,1,NULL,'2026-05-20 07:32:14',NULL,NULL,NULL,NULL,NULL,'2026-05-20 07:32:14','2026-05-20 07:32:14',0,NULL),(4,'513ccdd4744840129dac4738a60bf3b8',4,1,'web',NULL,2,0,NULL,NULL,NULL,'zh-CN',0,4,NULL,'2026-05-20 07:40:41','2026-05-20 07:41:07',NULL,NULL,NULL,NULL,'2026-05-20 07:40:41','2026-05-20 07:40:41',0,NULL),(5,'70650e9abf784ffb91c6fb80276acda9',5,NULL,'web',NULL,0,0,NULL,NULL,NULL,'zh-CN',0,0,NULL,'2026-05-20 07:42:16',NULL,NULL,NULL,NULL,NULL,'2026-05-20 07:42:16','2026-05-20 07:42:16',0,NULL),(6,'f229d2991d954817becf0065915961fc',6,NULL,'web',NULL,0,0,NULL,NULL,NULL,'zh-CN',0,0,NULL,'2026-05-20 08:26:43',NULL,NULL,NULL,NULL,NULL,'2026-05-20 08:26:43','2026-05-20 08:26:43',0,NULL),(7,'c3355c3e9e25486da4d1f54ff3b0b57c',7,NULL,'web',NULL,0,0,NULL,NULL,NULL,'zh-CN',0,1,NULL,'2026-05-20 08:35:00',NULL,NULL,NULL,NULL,NULL,'2026-05-20 08:35:00','2026-05-20 08:35:00',0,NULL),(8,'8034e786f8884767a0ca0f05bcbfbc51',8,4,'web',NULL,2,0,NULL,NULL,NULL,'zh-CN',0,3,NULL,'2026-05-20 08:41:40','2026-05-20 08:42:06',NULL,NULL,NULL,NULL,'2026-05-20 08:41:40','2026-05-20 08:41:40',0,NULL),(9,'0b4365957dcd49b381ca91e6babae888',9,NULL,'web',NULL,0,0,NULL,NULL,NULL,'zh-CN',0,1,NULL,'2026-05-20 08:47:47',NULL,NULL,NULL,NULL,NULL,'2026-05-20 08:47:47','2026-05-20 08:47:47',0,NULL),(10,'f7842bcf08b34d57b2cccb24c8256bcc',10,NULL,'web',NULL,0,0,NULL,NULL,NULL,'zh-CN',0,0,NULL,'2026-05-20 08:59:11',NULL,NULL,NULL,NULL,NULL,'2026-05-20 08:59:11','2026-05-20 08:59:11',0,NULL),(11,'5df6df12500243298fd41750cf1b1abc',11,NULL,'web',NULL,0,0,NULL,NULL,NULL,'zh-CN',0,0,NULL,'2026-05-20 09:31:33',NULL,NULL,NULL,NULL,NULL,'2026-05-20 09:31:33','2026-05-20 09:31:33',0,NULL),(12,'d8c04d9b23464f009131d3c4fd7ac910',12,NULL,'web',NULL,0,0,NULL,NULL,NULL,'zh-CN',0,0,NULL,'2026-05-20 09:51:09',NULL,NULL,NULL,NULL,NULL,'2026-05-20 09:51:09','2026-05-20 09:51:09',0,NULL),(13,'94d1077ef9a14fa29274f2135418aa9e',13,NULL,'web',NULL,0,0,NULL,NULL,NULL,'zh-CN',0,0,NULL,'2026-05-20 09:51:10',NULL,NULL,NULL,NULL,NULL,'2026-05-20 09:51:10','2026-05-20 09:51:10',0,NULL),(14,'eed3a6a61c4140bca31ebc61e710a7cd',14,NULL,'web',NULL,0,0,NULL,NULL,NULL,'zh-CN',0,0,NULL,'2026-05-20 10:08:22',NULL,NULL,NULL,NULL,NULL,'2026-05-20 10:08:22','2026-05-20 10:08:22',0,NULL),(15,'2b7cab27c5244b8499d9cc6354feda15',15,NULL,'web',NULL,0,0,NULL,NULL,NULL,'zh-CN',0,0,NULL,'2026-05-20 10:10:44',NULL,NULL,NULL,NULL,NULL,'2026-05-20 10:10:44','2026-05-20 10:10:44',0,NULL),(16,'ab8aa74171004f2a86e1aefc31d685b7',16,NULL,'web',NULL,3,0,NULL,NULL,NULL,'zh-CN',0,0,NULL,'2026-05-20 10:10:55',NULL,'2026-05-20 10:10:59','user_close',NULL,NULL,'2026-05-20 10:10:55','2026-05-20 10:10:55',0,NULL),(17,'4dfcdce04384484b96f7b6c1d43f3511',17,NULL,'web',NULL,0,0,NULL,NULL,NULL,'zh-CN',0,0,NULL,'2026-05-20 10:11:05',NULL,NULL,NULL,NULL,NULL,'2026-05-20 10:11:05','2026-05-20 10:11:05',0,NULL),(18,'37063fbae5884fefbb03c228eae568da',18,NULL,'web',NULL,0,0,NULL,NULL,NULL,'zh-CN',0,0,NULL,'2026-05-20 10:11:05',NULL,NULL,NULL,NULL,NULL,'2026-05-20 10:11:05','2026-05-20 10:11:05',0,NULL),(19,'0dbcb02bc4794a8d8160080fab5dae0c',19,NULL,'web',NULL,0,0,NULL,NULL,NULL,'zh-CN',0,0,NULL,'2026-05-20 10:15:06',NULL,NULL,NULL,NULL,NULL,'2026-05-20 10:15:06','2026-05-20 10:15:06',0,NULL),(20,'0ff49a63e86248679828f594d089d462',20,NULL,'web',NULL,0,0,NULL,NULL,NULL,'zh-CN',0,0,NULL,'2026-05-20 10:17:47',NULL,NULL,NULL,NULL,NULL,'2026-05-20 10:17:47','2026-05-20 10:17:47',0,NULL),(21,'e55d073969934877b33b50bc58bfa117',21,NULL,'web',NULL,0,0,NULL,NULL,NULL,'zh-CN',0,0,NULL,'2026-05-20 10:27:44',NULL,NULL,NULL,NULL,NULL,'2026-05-20 10:27:44','2026-05-20 10:27:44',0,NULL),(22,'d77e4129a16741b2a8710c4569139bf6',22,NULL,'web',NULL,0,0,NULL,NULL,NULL,'zh-CN',0,2,NULL,'2026-05-20 10:28:13',NULL,NULL,NULL,NULL,NULL,'2026-05-20 10:28:13','2026-05-20 10:28:13',0,NULL),(23,'ea658fb6a9b141e09ad6966bff8c8b41',23,NULL,'web',NULL,0,0,NULL,NULL,NULL,'zh-CN',0,0,NULL,'2026-05-20 16:20:37',NULL,NULL,NULL,NULL,NULL,'2026-05-20 16:20:37','2026-05-20 16:20:37',0,NULL),(24,'b6fbe41e38de4baaa7c0c58a3c7435fd',24,2,'web',NULL,2,0,NULL,NULL,NULL,'zh-CN',0,2,NULL,'2026-05-20 16:21:04','2026-05-20 16:21:10',NULL,NULL,NULL,NULL,'2026-05-20 16:21:04','2026-05-20 16:21:04',0,NULL),(25,'779c4ad7786040179d03ad5c496fd950',25,NULL,'web',NULL,0,0,NULL,NULL,NULL,'zh-CN',0,2,NULL,'2026-05-20 16:39:30',NULL,NULL,NULL,NULL,NULL,'2026-05-20 16:39:30','2026-05-20 16:39:30',0,NULL),(26,'999ad901199f419cbbb4cd8de9e1cf01',26,NULL,'web',NULL,0,0,NULL,NULL,NULL,'zh-CN',0,0,NULL,'2026-05-20 16:43:25',NULL,NULL,NULL,NULL,NULL,'2026-05-20 16:43:25','2026-05-20 16:43:25',0,NULL),(27,'4bb98b7cfff94ff8994882bb6971cfaa',27,NULL,'web',NULL,0,0,NULL,NULL,NULL,'zh-CN',0,0,NULL,'2026-05-20 16:45:01',NULL,NULL,NULL,NULL,NULL,'2026-05-20 16:45:01','2026-05-20 16:45:01',0,NULL),(28,'8e78357c86aa4777a4c0a90677f1e871',28,3,'web',NULL,2,0,NULL,NULL,NULL,'zh-CN',0,1,NULL,'2026-05-20 17:12:17','2026-05-20 17:12:26',NULL,NULL,NULL,NULL,'2026-05-20 17:12:17','2026-05-20 17:12:17',0,NULL),(29,'b4da689c96e343b5a6555e636640aa71',29,NULL,'web',NULL,0,0,NULL,NULL,NULL,'zh-CN',0,0,NULL,'2026-05-20 17:14:01',NULL,NULL,NULL,NULL,NULL,'2026-05-20 17:14:01','2026-05-20 17:14:01',0,NULL),(30,'4d87039c4d19420cb981919a9d9b9973',30,NULL,'web',NULL,0,0,NULL,NULL,NULL,'zh-CN',0,0,NULL,'2026-05-20 17:59:39',NULL,NULL,NULL,NULL,NULL,'2026-05-20 17:59:39','2026-05-20 17:59:39',0,NULL),(31,'23c2e01903a64815a582af8f4909c196',31,NULL,'web',NULL,0,0,NULL,NULL,NULL,'zh-CN',0,0,NULL,'2026-05-20 21:44:54',NULL,NULL,NULL,NULL,NULL,'2026-05-20 21:44:54','2026-05-20 21:44:54',0,NULL),(32,'51b63239ab1344bd88050683f9e05243',32,NULL,'web',NULL,0,0,NULL,NULL,NULL,'zh-CN',0,0,NULL,'2026-05-20 21:46:32',NULL,NULL,NULL,NULL,NULL,'2026-05-20 21:46:32','2026-05-20 21:46:32',0,NULL),(33,'6d4600f7d0864a4b9c0025281387fd46',33,NULL,'web',NULL,3,0,NULL,NULL,NULL,'zh-CN',0,1,NULL,'2026-05-20 22:10:24',NULL,'2026-05-20 22:10:37','user_close',NULL,NULL,'2026-05-20 22:10:24','2026-05-20 22:10:24',0,NULL),(34,'c2e0447639604fa886b4132b2ba6a8fc',34,NULL,'web',NULL,0,0,NULL,NULL,NULL,'zh-CN',0,0,NULL,'2026-05-21 00:35:36',NULL,NULL,NULL,NULL,NULL,'2026-05-21 00:35:36','2026-05-21 00:35:36',0,NULL),(35,'96f6319d111845409ca69d626a16514f',35,NULL,'web',NULL,0,0,NULL,NULL,NULL,'zh-CN',0,0,NULL,'2026-05-21 00:41:30',NULL,NULL,NULL,NULL,NULL,'2026-05-21 00:41:30','2026-05-21 00:41:30',0,NULL),(36,'a797cda1fe854994a1a67b05b56c5325',36,NULL,'web',NULL,0,0,NULL,NULL,NULL,'zh-CN',0,0,NULL,'2026-05-21 00:41:36',NULL,NULL,NULL,NULL,NULL,'2026-05-21 00:41:36','2026-05-21 00:41:36',0,NULL),(37,'a40f08a0b2a744d8aaee5fb2f842136b',37,1,'web',NULL,2,0,NULL,NULL,NULL,'zh-CN',0,2,NULL,'2026-05-21 08:07:20','2026-05-21 08:07:27',NULL,NULL,NULL,NULL,'2026-05-21 08:07:20','2026-05-21 08:07:20',0,NULL),(38,'19661f59c81941d4b312e996be4a2d69',38,NULL,'web',NULL,0,0,NULL,NULL,NULL,'zh-CN',0,0,NULL,'2026-05-21 09:35:01',NULL,NULL,NULL,NULL,NULL,'2026-05-21 09:35:01','2026-05-21 09:35:01',0,NULL),(39,'4eb362364aa0416ebdad826810e4dc18',39,4,'web',NULL,2,0,NULL,NULL,NULL,'zh-CN',0,1,NULL,'2026-05-21 09:40:22','2026-05-21 09:49:09',NULL,NULL,NULL,NULL,'2026-05-21 09:40:22','2026-05-21 09:40:22',0,NULL),(40,'ede8c892183e4cd9bef2c32c3c3d9f24',40,NULL,'web',NULL,0,0,NULL,NULL,NULL,'zh-CN',0,0,NULL,'2026-05-21 09:53:29',NULL,NULL,NULL,NULL,NULL,'2026-05-21 09:53:29','2026-05-21 09:53:29',0,NULL),(41,'0c7630bfe1c149aaaf10895115f8dca2',41,NULL,'web',NULL,3,0,NULL,NULL,NULL,'zh-CN',0,2,NULL,'2026-05-21 09:57:51',NULL,'2026-05-21 10:07:27','user_close',NULL,NULL,'2026-05-21 09:57:51','2026-05-21 09:57:51',0,NULL),(42,'be13d44885df4f01b3eb034588a4093b',42,NULL,'web',NULL,0,0,NULL,NULL,NULL,'zh-CN',0,0,NULL,'2026-05-21 10:12:40',NULL,NULL,NULL,NULL,NULL,'2026-05-21 10:12:40','2026-05-21 10:12:40',0,NULL),(43,'33ce5be85a704eb1b417780b9f3f5718',43,NULL,'web',NULL,0,0,NULL,NULL,NULL,'zh-CN',0,0,NULL,'2026-05-21 10:18:35',NULL,NULL,NULL,NULL,NULL,'2026-05-21 10:18:35','2026-05-21 10:18:35',0,NULL),(44,'0e01cf61598241c5bab0e8f694244b9f',44,NULL,'web',NULL,3,0,NULL,NULL,NULL,'zh-CN',0,0,NULL,'2026-05-21 10:26:26',NULL,'2026-05-21 10:27:11','user_close',NULL,NULL,'2026-05-21 10:26:26','2026-05-21 10:26:26',0,NULL),(45,'c48c128df98849bd872c53ef079ea0ea',45,NULL,'web',NULL,0,0,NULL,NULL,NULL,'zh-CN',0,0,NULL,'2026-05-21 11:25:59',NULL,NULL,NULL,NULL,NULL,'2026-05-21 11:25:59','2026-05-21 11:25:59',0,NULL),(46,'b8718599023b4ecaa124b587fce0ba59',46,NULL,'web',NULL,0,0,NULL,NULL,NULL,'zh-CN',0,0,NULL,'2026-05-21 11:29:43',NULL,NULL,NULL,NULL,NULL,'2026-05-21 11:29:43','2026-05-21 11:29:43',0,NULL),(47,'17e2854d9ca342539b7d066cbc67e5b6',47,NULL,'web',NULL,0,0,NULL,NULL,NULL,'zh-CN',0,0,NULL,'2026-05-25 09:45:36',NULL,NULL,NULL,NULL,NULL,'2026-05-25 09:45:36','2026-05-25 09:45:36',0,NULL),(48,'dd1a73005c1d4612b9a1fa728624685b',48,NULL,'web',NULL,0,0,NULL,NULL,NULL,'zh-CN',0,0,NULL,'2026-05-25 09:45:58',NULL,NULL,NULL,NULL,NULL,'2026-05-25 09:45:58','2026-05-25 09:45:58',0,NULL),(49,'5d6779b6040d4a448b6eb7adee9beecb',49,NULL,'web',NULL,0,0,NULL,NULL,NULL,'zh-CN',0,0,NULL,'2026-05-25 10:27:08',NULL,NULL,NULL,NULL,NULL,'2026-05-25 10:27:08','2026-05-25 10:27:08',0,NULL),(50,'3bf82cd5fdd4427093fd02d45795a803',50,NULL,'web',NULL,0,0,NULL,NULL,NULL,'zh-CN',0,0,NULL,'2026-05-25 10:27:25',NULL,NULL,NULL,NULL,NULL,'2026-05-25 10:27:25','2026-05-25 10:27:25',0,NULL),(51,'784d6e51ee5d49b3a1d03199c2de8f22',51,NULL,'web',NULL,0,0,NULL,NULL,NULL,'zh-CN',0,0,NULL,'2026-05-25 10:27:35',NULL,NULL,NULL,NULL,NULL,'2026-05-25 10:27:35','2026-05-25 10:27:35',0,NULL),(52,'28fcaefc034f4920baa69a9e1e3a0659',52,NULL,'web',NULL,0,0,NULL,NULL,NULL,'zh-CN',0,0,NULL,'2026-05-25 10:28:44',NULL,NULL,NULL,NULL,NULL,'2026-05-25 10:28:44','2026-05-25 10:28:44',0,NULL),(53,'e61b00af19a847b6adaa365c3154b46a',53,NULL,'web',NULL,0,0,NULL,NULL,NULL,'zh-CN',0,0,NULL,'2026-05-25 11:47:40',NULL,NULL,NULL,NULL,NULL,'2026-05-25 11:47:40','2026-05-25 11:47:40',0,NULL),(54,'aede56a45ded4dfc80fcf9253eeb2c2f',54,NULL,'web',NULL,0,0,NULL,NULL,NULL,'zh-CN',0,0,NULL,'2026-05-25 14:50:38',NULL,NULL,NULL,NULL,NULL,'2026-05-25 14:50:38','2026-05-25 14:50:38',0,NULL),(55,'f637c8fc630a4b6e9d7b8b424672b1a7',55,NULL,'web',NULL,0,0,NULL,NULL,NULL,'zh-CN',0,0,NULL,'2026-05-25 16:39:37',NULL,NULL,NULL,NULL,NULL,'2026-05-25 16:39:37','2026-05-25 16:39:37',0,NULL),(56,'196b882d883349c18806ee25e3763525',56,NULL,'web',NULL,0,0,NULL,NULL,NULL,'zh-CN',0,0,NULL,'2026-05-25 16:40:45',NULL,NULL,NULL,NULL,NULL,'2026-05-25 16:40:45','2026-05-25 16:40:45',0,NULL),(57,'9884662153ae4588818adb0f6faa0e7f',57,NULL,'web',NULL,0,0,NULL,NULL,NULL,'zh-CN',0,0,NULL,'2026-05-25 16:53:33',NULL,NULL,NULL,NULL,NULL,'2026-05-25 16:53:33','2026-05-25 16:53:33',0,NULL),(58,'d9cba097c6664c99b8fa3be4f1601029',58,NULL,'web',NULL,0,0,NULL,NULL,NULL,'zh-CN',0,0,NULL,'2026-05-25 17:08:01',NULL,NULL,NULL,NULL,NULL,'2026-05-25 17:08:01','2026-05-25 17:08:01',0,NULL),(59,'4ce21efb05fb415f8925f1f2535d17f8',59,NULL,'web',NULL,0,0,NULL,NULL,NULL,'zh-CN',0,0,NULL,'2026-05-25 17:23:48',NULL,NULL,NULL,NULL,NULL,'2026-05-25 17:23:48','2026-05-25 17:23:48',0,NULL),(60,'fe65e2db524f4991a0217352c8075d7a',60,NULL,'web',NULL,0,0,NULL,NULL,NULL,'zh-CN',0,0,NULL,'2026-05-25 17:23:50',NULL,NULL,NULL,NULL,NULL,'2026-05-25 17:23:50','2026-05-25 17:23:50',0,NULL),(61,'41d23b6b598f4eeaabe506629af359f5',61,NULL,'web',NULL,0,0,NULL,NULL,NULL,'zh-CN',0,0,NULL,'2026-05-25 17:23:54',NULL,NULL,NULL,NULL,NULL,'2026-05-25 17:23:54','2026-05-25 17:23:54',0,NULL),(62,'aa9094466e3b466a9b8193c2904c9a9d',62,NULL,'web',NULL,0,0,NULL,NULL,NULL,'zh-CN',0,0,NULL,'2026-05-25 17:23:58',NULL,NULL,NULL,NULL,NULL,'2026-05-25 17:23:58','2026-05-25 17:23:58',0,NULL),(63,'3c302ac96d6f4b1e854693546e1748f4',63,NULL,'web',NULL,0,0,NULL,NULL,NULL,'zh-CN',0,0,NULL,'2026-05-25 17:24:00',NULL,NULL,NULL,NULL,NULL,'2026-05-25 17:24:00','2026-05-25 17:24:00',0,NULL),(64,'4faabfd8f15f4066ba78b9df3d0aa9c4',64,NULL,'web',NULL,0,0,NULL,NULL,NULL,'zh-CN',0,0,NULL,'2026-05-25 17:24:03',NULL,NULL,NULL,NULL,NULL,'2026-05-25 17:24:03','2026-05-25 17:24:03',0,NULL),(65,'56763b343cbe4296b0c962e82954a377',65,NULL,'web',NULL,0,0,NULL,NULL,NULL,'zh-CN',0,0,NULL,'2026-05-25 17:24:32',NULL,NULL,NULL,NULL,NULL,'2026-05-25 17:24:32','2026-05-25 17:24:32',0,NULL),(66,'696b52cb3f65426a9277a9820f8b80f9',66,NULL,'web',NULL,0,0,NULL,NULL,NULL,'zh-CN',0,0,NULL,'2026-05-25 17:45:35',NULL,NULL,NULL,NULL,NULL,'2026-05-25 17:45:35','2026-05-25 17:45:35',0,NULL),(67,'d0344608d11a4c71a3526989b8207ed2',67,NULL,'web',NULL,0,0,NULL,NULL,NULL,'zh-CN',0,0,NULL,'2026-05-25 18:20:59',NULL,NULL,NULL,NULL,NULL,'2026-05-25 18:20:59','2026-05-25 18:20:59',0,NULL),(68,'0772668aa1064c06b0182fce889c761e',68,NULL,'web',NULL,0,0,NULL,NULL,NULL,'zh-CN',0,0,NULL,'2026-05-25 18:23:29',NULL,NULL,NULL,NULL,NULL,'2026-05-25 18:23:29','2026-05-25 18:23:29',0,NULL),(69,'8d5ca3d9dc504efabc6d117881e9c564',69,NULL,'web',NULL,0,0,NULL,NULL,NULL,'zh-CN',0,0,NULL,'2026-05-25 18:27:32',NULL,NULL,NULL,NULL,NULL,'2026-05-25 18:27:32','2026-05-25 18:27:32',0,NULL),(70,'3dbb420f52a046a8a6f32e479c5c74d0',70,NULL,'web',NULL,0,0,NULL,NULL,NULL,'zh-CN',0,0,NULL,'2026-05-25 18:58:09',NULL,NULL,NULL,NULL,NULL,'2026-05-25 18:58:09','2026-05-25 18:58:09',0,NULL),(71,'5c6dcfa5ad924fb5b13483de64fd819a',71,NULL,'web',NULL,0,0,NULL,NULL,NULL,'zh-CN',0,0,NULL,'2026-05-25 19:01:08',NULL,NULL,NULL,NULL,NULL,'2026-05-25 19:01:08','2026-05-25 19:01:08',0,NULL),(72,'7147cfec26764136a011ed8117deaed9',72,NULL,'web',NULL,0,0,NULL,NULL,NULL,'zh-CN',0,0,NULL,'2026-05-25 19:19:47',NULL,NULL,NULL,NULL,NULL,'2026-05-25 19:19:47','2026-05-25 19:19:47',0,NULL),(73,'bc08c4c4d794408e99dc4df439fff0de',73,NULL,'web',NULL,0,0,NULL,NULL,NULL,'zh-CN',0,0,NULL,'2026-05-25 19:42:01',NULL,NULL,NULL,NULL,NULL,'2026-05-25 19:42:01','2026-05-25 19:42:01',0,NULL),(74,'4606922762ec4eb9be4519fc41f2ab1c',74,NULL,'web',NULL,0,0,NULL,NULL,NULL,'zh-CN',0,0,NULL,'2026-05-25 19:49:38',NULL,NULL,NULL,NULL,NULL,'2026-05-25 19:49:38','2026-05-25 19:49:38',0,NULL),(75,'9bf0bb9c3e444559bc638f272f803823',75,NULL,'web',NULL,0,0,NULL,NULL,NULL,'zh-CN',0,0,NULL,'2026-05-25 20:05:33',NULL,NULL,NULL,NULL,NULL,'2026-05-25 20:05:33','2026-05-25 20:05:33',0,NULL),(76,'99f1ec307c8f47a588b5dbe434784044',76,NULL,'web',NULL,0,0,NULL,NULL,NULL,'zh-CN',0,0,NULL,'2026-05-25 20:46:34',NULL,NULL,NULL,NULL,NULL,'2026-05-25 20:46:34','2026-05-25 20:46:34',0,NULL),(77,'88fdca42106449a79b9710f125dd8da4',77,NULL,'web',NULL,0,0,NULL,NULL,NULL,'zh-CN',0,0,NULL,'2026-05-25 20:52:33',NULL,NULL,NULL,NULL,NULL,'2026-05-25 20:52:33','2026-05-25 20:52:33',0,NULL),(78,'8a667847d305427da92917f029802bce',78,NULL,'web',NULL,0,0,NULL,NULL,NULL,'zh-CN',0,0,NULL,'2026-05-25 21:18:02',NULL,NULL,NULL,NULL,NULL,'2026-05-25 21:18:02','2026-05-25 21:18:02',0,NULL),(79,'637220225ff1480f88a15b666604d3a0',79,NULL,'web',NULL,0,0,NULL,NULL,NULL,'zh-CN',0,0,NULL,'2026-05-25 21:40:40',NULL,NULL,NULL,NULL,NULL,'2026-05-25 21:40:40','2026-05-25 21:40:40',0,NULL),(80,'4cd3d2c9e15d43719d7387296f86f965',80,NULL,'web',NULL,0,0,NULL,NULL,NULL,'zh-CN',0,0,NULL,'2026-05-25 21:48:51',NULL,NULL,NULL,NULL,NULL,'2026-05-25 21:48:51','2026-05-25 21:48:51',0,NULL),(81,'4dcc3246cb6d4ce09cf10606dd5a5925',81,NULL,'web',NULL,0,0,NULL,NULL,NULL,'zh-CN',0,0,NULL,'2026-05-25 22:35:33',NULL,NULL,NULL,NULL,NULL,'2026-05-25 22:35:33','2026-05-25 22:35:33',0,NULL),(82,'2a1f475ea1ce428e8e3c0f4fbb04742e',82,NULL,'web',NULL,0,0,NULL,NULL,NULL,'zh-CN',0,0,NULL,'2026-05-26 06:53:23',NULL,NULL,NULL,NULL,NULL,'2026-05-26 06:53:23','2026-05-26 06:53:23',0,NULL),(83,'1981a69ec5c0468296cbb048cc4a9eb7',83,NULL,'web',NULL,0,0,NULL,NULL,NULL,'zh-CN',0,0,NULL,'2026-05-31 12:06:02',NULL,NULL,NULL,NULL,NULL,'2026-05-31 12:06:02','2026-05-31 12:06:02',0,NULL),(84,'8e52d36d76764152aef215608893d886',84,NULL,'web',NULL,0,0,NULL,NULL,NULL,'zh-CN',0,0,NULL,'2026-05-31 12:26:06',NULL,NULL,NULL,NULL,NULL,'2026-05-31 12:26:06','2026-05-31 12:26:06',0,NULL),(85,'3033fbed0a1545d08014d38abf5f807a',85,NULL,'web',NULL,0,0,NULL,NULL,NULL,'zh-CN',0,0,NULL,'2026-06-01 15:20:23',NULL,NULL,NULL,NULL,NULL,'2026-06-01 15:20:23','2026-06-01 15:20:23',0,NULL),(86,'4d14c8430e0a4fedabb657aab1289438',86,NULL,'web',NULL,0,0,NULL,NULL,NULL,'zh-CN',0,0,NULL,'2026-06-01 15:20:29',NULL,NULL,NULL,NULL,NULL,'2026-06-01 15:20:29','2026-06-01 15:20:29',0,NULL),(87,'fb00b768f4b34a768940c65e76e93102',87,NULL,'web',NULL,0,0,NULL,NULL,NULL,'zh-CN',0,0,NULL,'2026-06-02 17:41:16',NULL,NULL,NULL,NULL,NULL,'2026-06-02 17:41:16','2026-06-02 17:41:16',0,NULL),(88,'c21b12dd1225446d9d06613cbc9d58e2',88,NULL,'web',NULL,0,0,NULL,NULL,NULL,'zh-CN',0,0,NULL,'2026-06-02 17:41:27',NULL,NULL,NULL,NULL,NULL,'2026-06-02 17:41:27','2026-06-02 17:41:27',0,NULL),(89,'9858fa7b13214077a5aa306af74e95ce',89,NULL,'web',NULL,0,0,NULL,NULL,NULL,'zh-CN',0,0,NULL,'2026-06-02 17:50:19',NULL,NULL,NULL,NULL,NULL,'2026-06-02 17:50:19','2026-06-02 17:50:19',0,NULL),(90,'44872433f2e646048626c6007822258b',90,NULL,'web',NULL,0,0,NULL,NULL,NULL,'zh-CN',0,0,NULL,'2026-06-02 17:50:47',NULL,NULL,NULL,NULL,NULL,'2026-06-02 17:50:47','2026-06-02 17:50:47',0,NULL),(91,'a243d55824f84189aea9811486ae0272',91,NULL,'web',NULL,0,0,NULL,NULL,NULL,'zh-CN',0,0,NULL,'2026-06-02 17:59:39',NULL,NULL,NULL,NULL,NULL,'2026-06-02 17:59:39','2026-06-02 17:59:39',0,NULL),(92,'f3b607198fc34f8a92b879619dee3e95',92,NULL,'web',NULL,0,0,NULL,NULL,NULL,'zh-CN',0,0,NULL,'2026-06-02 17:59:51',NULL,NULL,NULL,NULL,NULL,'2026-06-02 17:59:51','2026-06-02 17:59:51',0,NULL),(93,'18a52ff7b8bf43b59f7ee266aa6f14fe',93,NULL,'web',NULL,0,0,NULL,NULL,NULL,'zh-CN',0,0,NULL,'2026-06-02 18:00:12',NULL,NULL,NULL,NULL,NULL,'2026-06-02 18:00:12','2026-06-02 18:00:12',0,NULL),(94,'628bd3f9b5f84c359dc39e1abaf6e4bf',94,NULL,'web',NULL,0,0,NULL,NULL,NULL,'zh-CN',0,0,NULL,'2026-06-02 18:02:48',NULL,NULL,NULL,NULL,NULL,'2026-06-02 18:02:48','2026-06-02 18:02:48',0,NULL),(95,'e38874be45f040039d1f2941b5902b21',95,NULL,'web',NULL,0,0,NULL,NULL,NULL,'zh-CN',0,0,NULL,'2026-06-02 18:24:17',NULL,NULL,NULL,NULL,NULL,'2026-06-02 18:24:17','2026-06-02 18:24:17',0,NULL),(96,'9d57a22143d64ac785343fbdca6a58f1',96,NULL,'web',NULL,0,0,NULL,NULL,NULL,'zh-CN',0,0,NULL,'2026-06-02 18:24:35',NULL,NULL,NULL,NULL,NULL,'2026-06-02 18:24:35','2026-06-02 18:24:35',0,NULL),(97,'182f3ce1272148428862bcf8ef41c2f9',97,NULL,'web',NULL,0,0,NULL,NULL,NULL,'zh-CN',0,0,NULL,'2026-06-02 18:32:57',NULL,NULL,NULL,NULL,NULL,'2026-06-02 18:32:57','2026-06-02 18:32:57',0,NULL),(98,'1ed46c51ddd544df949304b678f693a4',98,NULL,'web',NULL,0,0,NULL,NULL,NULL,'zh-CN',0,0,NULL,'2026-06-02 18:39:49',NULL,NULL,NULL,NULL,NULL,'2026-06-02 18:39:49','2026-06-02 18:39:49',0,NULL),(99,'9a93e9ed06bd4749a9fbcd00b19bf36e',99,NULL,'web',NULL,0,0,NULL,NULL,NULL,'zh-CN',0,0,NULL,'2026-06-02 18:40:44',NULL,NULL,NULL,NULL,NULL,'2026-06-02 18:40:44','2026-06-02 18:40:44',0,NULL),(100,'f553a84cb18f4ed58a3ebee65b903691',100,NULL,'web',NULL,0,0,NULL,NULL,NULL,'zh-CN',0,0,NULL,'2026-06-02 18:47:27',NULL,NULL,NULL,NULL,NULL,'2026-06-02 18:47:27','2026-06-02 18:47:27',0,NULL),(101,'4a24961a24a247748a15fb91d559293d',101,NULL,'web',NULL,0,0,NULL,NULL,NULL,'zh-CN',0,0,NULL,'2026-06-02 18:47:43',NULL,NULL,NULL,NULL,NULL,'2026-06-02 18:47:43','2026-06-02 18:47:43',0,NULL),(102,'23c65741877f4c28b374b4b36f932088',102,NULL,'web',NULL,0,0,NULL,NULL,NULL,'zh-CN',0,0,NULL,'2026-06-02 18:50:14',NULL,NULL,NULL,NULL,NULL,'2026-06-02 18:50:14','2026-06-02 18:50:14',0,NULL),(103,'699f787990074cc89b4f9f394ce8746a',103,NULL,'web',NULL,0,0,NULL,NULL,NULL,'zh-CN',0,0,NULL,'2026-06-02 18:50:37',NULL,NULL,NULL,NULL,NULL,'2026-06-02 18:50:37','2026-06-02 18:50:37',0,NULL),(104,'09f27448f3b54702ac530033fc0b725e',104,NULL,'web',NULL,0,0,NULL,NULL,NULL,'zh-CN',0,0,NULL,'2026-06-02 18:51:24',NULL,NULL,NULL,NULL,NULL,'2026-06-02 18:51:24','2026-06-02 18:51:24',0,NULL),(105,'ca2f8db40e104f82ba95a8bc1dd8e5d3',105,NULL,'web',NULL,0,0,NULL,NULL,NULL,'zh-CN',0,0,NULL,'2026-06-02 18:59:50',NULL,NULL,NULL,NULL,NULL,'2026-06-02 18:59:50','2026-06-02 18:59:50',0,NULL),(106,'e6c124e5eb38405c9ce65370fe5d7a2e',106,NULL,'web',NULL,0,0,NULL,NULL,NULL,'zh-CN',0,0,NULL,'2026-06-02 19:24:01',NULL,NULL,NULL,NULL,NULL,'2026-06-02 19:24:01','2026-06-02 19:24:01',0,NULL),(107,'3fdfec8ab5b54c1ca4dae25a5453d75c',107,NULL,'web',NULL,0,0,NULL,NULL,NULL,'zh-CN',0,0,NULL,'2026-06-02 19:24:26',NULL,NULL,NULL,NULL,NULL,'2026-06-02 19:24:26','2026-06-02 19:24:26',0,NULL),(108,'37e7ca7785194a86aed02e935baf4f53',108,NULL,'web',NULL,0,0,NULL,NULL,NULL,'zh-CN',0,0,NULL,'2026-06-02 19:33:06',NULL,NULL,NULL,NULL,NULL,'2026-06-02 19:33:06','2026-06-02 19:33:06',0,NULL),(109,'2bb2c9ce4e7b4455bfed0fd49db4b75b',109,NULL,'web',NULL,0,0,NULL,NULL,NULL,'zh-CN',0,0,NULL,'2026-06-02 19:34:45',NULL,NULL,NULL,NULL,NULL,'2026-06-02 19:34:45','2026-06-02 19:34:45',0,NULL),(110,'b6498d0fb6c84731820b6e0e734596f3',110,NULL,'web',NULL,0,0,NULL,NULL,NULL,'zh-CN',0,0,NULL,'2026-06-02 21:37:42',NULL,NULL,NULL,NULL,NULL,'2026-06-02 21:37:42','2026-06-02 21:37:42',0,NULL),(111,'aa08b927030e4b0290651fe3454ec570',111,NULL,'web',NULL,0,0,NULL,NULL,NULL,'zh-CN',0,0,NULL,'2026-06-02 22:20:54',NULL,NULL,NULL,NULL,NULL,'2026-06-02 22:20:54','2026-06-02 22:20:54',0,NULL),(112,'f0c39b5ad25649679a742a5efb6e368c',112,NULL,'web',NULL,0,0,NULL,NULL,NULL,'zh-CN',0,0,NULL,'2026-06-03 00:41:57',NULL,NULL,NULL,NULL,NULL,'2026-06-03 00:41:57','2026-06-03 00:41:57',0,NULL),(113,'22e98405f7214b01893bb26d80ca6b49',113,NULL,'web',NULL,0,0,NULL,NULL,NULL,'zh-CN',0,0,NULL,'2026-06-03 09:25:29',NULL,NULL,NULL,NULL,NULL,'2026-06-03 09:25:29','2026-06-03 09:25:29',0,NULL),(114,'d4eb007ef3a545c2a4b0e1ec10bdb44e',114,NULL,'web',NULL,0,0,NULL,NULL,NULL,'zh-CN',0,0,NULL,'2026-06-03 09:54:46',NULL,NULL,NULL,NULL,NULL,'2026-06-03 09:54:46','2026-06-03 09:54:46',0,NULL),(115,'a81afd8862154176a7a201b5638e7ea4',115,NULL,'web',NULL,0,0,NULL,NULL,NULL,'zh-CN',0,0,NULL,'2026-06-03 21:55:00',NULL,NULL,NULL,NULL,NULL,'2026-06-03 21:55:00','2026-06-03 21:55:00',0,NULL),(116,'676fb5c005ed4f968ab89baa08e6a15a',116,2,'web',NULL,2,0,NULL,NULL,NULL,'zh-CN',0,0,NULL,'2026-06-03 22:03:02','2026-06-03 22:03:10',NULL,NULL,NULL,NULL,'2026-06-03 22:03:02','2026-06-03 22:03:02',0,NULL),(117,'5a6356d9a9a745359b271859bb094c67',117,NULL,'web',NULL,0,0,NULL,NULL,NULL,'zh-CN',0,0,NULL,'2026-06-03 22:11:16',NULL,NULL,NULL,NULL,NULL,'2026-06-03 22:11:16','2026-06-03 22:11:16',0,NULL),(118,'19b933b31683422cbadbf8e2f579bd67',118,NULL,'web',NULL,0,0,NULL,NULL,NULL,'zh-CN',0,0,NULL,'2026-06-03 22:26:38',NULL,NULL,NULL,NULL,NULL,'2026-06-03 22:26:38','2026-06-03 22:26:38',0,NULL),(119,'c3ab56cc93f14ae7999f16cb7239d240',119,NULL,'web',NULL,0,0,NULL,NULL,NULL,'zh-CN',0,0,NULL,'2026-06-03 22:30:22',NULL,NULL,NULL,NULL,NULL,'2026-06-03 22:30:22','2026-06-03 22:30:22',0,NULL),(120,'9844809c8da4468d8ff5b93af766f32e',120,NULL,'web',NULL,0,0,NULL,NULL,NULL,'zh-CN',0,0,NULL,'2026-06-03 22:54:49',NULL,NULL,NULL,NULL,NULL,'2026-06-03 22:54:49','2026-06-03 22:54:49',0,NULL),(121,'deb7a083b8124c3da14603a0974b26c0',121,NULL,'web',NULL,0,0,NULL,NULL,NULL,'zh-CN',0,0,NULL,'2026-06-03 23:11:21',NULL,NULL,NULL,NULL,NULL,'2026-06-03 23:11:21','2026-06-03 23:11:21',0,NULL),(122,'b3a48fff29bb44e89dd607907bce1575',122,NULL,'web',NULL,0,0,NULL,NULL,NULL,'zh-CN',0,0,NULL,'2026-06-03 23:12:49',NULL,NULL,NULL,NULL,NULL,'2026-06-03 23:12:49','2026-06-03 23:12:49',0,NULL),(123,'31b5d8fbf16748fbb426c7c2c3cb4faf',123,NULL,'web',NULL,0,0,NULL,NULL,NULL,'zh-CN',0,0,NULL,'2026-06-03 23:56:34',NULL,NULL,NULL,NULL,NULL,'2026-06-03 23:56:34','2026-06-03 23:56:34',0,NULL),(124,'ad0eea7762e8449682f85f3b4c2f1dd5',124,NULL,'web',NULL,0,0,NULL,NULL,NULL,'zh-CN',0,0,NULL,'2026-06-04 00:12:41',NULL,NULL,NULL,NULL,NULL,'2026-06-04 00:12:41','2026-06-04 00:12:41',0,NULL),(125,'823fdfe401b8456ca7bed4493a760dd9',125,NULL,'web',NULL,0,0,NULL,NULL,NULL,'zh-CN',0,0,NULL,'2026-06-04 07:40:03',NULL,NULL,NULL,NULL,NULL,'2026-06-04 07:40:03','2026-06-04 07:40:03',0,NULL),(126,'8541e8533cc74bc7a780f8a515169754',126,NULL,'web',NULL,0,0,NULL,NULL,NULL,'zh-CN',0,0,NULL,'2026-06-04 08:08:17',NULL,NULL,NULL,NULL,NULL,'2026-06-04 08:08:17','2026-06-04 08:08:17',0,NULL),(127,'1d85b0401bee41febeafc505092825f1',127,NULL,'web',NULL,0,0,NULL,NULL,NULL,'zh-CN',0,0,NULL,'2026-06-04 08:11:57',NULL,NULL,NULL,NULL,NULL,'2026-06-04 08:11:57','2026-06-04 08:11:57',0,NULL),(128,'b2130a1f98f84708823536c86e2842f0',128,NULL,'web',NULL,0,0,NULL,NULL,NULL,'zh-CN',0,0,NULL,'2026-06-04 08:23:38',NULL,NULL,NULL,NULL,NULL,'2026-06-04 08:23:38','2026-06-04 08:23:38',0,NULL),(129,'31463d67d47f44acb95fda5ecd97bcac',129,NULL,'web',NULL,0,0,NULL,NULL,NULL,'zh-CN',0,0,NULL,'2026-06-04 08:25:56',NULL,NULL,NULL,NULL,NULL,'2026-06-04 08:25:56','2026-06-04 08:25:56',0,NULL),(130,'670da323a8e7494eaf916a5e87911844',130,NULL,'web',NULL,0,0,NULL,NULL,NULL,'zh-CN',0,0,NULL,'2026-06-04 08:32:09',NULL,NULL,NULL,NULL,NULL,'2026-06-04 08:32:09','2026-06-04 08:32:09',0,NULL),(131,'15c707c097434666b127f88c2bbd4c93',131,NULL,'web',NULL,0,0,NULL,NULL,NULL,'zh-CN',0,0,NULL,'2026-06-04 08:32:39',NULL,NULL,NULL,NULL,NULL,'2026-06-04 08:32:39','2026-06-04 08:32:39',0,NULL),(132,'cc4ab2512fde4ec49edf6ee84bff3868',132,3,'web',NULL,2,0,NULL,NULL,NULL,'zh-CN',0,0,NULL,'2026-06-04 08:36:56','2026-06-04 08:37:27',NULL,NULL,NULL,NULL,'2026-06-04 08:36:56','2026-06-04 08:36:56',0,NULL),(133,'04ab9ff33e8a4493afe7e6aa7db82835',133,NULL,'web',NULL,0,0,NULL,NULL,NULL,'zh-CN',0,0,NULL,'2026-06-04 08:41:01',NULL,NULL,NULL,NULL,NULL,'2026-06-04 08:41:01','2026-06-04 08:41:01',0,NULL),(134,'4d31d4842a1e4ccd8e7837a9a7e5942c',134,NULL,'web',NULL,0,0,NULL,NULL,NULL,'zh-CN',0,0,NULL,'2026-06-04 08:45:35',NULL,NULL,NULL,NULL,NULL,'2026-06-04 08:45:35','2026-06-04 08:45:35',0,NULL),(135,'3b386af74295460fa8defe8a4005de7c',135,NULL,'web',NULL,0,0,NULL,NULL,NULL,'zh-CN',0,0,NULL,'2026-06-04 08:46:15',NULL,NULL,NULL,NULL,NULL,'2026-06-04 08:46:15','2026-06-04 08:46:15',0,NULL),(136,'46ec8566bba343808455bbb72529a09f',136,NULL,'web',NULL,0,0,NULL,NULL,NULL,'zh-CN',0,0,NULL,'2026-06-04 08:59:30',NULL,NULL,NULL,NULL,NULL,'2026-06-04 08:59:30','2026-06-04 08:59:30',0,NULL),(137,'027b58c969d944f298c78af94de350d3',137,NULL,'web',NULL,0,0,NULL,NULL,NULL,'zh-CN',0,0,NULL,'2026-06-04 09:08:50',NULL,NULL,NULL,NULL,NULL,'2026-06-04 09:08:50','2026-06-04 09:08:50',0,NULL),(138,'df19fea6b4164a17bfeffa0c8d3decb6',138,1,'web',NULL,2,0,NULL,NULL,NULL,'zh-CN',0,0,NULL,'2026-06-04 09:35:14','2026-06-04 09:35:21',NULL,NULL,NULL,NULL,'2026-06-04 09:35:14','2026-06-04 09:35:14',0,NULL),(139,'wx_user_final',NULL,NULL,'wechat_mp',NULL,1,0,NULL,NULL,NULL,'zh-CN',0,0,NULL,'2026-06-05 06:32:13',NULL,NULL,NULL,NULL,NULL,'2026-06-05 06:32:14','2026-06-05 06:32:14',0,NULL),(140,'wx_user_order',NULL,NULL,'wechat_mp',NULL,1,0,NULL,NULL,NULL,'zh-CN',0,0,NULL,'2026-06-05 06:32:45',NULL,NULL,NULL,NULL,NULL,'2026-06-05 06:32:45','2026-06-05 06:32:45',0,NULL),(141,'wx_user_refund',NULL,NULL,'wechat_mp',NULL,1,0,NULL,NULL,NULL,'zh-CN',0,0,NULL,'2026-06-05 06:32:45',NULL,NULL,NULL,NULL,NULL,'2026-06-05 06:32:45','2026-06-05 06:32:45',0,NULL),(142,'wx_user_human',NULL,NULL,'wechat_mp',NULL,1,0,NULL,NULL,NULL,'zh-CN',0,0,NULL,'2026-06-05 06:32:45',NULL,NULL,NULL,NULL,NULL,'2026-06-05 06:32:45','2026-06-05 06:32:45',0,NULL),(143,'wx_user2',NULL,NULL,'wechat_mp',NULL,1,0,NULL,NULL,NULL,'zh-CN',0,0,NULL,'2026-06-05 06:32:57',NULL,NULL,NULL,NULL,NULL,'2026-06-05 06:32:57','2026-06-05 06:32:57',0,NULL),(144,'90c0b62e5aaf4c3e9cb7666979bc7c22',139,NULL,'web',NULL,0,0,NULL,NULL,NULL,'zh-CN',0,0,NULL,'2026-06-12 13:08:49',NULL,NULL,NULL,NULL,NULL,'2026-06-12 13:08:49','2026-06-12 13:08:49',0,NULL),(145,'dcdc3dcc7f2e4cb0941a6c379c144b30',140,NULL,'web',NULL,0,0,NULL,NULL,NULL,'zh-CN',0,0,NULL,'2026-06-12 13:09:15',NULL,NULL,NULL,NULL,NULL,'2026-06-12 13:09:15','2026-06-12 13:09:15',0,NULL),(146,'d265e3e79441478d9d8c6b0b101104b8',141,NULL,'web',NULL,0,0,NULL,NULL,NULL,'zh-CN',0,0,NULL,'2026-06-12 13:14:13',NULL,NULL,NULL,NULL,NULL,'2026-06-12 13:14:13','2026-06-12 13:14:13',0,NULL);
/*!40000 ALTER TABLE `tb_session` ENABLE KEYS */;
UNLOCK TABLES;

--
-- Table structure for table `tb_skill_group`
--

DROP TABLE IF EXISTS `tb_skill_group`;
/*!40101 SET @saved_cs_client     = @@character_set_client */;
/*!50503 SET character_set_client = utf8mb4 */;
CREATE TABLE `tb_skill_group` (
  `id` bigint NOT NULL AUTO_INCREMENT COMMENT '主键 ID',
  `name` varchar(100) NOT NULL COMMENT '技能组名称',
  `code` varchar(50) NOT NULL COMMENT '技能组编码',
  `description` varchar(500) DEFAULT NULL COMMENT '描述',
  `priority` int DEFAULT '10' COMMENT '优先级（数字越小优先级越高）',
  `max_concurrent` int DEFAULT '5' COMMENT '最大并发会话数',
  `enabled` int DEFAULT '1' COMMENT '是否启用（0-否，1-是）',
  `intent_codes` varchar(500) DEFAULT NULL COMMENT '关联意图代码（逗号分隔）',
  `create_time` datetime DEFAULT CURRENT_TIMESTAMP,
  `update_time` datetime DEFAULT CURRENT_TIMESTAMP ON UPDATE CURRENT_TIMESTAMP,
  `deleted` int DEFAULT '0',
  PRIMARY KEY (`id`),
  UNIQUE KEY `uk_code` (`code`)
) ENGINE=InnoDB AUTO_INCREMENT=6 DEFAULT CHARSET=utf8mb4 COLLATE=utf8mb4_0900_ai_ci COMMENT='技能组表';
/*!40101 SET character_set_client = @saved_cs_client */;

--
-- Dumping data for table `tb_skill_group`
--

LOCK TABLES `tb_skill_group` WRITE;
/*!40000 ALTER TABLE `tb_skill_group` DISABLE KEYS */;
INSERT INTO `tb_skill_group` VALUES (1,'售前咨询','SALES','处理售前咨询、产品询价、功能介绍等',1,10,1,'inquiry,product,price','2026-06-04 14:31:22','2026-06-04 14:31:22',0),(2,'售后服务','SUPPORT','处理售后问题、退换货、维修等',2,8,1,'after_sales,refund,repair','2026-06-04 14:31:22','2026-06-04 14:31:22',0),(3,'技术支持','TECH','处理技术问题、使用指导、故障排查等',3,5,1,'technical,usage,fault','2026-06-04 14:31:22','2026-06-04 14:31:22',0),(4,'投诉建议','COMPLAINT','处理客户投诉、建议、意见反馈等',4,3,1,'complaint,suggestion','2026-06-04 14:31:22','2026-06-04 14:31:22',0),(5,'账务咨询','BILLING','处理发票、付款、账务相关问题',5,5,1,'billing,invoice,payment','2026-06-04 14:31:22','2026-06-04 14:31:22',0);
/*!40000 ALTER TABLE `tb_skill_group` ENABLE KEYS */;
UNLOCK TABLES;

--
-- Table structure for table `tb_ticket`
--

DROP TABLE IF EXISTS `tb_ticket`;
/*!40101 SET @saved_cs_client     = @@character_set_client */;
/*!50503 SET character_set_client = utf8mb4 */;
CREATE TABLE `tb_ticket` (
  `id` bigint NOT NULL AUTO_INCREMENT COMMENT '工单ID',
  `ticket_no` varchar(30) COLLATE utf8mb4_unicode_ci NOT NULL COMMENT '工单编号（TK-20260519-001）',
  `session_id` varchar(64) COLLATE utf8mb4_unicode_ci DEFAULT NULL COMMENT '关联会话ID',
  `user_id` int DEFAULT '1',
  `assignee_id` bigint DEFAULT NULL,
  `assignee_name` varchar(100) COLLATE utf8mb4_unicode_ci DEFAULT NULL,
  `category` varchar(50) COLLATE utf8mb4_unicode_ci DEFAULT NULL,
  `title` varchar(200) COLLATE utf8mb4_unicode_ci NOT NULL COMMENT '工单标题',
  `description` text COLLATE utf8mb4_unicode_ci COMMENT '问题描述',
  `intent_code` varchar(50) COLLATE utf8mb4_unicode_ci DEFAULT NULL,
  `sentiment_score` int DEFAULT NULL,
  `attachments` json DEFAULT NULL COMMENT '附件列表（[{"name":"截图.png","url":"..."}]）',
  `priority` tinyint DEFAULT '1' COMMENT '优先级：1-低，2-中，3-高，4-紧急',
  `status` varchar(20) COLLATE utf8mb4_unicode_ci DEFAULT 'pending',
  `creator_id` varchar(50) COLLATE utf8mb4_unicode_ci DEFAULT NULL,
  `sla_deadline` datetime DEFAULT NULL COMMENT 'SLA截止时间',
  `form_data` json DEFAULT NULL COMMENT '自定义表单数据',
  `resolution` text COLLATE utf8mb4_unicode_ci COMMENT '解决方案',
  `solution` text COLLATE utf8mb4_unicode_ci COMMENT '工单解决方案',
  `satisfaction` int DEFAULT NULL,
  `create_time` datetime NOT NULL DEFAULT CURRENT_TIMESTAMP COMMENT '创建时间',
  `update_time` datetime NOT NULL DEFAULT CURRENT_TIMESTAMP ON UPDATE CURRENT_TIMESTAMP COMMENT '更新时间',
  `deleted` int NOT NULL DEFAULT '0' COMMENT '是否删除：0-否，1-是',
  `ticket_type` varchar(50) COLLATE utf8mb4_unicode_ci DEFAULT 'general',
  PRIMARY KEY (`id`),
  UNIQUE KEY `uk_ticket_no` (`ticket_no`),
  KEY `idx_user_id` (`user_id`),
  KEY `idx_agent_id` (`assignee_id`),
  KEY `idx_status` (`status`),
  KEY `idx_category` (`category`)
) ENGINE=InnoDB AUTO_INCREMENT=34 DEFAULT CHARSET=utf8mb4 COLLATE=utf8mb4_unicode_ci COMMENT='工单表';
/*!40101 SET character_set_client = @saved_cs_client */;

--
-- Dumping data for table `tb_ticket`
--

LOCK TABLES `tb_ticket` WRITE;
/*!40000 ALTER TABLE `tb_ticket` DISABLE KEYS */;
INSERT INTO `tb_ticket` VALUES (1,'T202606056202','t1',1,1,'????',NULL,'客服转接：检测到投诉内容','我要投诉 (置信度：0.80)','complaint',NULL,NULL,3,'closed','1',NULL,NULL,NULL,NULL,NULL,'2026-06-05 19:31:14','2026-06-13 23:11:45',0,'complaint'),(2,'T202606059173','user-scene5',1,NULL,NULL,NULL,'客服转接：检测到投诉内容','你们的 service 太差了，我要投诉 (置信度：0.80)','complaint',NULL,NULL,3,'pending','1',NULL,NULL,NULL,NULL,NULL,'2026-06-05 19:35:03','2026-06-05 19:35:03',0,'complaint'),(3,'T202606055131','test-final-2',1,NULL,NULL,NULL,'客服转接：检测到投诉内容','我要投诉 (置信度：0.80)','complaint',NULL,NULL,3,'pending',NULL,NULL,NULL,NULL,NULL,NULL,'2026-06-05 21:07:15','2026-06-05 21:07:15',0,'complaint'),(4,'WO20260606102515640','test-complaint-fix',1,NULL,NULL,NULL,'客服转接：检测到投诉内容','我要投诉你们服务太差 (置信度：0.80)','complaint',NULL,NULL,3,'pending',NULL,NULL,NULL,NULL,NULL,NULL,'2026-06-06 10:25:15','2026-06-06 10:25:15',0,'complaint'),(5,'WO20260606103845173','full-test-complaint',1,NULL,NULL,NULL,'客服转接：检测到投诉内容','我要投诉你们 (置信度：0.80)','complaint',NULL,NULL,3,'pending',NULL,NULL,NULL,NULL,NULL,NULL,'2026-06-06 10:38:46','2026-06-06 10:38:46',0,'complaint'),(6,'T1780722141260',NULL,1,NULL,NULL,NULL,'测试工单','这是测试描述',NULL,NULL,NULL,1,'pending',NULL,NULL,NULL,NULL,NULL,NULL,'2026-06-06 13:02:21','2026-06-06 13:02:21',0,'general'),(7,'T1780722630606',NULL,1,NULL,NULL,NULL,'测试工单 2','优先级用数字',NULL,NULL,NULL,1,'pending',NULL,NULL,NULL,NULL,NULL,NULL,'2026-06-06 13:10:31','2026-06-06 13:10:31',0,'general'),(8,'T1780723294490',NULL,1,NULL,NULL,NULL,'112','222',NULL,NULL,NULL,2,'pending',NULL,NULL,NULL,NULL,NULL,NULL,'2026-06-06 13:21:34','2026-06-06 13:21:34',0,'complex'),(9,'T1780728201534',NULL,1,NULL,NULL,NULL,'????-????','??????',NULL,NULL,NULL,2,'pending',NULL,NULL,NULL,NULL,NULL,NULL,'2026-06-06 14:43:22','2026-06-06 14:43:22',0,'refund'),(10,'T1780728860666',NULL,1,NULL,NULL,NULL,'??????','??????',NULL,NULL,NULL,1,'pending',NULL,NULL,NULL,NULL,NULL,NULL,'2026-06-06 14:54:21','2026-06-06 14:54:21',0,'general'),(11,'T1780731896214',NULL,1,NULL,NULL,NULL,'????-??','????',NULL,NULL,NULL,2,'pending',NULL,NULL,NULL,NULL,NULL,NULL,'2026-06-06 15:44:56','2026-06-06 15:44:56',0,'refund'),(12,'T1780731896278',NULL,1,NULL,NULL,NULL,'????-??','????',NULL,NULL,NULL,3,'pending',NULL,NULL,NULL,NULL,NULL,NULL,'2026-06-06 15:44:56','2026-06-06 15:44:56',0,'complaint'),(13,'T1780731896323',NULL,1,NULL,NULL,NULL,'????-????','??????',NULL,NULL,NULL,1,'pending',NULL,NULL,NULL,NULL,NULL,NULL,'2026-06-06 15:44:56','2026-06-06 15:44:56',0,'technical'),(14,'WO20260606194859002','ws-1780746535396',1,NULL,NULL,NULL,'客服转接：问题复杂或无法识别',' (置信度：0.00)','unknown',NULL,NULL,2,'pending',NULL,NULL,NULL,NULL,NULL,NULL,'2026-06-06 19:49:00','2026-06-06 19:49:00',0,'complex'),(15,'WO20260606195150945','ws-1780746706250',1,NULL,NULL,NULL,'客服转接：问题复杂或无法识别',' (置信度：0.00)','unknown',NULL,NULL,2,'pending',NULL,NULL,NULL,NULL,NULL,NULL,'2026-06-06 19:51:50','2026-06-06 19:51:50',0,'complex'),(16,'WO20260607185916975',NULL,1,5,'admin',NULL,'测试工单-API 创建','这是一个通过 API 创建的测试工单',NULL,NULL,NULL,2,'closed',NULL,NULL,NULL,NULL,'问题已通过 API 解决',NULL,'2026-06-07 18:59:17','2026-06-07 18:59:17',0,'complaint'),(17,'WO20260614143632187','ws-1781418989756',1,NULL,NULL,NULL,'客服转接：问题复杂或无法识别',' (置信度：0.00)','unknown',NULL,NULL,2,'pending',NULL,NULL,NULL,NULL,NULL,NULL,'2026-06-14 14:36:33','2026-06-14 14:36:33',0,'complex'),(18,'WO20260614143642489','ws-1781419000055',1,NULL,NULL,NULL,'客服转接：问题复杂或无法识别',' (置信度：0.00)','unknown',NULL,NULL,2,'pending',NULL,NULL,NULL,NULL,NULL,NULL,'2026-06-14 14:36:43','2026-06-14 14:36:43',0,'complex'),(19,'WO20260614170310281',NULL,1,NULL,NULL,NULL,'Test ticket','Test',NULL,NULL,NULL,1,'processing',NULL,NULL,NULL,NULL,NULL,NULL,'2026-06-14 17:03:10','2026-06-14 17:03:11',0,'general'),(20,'WO20260614193728452',NULL,1,NULL,NULL,NULL,'1','2',NULL,NULL,NULL,2,'pending','admin001',NULL,NULL,NULL,NULL,NULL,'2026-06-14 19:37:28','2026-06-14 19:37:28',0,'complex'),(21,'WO20260614220542822',NULL,1,NULL,NULL,NULL,'Test Ticket 1781445941','Test ticket description',NULL,NULL,NULL,2,'pending',NULL,NULL,NULL,NULL,NULL,NULL,'2026-06-14 22:05:42','2026-06-14 22:05:42',0,'general'),(22,'WO20260614220642487',NULL,1,NULL,NULL,NULL,'Test Ticket 1781446001','Test ticket description',NULL,NULL,NULL,2,'pending',NULL,NULL,NULL,NULL,NULL,NULL,'2026-06-14 22:06:42','2026-06-14 22:06:42',0,'general'),(23,'WO20260614221030924',NULL,1,NULL,NULL,NULL,'Test Ticket 1781446229','Test ticket description',NULL,NULL,NULL,2,'pending',NULL,NULL,NULL,NULL,NULL,NULL,'2026-06-14 22:10:31','2026-06-14 22:10:31',0,'general'),(24,'WO20260614221127427',NULL,1,NULL,NULL,NULL,'Test Ticket 1781446286','Test ticket description',NULL,NULL,NULL,2,'pending',NULL,NULL,NULL,NULL,NULL,NULL,'2026-06-14 22:11:28','2026-06-14 22:11:28',0,'general'),(25,'WO20260614221212824',NULL,1,NULL,NULL,NULL,'Test Ticket 1781446331','Test ticket description',NULL,NULL,NULL,2,'pending',NULL,NULL,NULL,NULL,NULL,NULL,'2026-06-14 22:12:13','2026-06-14 22:12:13',0,'general'),(26,'WO20260614223716965','s_test',1,NULL,NULL,NULL,'测试工单','测试描述',NULL,NULL,NULL,0,'pending',NULL,NULL,NULL,NULL,NULL,NULL,'2026-06-14 22:37:17','2026-06-14 22:37:17',0,'general'),(27,'WO20260615075034037',NULL,1,NULL,NULL,NULL,'test','test',NULL,NULL,NULL,0,'pending',NULL,NULL,NULL,NULL,NULL,NULL,'2026-06-15 07:50:35','2026-06-15 07:50:35',0,'general'),(28,'WO20260615075333508',NULL,1,NULL,NULL,NULL,'API测试工单','自动测试',NULL,NULL,NULL,0,'pending',NULL,NULL,NULL,NULL,NULL,NULL,'2026-06-15 07:53:33','2026-06-15 07:53:33',0,'general'),(29,'WO20260615080436369',NULL,1,NULL,NULL,NULL,'Test',NULL,NULL,NULL,NULL,-1,'pending',NULL,NULL,NULL,NULL,NULL,NULL,'2026-06-15 08:04:37','2026-06-15 08:04:37',0,'general'),(30,'WO20260615080437684',NULL,1,NULL,NULL,NULL,'Workflow Test 1781481875','Testing ticket workflow',NULL,NULL,NULL,1,'pending',NULL,NULL,NULL,NULL,NULL,NULL,'2026-06-15 08:04:38','2026-06-15 08:04:38',0,'general'),(31,'WO20260615080503311',NULL,1,NULL,NULL,NULL,'Test','test',NULL,NULL,NULL,0,'pending',NULL,NULL,NULL,NULL,NULL,NULL,'2026-06-15 08:05:04','2026-06-15 08:05:04',0,'general'),(32,'WO20260615080552761',NULL,1,NULL,NULL,NULL,'Test 1781481951','Test',NULL,NULL,NULL,1,'pending',NULL,NULL,NULL,NULL,NULL,NULL,'2026-06-15 08:05:53','2026-06-15 08:05:53',0,'general'),(33,'WO20260615081427580',NULL,1,NULL,NULL,NULL,'逻辑测试工单 1781482465','测试工单完整生命周期',NULL,NULL,NULL,1,'pending',NULL,NULL,NULL,NULL,NULL,NULL,'2026-06-15 08:14:28','2026-06-15 08:14:28',0,'general');
/*!40000 ALTER TABLE `tb_ticket` ENABLE KEYS */;
UNLOCK TABLES;

--
-- Table structure for table `tb_ticket_log`
--

DROP TABLE IF EXISTS `tb_ticket_log`;
/*!40101 SET @saved_cs_client     = @@character_set_client */;
/*!50503 SET character_set_client = utf8mb4 */;
CREATE TABLE `tb_ticket_log` (
  `id` bigint NOT NULL AUTO_INCREMENT COMMENT 'ID',
  `ticket_id` bigint NOT NULL COMMENT '工单ID',
  `action` varchar(30) COLLATE utf8mb4_unicode_ci NOT NULL COMMENT '动作：create/assign/transfer/update/resolve/close/reopen',
  `from_status` tinyint DEFAULT NULL COMMENT '原状态',
  `to_status` tinyint DEFAULT NULL COMMENT '新状态',
  `operator_id` bigint DEFAULT NULL COMMENT '操作人ID',
  `operator_type` varchar(20) COLLATE utf8mb4_unicode_ci DEFAULT 'system' COMMENT '操作人类型：user/agent/system',
  `remark` varchar(500) COLLATE utf8mb4_unicode_ci DEFAULT NULL COMMENT '备注',
  `create_time` datetime NOT NULL DEFAULT CURRENT_TIMESTAMP COMMENT '创建时间',
  PRIMARY KEY (`id`),
  KEY `idx_ticket_id` (`ticket_id`)
) ENGINE=InnoDB AUTO_INCREMENT=18 DEFAULT CHARSET=utf8mb4 COLLATE=utf8mb4_unicode_ci COMMENT='工单流转记录表';
/*!40101 SET character_set_client = @saved_cs_client */;

--
-- Dumping data for table `tb_ticket_log`
--

LOCK TABLES `tb_ticket_log` WRITE;
/*!40000 ALTER TABLE `tb_ticket_log` DISABLE KEYS */;
INSERT INTO `tb_ticket_log` VALUES (1,1,'close',1,3,NULL,'system','工单已关闭','2026-06-13 23:11:46'),(2,19,'create',NULL,0,NULL,'system','创建工单','2026-06-14 17:03:10'),(3,19,'update',NULL,NULL,NULL,'system','更新工单信息','2026-06-14 17:03:11'),(4,20,'create',NULL,0,NULL,'system','创建工单','2026-06-14 19:37:28'),(5,21,'create',NULL,0,NULL,'system','创建工单','2026-06-14 22:05:42'),(6,22,'create',NULL,0,NULL,'system','创建工单','2026-06-14 22:06:42'),(7,23,'create',NULL,0,NULL,'system','创建工单','2026-06-14 22:10:31'),(8,24,'create',NULL,0,NULL,'system','创建工单','2026-06-14 22:11:28'),(9,25,'create',NULL,0,NULL,'system','创建工单','2026-06-14 22:12:13'),(10,26,'create',NULL,0,NULL,'system','创建工单','2026-06-14 22:37:17'),(11,27,'create',NULL,0,NULL,'system','创建工单','2026-06-15 07:50:35'),(12,28,'create',NULL,0,NULL,'system','创建工单','2026-06-15 07:53:33'),(13,29,'create',NULL,0,NULL,'system','创建工单','2026-06-15 08:04:37'),(14,30,'create',NULL,0,NULL,'system','创建工单','2026-06-15 08:04:38'),(15,31,'create',NULL,0,NULL,'system','创建工单','2026-06-15 08:05:04'),(16,32,'create',NULL,0,NULL,'system','创建工单','2026-06-15 08:05:53'),(17,33,'create',NULL,0,NULL,'system','创建工单','2026-06-15 08:14:28');
/*!40000 ALTER TABLE `tb_ticket_log` ENABLE KEYS */;
UNLOCK TABLES;

--
-- Table structure for table `tb_unknown_question`
--

DROP TABLE IF EXISTS `tb_unknown_question`;
/*!40101 SET @saved_cs_client     = @@character_set_client */;
/*!50503 SET character_set_client = utf8mb4 */;
CREATE TABLE `tb_unknown_question` (
  `id` bigint NOT NULL AUTO_INCREMENT COMMENT 'ID',
  `question` varchar(500) COLLATE utf8mb4_unicode_ci NOT NULL COMMENT '未匹配的问题',
  `session_id` varchar(64) COLLATE utf8mb4_unicode_ci DEFAULT NULL COMMENT '来源会话ID',
  `similar_known_id` bigint DEFAULT NULL COMMENT '相似已知问题ID（建议归并）',
  `status` tinyint DEFAULT '0' COMMENT '状态：0-待处理，1-已补充答案，2-已忽略，3-已归并',
  `suggested_answer` text COLLATE utf8mb4_unicode_ci COMMENT '建议答案（人工补充）',
  `handle_by` varchar(50) COLLATE utf8mb4_unicode_ci DEFAULT NULL COMMENT '处理人',
  `handle_time` datetime DEFAULT NULL COMMENT '处理时间',
  `create_time` datetime NOT NULL DEFAULT CURRENT_TIMESTAMP COMMENT '创建时间',
  PRIMARY KEY (`id`),
  KEY `idx_status` (`status`),
  KEY `idx_create_time` (`create_time`)
) ENGINE=InnoDB AUTO_INCREMENT=8 DEFAULT CHARSET=utf8mb4 COLLATE=utf8mb4_unicode_ci COMMENT='未知问题表（自学习）';
/*!40101 SET character_set_client = @saved_cs_client */;

--
-- Dumping data for table `tb_unknown_question`
--

LOCK TABLES `tb_unknown_question` WRITE;
/*!40000 ALTER TABLE `tb_unknown_question` DISABLE KEYS */;
INSERT INTO `tb_unknown_question` VALUES (1,'123456',NULL,NULL,0,NULL,NULL,NULL,'2026-05-20 07:40:50'),(2,'我想了解你们公司的产品',NULL,NULL,0,NULL,NULL,NULL,'2026-05-20 07:41:21'),(3,'123456',NULL,NULL,0,NULL,NULL,NULL,'2026-05-20 08:42:04'),(4,'123456',NULL,NULL,0,NULL,NULL,NULL,'2026-05-20 10:28:19'),(5,'123456',NULL,NULL,0,NULL,NULL,NULL,'2026-05-20 16:40:46'),(6,'你们的产品有哪些功能？能介绍一下吗？',NULL,NULL,0,NULL,NULL,NULL,'2026-05-21 09:42:13'),(7,'ORD20260521001',NULL,NULL,0,NULL,NULL,NULL,'2026-05-21 10:03:00');
/*!40000 ALTER TABLE `tb_unknown_question` ENABLE KEYS */;
UNLOCK TABLES;

--
-- Table structure for table `tb_user`
--

DROP TABLE IF EXISTS `tb_user`;
/*!40101 SET @saved_cs_client     = @@character_set_client */;
/*!50503 SET character_set_client = utf8mb4 */;
CREATE TABLE `tb_user` (
  `id` bigint NOT NULL AUTO_INCREMENT COMMENT '用户ID',
  `user_type` tinyint NOT NULL DEFAULT '0' COMMENT '用户类型：0-访客，1-注册用户，2-VIP用户',
  `nickname` varchar(50) COLLATE utf8mb4_unicode_ci DEFAULT NULL COMMENT '用户昵称',
  `avatar` varchar(500) COLLATE utf8mb4_unicode_ci DEFAULT NULL COMMENT '用户头像URL',
  `phone` varchar(20) COLLATE utf8mb4_unicode_ci DEFAULT NULL COMMENT '手机号（加密存储）',
  `email` varchar(100) COLLATE utf8mb4_unicode_ci DEFAULT NULL COMMENT '邮箱',
  `password_hash` varchar(255) COLLATE utf8mb4_unicode_ci DEFAULT NULL COMMENT '密码哈希（注册用户）',
  `language` varchar(10) COLLATE utf8mb4_unicode_ci DEFAULT 'zh-CN' COMMENT '偏好语言：zh-CN/en/ja/es等',
  `vip_level` tinyint DEFAULT '0' COMMENT 'VIP等级：0-普通，1-银卡，2-金卡，3-钻石',
  `tags` varchar(500) COLLATE utf8mb4_unicode_ci DEFAULT NULL COMMENT '用户标签（JSON数组：["高意向","退货频繁"]）',
  `last_active_time` datetime DEFAULT NULL COMMENT '最后活跃时间',
  `create_time` datetime NOT NULL DEFAULT CURRENT_TIMESTAMP COMMENT '创建时间',
  `update_time` datetime NOT NULL DEFAULT CURRENT_TIMESTAMP ON UPDATE CURRENT_TIMESTAMP COMMENT '更新时间',
  `deleted` int NOT NULL DEFAULT '0' COMMENT '是否删除：0-否，1-是',
  PRIMARY KEY (`id`),
  KEY `idx_phone` (`phone`),
  KEY `idx_user_type` (`user_type`),
  KEY `idx_last_active` (`last_active_time`)
) ENGINE=InnoDB AUTO_INCREMENT=142 DEFAULT CHARSET=utf8mb4 COLLATE=utf8mb4_unicode_ci COMMENT='用户表（C端用户/访客）';
/*!40101 SET character_set_client = @saved_cs_client */;

--
-- Dumping data for table `tb_user`
--

LOCK TABLES `tb_user` WRITE;
/*!40000 ALTER TABLE `tb_user` DISABLE KEYS */;
INSERT INTO `tb_user` VALUES (1,0,'访客27126',NULL,NULL,NULL,NULL,'zh-CN',0,NULL,'2026-05-20 07:28:48','2026-05-20 07:28:47','2026-05-20 07:28:48',0),(2,0,'访客62725',NULL,NULL,NULL,NULL,'zh-CN',0,NULL,'2026-05-20 07:31:03','2026-05-20 07:31:03','2026-05-20 07:31:03',0),(3,0,'访客33911',NULL,NULL,NULL,NULL,'zh-CN',0,NULL,'2026-05-20 07:32:14','2026-05-20 07:32:14','2026-05-20 07:32:14',0),(4,0,'访客40617',NULL,NULL,NULL,NULL,'zh-CN',0,NULL,'2026-05-20 07:40:41','2026-05-20 07:40:41','2026-05-20 07:40:41',0),(5,0,'访客35802',NULL,NULL,NULL,NULL,'zh-CN',0,NULL,'2026-05-20 07:42:16','2026-05-20 07:42:16','2026-05-20 07:42:16',0),(6,0,'访客2928',NULL,NULL,NULL,NULL,'zh-CN',0,NULL,'2026-05-20 08:26:43','2026-05-20 08:26:43','2026-05-20 08:26:43',0),(7,0,'访客99506',NULL,NULL,NULL,NULL,'zh-CN',0,NULL,'2026-05-20 08:35:00','2026-05-20 08:35:00','2026-05-20 08:35:00',0),(8,0,'访客99760',NULL,NULL,NULL,NULL,'zh-CN',0,NULL,'2026-05-20 08:41:40','2026-05-20 08:41:40','2026-05-20 08:41:40',0),(9,0,'访客67224',NULL,NULL,NULL,NULL,'zh-CN',0,NULL,'2026-05-20 08:47:47','2026-05-20 08:47:47','2026-05-20 08:47:47',0),(10,0,'访客51014',NULL,NULL,NULL,NULL,'zh-CN',0,NULL,'2026-05-20 08:59:11','2026-05-20 08:59:11','2026-05-20 08:59:11',0),(11,0,'访客93071',NULL,NULL,NULL,NULL,'zh-CN',0,NULL,'2026-05-20 09:31:33','2026-05-20 09:31:33','2026-05-20 09:31:33',0),(12,0,'访客69322',NULL,NULL,NULL,NULL,'zh-CN',0,NULL,'2026-05-20 09:51:09','2026-05-20 09:51:09','2026-05-20 09:51:09',0),(13,0,'访客70081',NULL,NULL,NULL,NULL,'zh-CN',0,NULL,'2026-05-20 09:51:10','2026-05-20 09:51:10','2026-05-20 09:51:10',0),(14,0,'访客1660',NULL,NULL,NULL,NULL,'zh-CN',0,NULL,'2026-05-20 10:08:22','2026-05-20 10:08:22','2026-05-20 10:08:22',0),(15,0,'访客43768',NULL,NULL,NULL,NULL,'zh-CN',0,NULL,'2026-05-20 10:10:44','2026-05-20 10:10:44','2026-05-20 10:10:44',0),(16,0,'访客54517',NULL,NULL,NULL,NULL,'zh-CN',0,NULL,'2026-05-20 10:10:55','2026-05-20 10:10:55','2026-05-20 10:10:55',0),(17,0,'访客65024',NULL,NULL,NULL,NULL,'zh-CN',0,NULL,'2026-05-20 10:11:05','2026-05-20 10:11:05','2026-05-20 10:11:05',0),(18,0,'访客65295',NULL,NULL,NULL,NULL,'zh-CN',0,NULL,'2026-05-20 10:11:05','2026-05-20 10:11:05','2026-05-20 10:11:05',0),(19,0,'访客5890',NULL,NULL,NULL,NULL,'zh-CN',0,NULL,'2026-05-20 10:15:06','2026-05-20 10:15:06','2026-05-20 10:15:06',0),(20,0,'访客66521',NULL,NULL,NULL,NULL,'zh-CN',0,NULL,'2026-05-20 10:17:47','2026-05-20 10:17:47','2026-05-20 10:17:47',0),(21,0,'访客64258',NULL,NULL,NULL,NULL,'zh-CN',0,NULL,'2026-05-20 10:27:44','2026-05-20 10:27:44','2026-05-20 10:27:44',0),(22,0,'访客92589',NULL,NULL,NULL,NULL,'zh-CN',0,NULL,'2026-05-20 10:28:13','2026-05-20 10:28:13','2026-05-20 10:28:13',0),(23,0,'访客36614',NULL,NULL,NULL,NULL,'zh-CN',0,NULL,'2026-05-20 16:20:37','2026-05-20 16:20:37','2026-05-20 16:20:37',0),(24,0,'访客63748',NULL,NULL,NULL,NULL,'zh-CN',0,NULL,'2026-05-20 16:21:04','2026-05-20 16:21:04','2026-05-20 16:21:04',0),(25,0,'访客70160',NULL,NULL,NULL,NULL,'zh-CN',0,NULL,'2026-05-20 16:39:30','2026-05-20 16:39:30','2026-05-20 16:39:30',0),(26,0,'访客5248',NULL,NULL,NULL,NULL,'zh-CN',0,NULL,'2026-05-20 16:43:25','2026-05-20 16:43:25','2026-05-20 16:43:25',0),(27,0,'访客1285',NULL,NULL,NULL,NULL,'zh-CN',0,NULL,'2026-05-20 16:45:01','2026-05-20 16:45:01','2026-05-20 16:45:01',0),(28,0,'访客37012',NULL,NULL,NULL,NULL,'zh-CN',0,NULL,'2026-05-20 17:12:17','2026-05-20 17:12:17','2026-05-20 17:12:17',0),(29,0,'访客40587',NULL,NULL,NULL,NULL,'zh-CN',0,NULL,'2026-05-20 17:14:01','2026-05-20 17:14:01','2026-05-20 17:14:01',0),(30,0,'访客79119',NULL,NULL,NULL,NULL,'zh-CN',0,NULL,'2026-05-20 17:59:39','2026-05-20 17:59:39','2026-05-20 17:59:39',0),(31,0,'访客93512',NULL,NULL,NULL,NULL,'zh-CN',0,NULL,'2026-05-20 21:44:54','2026-05-20 21:44:54','2026-05-20 21:44:54',0),(32,0,'访客91881',NULL,NULL,NULL,NULL,'zh-CN',0,NULL,'2026-05-20 21:46:32','2026-05-20 21:46:32','2026-05-20 21:46:32',0),(33,0,'访客24050',NULL,NULL,NULL,NULL,'zh-CN',0,NULL,'2026-05-20 22:10:24','2026-05-20 22:10:24','2026-05-20 22:10:24',0),(34,0,'访客35852',NULL,NULL,NULL,NULL,'zh-CN',0,NULL,'2026-05-21 00:35:36','2026-05-21 00:35:36','2026-05-21 00:35:36',0),(35,0,'访客89610',NULL,NULL,NULL,NULL,'zh-CN',0,NULL,'2026-05-21 00:41:30','2026-05-21 00:41:30','2026-05-21 00:41:30',0),(36,0,'访客96143',NULL,NULL,NULL,NULL,'zh-CN',0,NULL,'2026-05-21 00:41:36','2026-05-21 00:41:36','2026-05-21 00:41:36',0),(37,0,'访客40267',NULL,NULL,NULL,NULL,'zh-CN',0,NULL,'2026-05-21 08:07:20','2026-05-21 08:07:20','2026-05-21 08:07:20',0),(38,0,'访客574',NULL,NULL,NULL,NULL,'zh-CN',0,NULL,'2026-05-21 09:35:01','2026-05-21 09:35:01','2026-05-21 09:35:01',0),(39,0,'访客21513',NULL,NULL,NULL,NULL,'zh-CN',0,NULL,'2026-05-21 09:40:22','2026-05-21 09:40:22','2026-05-21 09:40:22',0),(40,0,'访客8980',NULL,NULL,NULL,NULL,'zh-CN',0,NULL,'2026-05-21 09:53:29','2026-05-21 09:53:29','2026-05-21 09:53:29',0),(41,0,'访客71352',NULL,NULL,NULL,NULL,'zh-CN',0,NULL,'2026-05-21 09:57:51','2026-05-21 09:57:51','2026-05-21 09:57:51',0),(42,0,'访客59610',NULL,NULL,NULL,NULL,'zh-CN',0,NULL,'2026-05-21 10:12:40','2026-05-21 10:12:40','2026-05-21 10:12:40',0),(43,0,'访客14775',NULL,NULL,NULL,NULL,'zh-CN',0,NULL,'2026-05-21 10:18:35','2026-05-21 10:18:35','2026-05-21 10:18:35',0),(44,0,'访客85694',NULL,NULL,NULL,NULL,'zh-CN',0,NULL,'2026-05-21 10:26:26','2026-05-21 10:26:26','2026-05-21 10:26:26',0),(45,0,'访客59028',NULL,NULL,NULL,NULL,'zh-CN',0,NULL,'2026-05-21 11:25:59','2026-05-21 11:25:59','2026-05-21 11:25:59',0),(46,0,'访客82531',NULL,NULL,NULL,NULL,'zh-CN',0,NULL,'2026-05-21 11:29:43','2026-05-21 11:29:43','2026-05-21 11:29:43',0),(47,0,'访客35361',NULL,NULL,NULL,NULL,'zh-CN',0,NULL,'2026-05-25 09:45:37','2026-05-25 09:45:35','2026-05-25 09:45:37',0),(48,0,'访客57544',NULL,NULL,NULL,NULL,'zh-CN',0,NULL,'2026-05-25 09:45:58','2026-05-25 09:45:58','2026-05-25 09:45:58',0),(49,0,'访客28018',NULL,NULL,NULL,NULL,'zh-CN',0,NULL,'2026-05-25 10:27:08','2026-05-25 10:27:08','2026-05-25 10:27:08',0),(50,0,'访客44609',NULL,NULL,NULL,NULL,'zh-CN',0,NULL,'2026-05-25 10:27:25','2026-05-25 10:27:25','2026-05-25 10:27:25',0),(51,0,'访客54543',NULL,NULL,NULL,NULL,'zh-CN',0,NULL,'2026-05-25 10:27:35','2026-05-25 10:27:35','2026-05-25 10:27:35',0),(52,0,'访客23772',NULL,NULL,NULL,NULL,'zh-CN',0,NULL,'2026-05-25 10:28:44','2026-05-25 10:28:44','2026-05-25 10:28:44',0),(53,0,'访客60174',NULL,NULL,NULL,NULL,'zh-CN',0,NULL,'2026-05-25 11:47:40','2026-05-25 11:47:40','2026-05-25 11:47:40',0),(54,0,'访客37461',NULL,NULL,NULL,NULL,'zh-CN',0,NULL,'2026-05-25 14:50:38','2026-05-25 14:50:37','2026-05-25 14:50:37',0),(55,0,'访客76573',NULL,NULL,NULL,NULL,'zh-CN',0,NULL,'2026-05-25 16:39:37','2026-05-25 16:39:37','2026-05-25 16:39:37',0),(56,0,'访客45059',NULL,NULL,NULL,NULL,'zh-CN',0,NULL,'2026-05-25 16:40:45','2026-05-25 16:40:45','2026-05-25 16:40:45',0),(57,0,'访客12473',NULL,NULL,NULL,NULL,'zh-CN',0,NULL,'2026-05-25 16:53:33','2026-05-25 16:53:32','2026-05-25 16:53:32',0),(58,0,'访客80807',NULL,NULL,NULL,NULL,'zh-CN',0,NULL,'2026-05-25 17:08:01','2026-05-25 17:08:01','2026-05-25 17:08:01',0),(59,0,'访客27556',NULL,NULL,NULL,NULL,'zh-CN',0,NULL,'2026-05-25 17:23:48','2026-05-25 17:23:48','2026-05-25 17:23:48',0),(60,0,'访客30287',NULL,NULL,NULL,NULL,'zh-CN',0,NULL,'2026-05-25 17:23:50','2026-05-25 17:23:50','2026-05-25 17:23:50',0),(61,0,'访客33797',NULL,NULL,NULL,NULL,'zh-CN',0,NULL,'2026-05-25 17:23:54','2026-05-25 17:23:54','2026-05-25 17:23:54',0),(62,0,'访客37610',NULL,NULL,NULL,NULL,'zh-CN',0,NULL,'2026-05-25 17:23:58','2026-05-25 17:23:58','2026-05-25 17:23:58',0),(63,0,'访客39553',NULL,NULL,NULL,NULL,'zh-CN',0,NULL,'2026-05-25 17:24:00','2026-05-25 17:24:00','2026-05-25 17:24:00',0),(64,0,'访客42496',NULL,NULL,NULL,NULL,'zh-CN',0,NULL,'2026-05-25 17:24:03','2026-05-25 17:24:02','2026-05-25 17:24:02',0),(65,0,'访客71541',NULL,NULL,NULL,NULL,'zh-CN',0,NULL,'2026-05-25 17:24:32','2026-05-25 17:24:32','2026-05-25 17:24:32',0),(66,0,'访客35097',NULL,NULL,NULL,NULL,'zh-CN',0,NULL,'2026-05-25 17:45:35','2026-05-25 17:45:35','2026-05-25 17:45:35',0),(67,0,'访客58760',NULL,NULL,NULL,NULL,'zh-CN',0,NULL,'2026-05-25 18:20:59','2026-05-25 18:20:59','2026-05-25 18:20:59',0),(68,0,'访客9042',NULL,NULL,NULL,NULL,'zh-CN',0,NULL,'2026-05-25 18:23:29','2026-05-25 18:23:29','2026-05-25 18:23:29',0),(69,0,'访客51780',NULL,NULL,NULL,NULL,'zh-CN',0,NULL,'2026-05-25 18:27:32','2026-05-25 18:27:32','2026-05-25 18:27:32',0),(70,0,'访客88824',NULL,NULL,NULL,NULL,'zh-CN',0,NULL,'2026-05-25 18:58:09','2026-05-25 18:58:09','2026-05-25 18:58:09',0),(71,0,'访客67599',NULL,NULL,NULL,NULL,'zh-CN',0,NULL,'2026-05-25 19:01:08','2026-05-25 19:01:08','2026-05-25 19:01:08',0),(72,0,'访客86687',NULL,NULL,NULL,NULL,'zh-CN',0,NULL,'2026-05-25 19:19:47','2026-05-25 19:19:47','2026-05-25 19:19:47',0),(73,0,'访客21295',NULL,NULL,NULL,NULL,'zh-CN',0,NULL,'2026-05-25 19:42:01','2026-05-25 19:42:01','2026-05-25 19:42:01',0),(74,0,'访客77553',NULL,NULL,NULL,NULL,'zh-CN',0,NULL,'2026-05-25 19:49:38','2026-05-25 19:49:38','2026-05-25 19:49:38',0),(75,0,'访客32959',NULL,NULL,NULL,NULL,'zh-CN',0,NULL,'2026-05-25 20:05:33','2026-05-25 20:05:33','2026-05-25 20:05:33',0),(76,0,'访客94063',NULL,NULL,NULL,NULL,'zh-CN',0,NULL,'2026-05-25 20:46:34','2026-05-25 20:46:34','2026-05-25 20:46:34',0),(77,0,'访客53342',NULL,NULL,NULL,NULL,'zh-CN',0,NULL,'2026-05-25 20:52:33','2026-05-25 20:52:33','2026-05-25 20:52:33',0),(78,0,'访客81613',NULL,NULL,NULL,NULL,'zh-CN',0,NULL,'2026-05-25 21:18:02','2026-05-25 21:18:02','2026-05-25 21:18:02',0),(79,0,'访客40416',NULL,NULL,NULL,NULL,'zh-CN',0,NULL,'2026-05-25 21:40:41','2026-05-25 21:40:40','2026-05-25 21:40:40',0),(80,0,'访客30539',NULL,NULL,NULL,NULL,'zh-CN',0,NULL,'2026-05-25 21:48:51','2026-05-25 21:48:51','2026-05-25 21:48:51',0),(81,0,'访客33297',NULL,NULL,NULL,NULL,'zh-CN',0,NULL,'2026-05-25 22:35:33','2026-05-25 22:35:33','2026-05-25 22:35:33',0),(82,0,'访客3363',NULL,NULL,NULL,NULL,'zh-CN',0,NULL,'2026-05-26 06:53:24','2026-05-26 06:53:23','2026-05-26 06:53:23',0),(83,0,'访客58601',NULL,NULL,NULL,NULL,'zh-CN',0,NULL,'2026-05-31 12:06:02','2026-05-31 12:05:59','2026-05-31 12:06:02',0),(84,0,'访客66374',NULL,NULL,NULL,NULL,'zh-CN',0,NULL,'2026-05-31 12:26:07','2026-05-31 12:26:06','2026-05-31 12:26:06',0),(85,0,'访客22999',NULL,NULL,NULL,NULL,'zh-CN',0,NULL,'2026-06-01 15:20:23','2026-06-01 15:20:23','2026-06-01 15:20:23',0),(86,0,'访客29133',NULL,NULL,NULL,NULL,'zh-CN',0,NULL,'2026-06-01 15:20:29','2026-06-01 15:20:29','2026-06-01 15:20:29',0),(87,0,'访客74705',NULL,NULL,NULL,NULL,'zh-CN',0,NULL,'2026-06-02 17:41:17','2026-06-02 17:41:15','2026-06-02 17:41:16',0),(88,0,'访客87419',NULL,NULL,NULL,NULL,'zh-CN',0,NULL,'2026-06-02 17:41:28','2026-06-02 17:41:27','2026-06-02 17:41:27',0),(89,0,'访客19184',NULL,NULL,NULL,NULL,'zh-CN',0,NULL,'2026-06-02 17:50:20','2026-06-02 17:50:19','2026-06-02 17:50:19',0),(90,0,'访客47265',NULL,NULL,NULL,NULL,'zh-CN',0,NULL,'2026-06-02 17:50:47','2026-06-02 17:50:47','2026-06-02 17:50:47',0),(91,0,'访客78468',NULL,NULL,NULL,NULL,'zh-CN',0,NULL,'2026-06-02 17:59:39','2026-06-02 17:59:38','2026-06-02 17:59:38',0),(92,0,'访客90974',NULL,NULL,NULL,NULL,'zh-CN',0,NULL,'2026-06-02 17:59:51','2026-06-02 17:59:51','2026-06-02 17:59:51',0),(93,0,'访客11611',NULL,NULL,NULL,NULL,'zh-CN',0,NULL,'2026-06-02 18:00:12','2026-06-02 18:00:12','2026-06-02 18:00:12',0),(94,0,'访客68265',NULL,NULL,NULL,NULL,'zh-CN',0,NULL,'2026-06-02 18:02:48','2026-06-02 18:02:48','2026-06-02 18:02:48',0),(95,0,'访客56477',NULL,NULL,NULL,NULL,'zh-CN',0,NULL,'2026-06-02 18:24:17','2026-06-02 18:24:16','2026-06-02 18:24:16',0),(96,0,'访客74875',NULL,NULL,NULL,NULL,'zh-CN',0,NULL,'2026-06-02 18:24:35','2026-06-02 18:24:35','2026-06-02 18:24:35',0),(97,0,'访客76639',NULL,NULL,NULL,NULL,'zh-CN',0,NULL,'2026-06-02 18:32:57','2026-06-02 18:32:57','2026-06-02 18:32:57',0),(98,0,'访客88879',NULL,NULL,NULL,NULL,'zh-CN',0,NULL,'2026-06-02 18:39:49','2026-06-02 18:39:49','2026-06-02 18:39:49',0),(99,0,'访客43981',NULL,NULL,NULL,NULL,'zh-CN',0,NULL,'2026-06-02 18:40:44','2026-06-02 18:40:44','2026-06-02 18:40:44',0),(100,0,'访客46832',NULL,NULL,NULL,NULL,'zh-CN',0,NULL,'2026-06-02 18:47:27','2026-06-02 18:47:27','2026-06-02 18:47:27',0),(101,0,'访客62935',NULL,NULL,NULL,NULL,'zh-CN',0,NULL,'2026-06-02 18:47:43','2026-06-02 18:47:43','2026-06-02 18:47:43',0),(102,0,'访客14152',NULL,NULL,NULL,NULL,'zh-CN',0,NULL,'2026-06-02 18:50:14','2026-06-02 18:50:14','2026-06-02 18:50:14',0),(103,0,'访客37115',NULL,NULL,NULL,NULL,'zh-CN',0,NULL,'2026-06-02 18:50:37','2026-06-02 18:50:37','2026-06-02 18:50:37',0),(104,0,'访客83660',NULL,NULL,NULL,NULL,'zh-CN',0,NULL,'2026-06-02 18:51:24','2026-06-02 18:51:24','2026-06-02 18:51:24',0),(105,0,'访客90169',NULL,NULL,NULL,NULL,'zh-CN',0,NULL,'2026-06-02 18:59:50','2026-06-02 18:59:50','2026-06-02 18:59:50',0),(106,0,'访客41084',NULL,NULL,NULL,NULL,'zh-CN',0,NULL,'2026-06-02 19:24:01','2026-06-02 19:24:01','2026-06-02 19:24:01',0),(107,0,'访客66271',NULL,NULL,NULL,NULL,'zh-CN',0,NULL,'2026-06-02 19:24:26','2026-06-02 19:24:26','2026-06-02 19:24:26',0),(108,0,'访客86379',NULL,NULL,NULL,NULL,'zh-CN',0,NULL,'2026-06-02 19:33:06','2026-06-02 19:33:06','2026-06-02 19:33:06',0),(109,0,'访客85368',NULL,NULL,NULL,NULL,'zh-CN',0,NULL,'2026-06-02 19:34:45','2026-06-02 19:34:45','2026-06-02 19:34:45',0),(110,0,'访客61804',NULL,NULL,NULL,NULL,'zh-CN',0,NULL,'2026-06-02 21:37:42','2026-06-02 21:37:42','2026-06-02 21:37:42',0),(111,0,'访客53857',NULL,NULL,NULL,NULL,'zh-CN',0,NULL,'2026-06-02 22:20:54','2026-06-02 22:20:54','2026-06-02 22:20:54',0),(112,0,'访客16985',NULL,NULL,NULL,NULL,'zh-CN',0,NULL,'2026-06-03 00:41:57','2026-06-03 00:41:57','2026-06-03 00:41:57',0),(113,0,'访客29167',NULL,NULL,NULL,NULL,'zh-CN',0,NULL,'2026-06-03 09:25:29','2026-06-03 09:25:29','2026-06-03 09:25:29',0),(114,0,'访客85932',NULL,NULL,NULL,NULL,'zh-CN',0,NULL,'2026-06-03 09:54:46','2026-06-03 09:54:46','2026-06-03 09:54:46',0),(115,0,'访客99467',NULL,NULL,NULL,NULL,'zh-CN',0,NULL,'2026-06-03 21:55:00','2026-06-03 21:54:59','2026-06-03 21:54:59',0),(116,0,'访客81646',NULL,NULL,NULL,NULL,'zh-CN',0,NULL,'2026-06-03 22:03:02','2026-06-03 22:03:02','2026-06-03 22:03:02',0),(117,0,'访客76412',NULL,NULL,NULL,NULL,'zh-CN',0,NULL,'2026-06-03 22:11:17','2026-06-03 22:11:16','2026-06-03 22:11:16',0),(118,0,'访客98125',NULL,NULL,NULL,NULL,'zh-CN',0,NULL,'2026-06-03 22:26:38','2026-06-03 22:26:38','2026-06-03 22:26:38',0),(119,0,'访客22390',NULL,NULL,NULL,NULL,'zh-CN',0,NULL,'2026-06-03 22:30:23','2026-06-03 22:30:22','2026-06-03 22:30:22',0),(120,0,'访客88479',NULL,NULL,NULL,NULL,'zh-CN',0,NULL,'2026-06-03 22:54:49','2026-06-03 22:54:48','2026-06-03 22:54:48',0),(121,0,'访客80664',NULL,NULL,NULL,NULL,'zh-CN',0,NULL,'2026-06-03 23:11:21','2026-06-03 23:11:21','2026-06-03 23:11:21',0),(122,0,'访客68885',NULL,NULL,NULL,NULL,'zh-CN',0,NULL,'2026-06-03 23:12:49','2026-06-03 23:12:49','2026-06-03 23:12:49',0),(123,0,'访客93886',NULL,NULL,NULL,NULL,'zh-CN',0,NULL,'2026-06-03 23:56:34','2026-06-03 23:56:34','2026-06-03 23:56:34',0),(124,0,'访客60953',NULL,NULL,NULL,NULL,'zh-CN',0,NULL,'2026-06-04 00:12:41','2026-06-04 00:12:41','2026-06-04 00:12:41',0),(125,0,'访客2907',NULL,NULL,NULL,NULL,'zh-CN',0,NULL,'2026-06-04 07:40:03','2026-06-04 07:40:03','2026-06-04 07:40:03',0),(126,0,'访客97369',NULL,NULL,NULL,NULL,'zh-CN',0,NULL,'2026-06-04 08:08:17','2026-06-04 08:08:17','2026-06-04 08:08:17',0),(127,0,'访客17278',NULL,NULL,NULL,NULL,'zh-CN',0,NULL,'2026-06-04 08:11:57','2026-06-04 08:11:57','2026-06-04 08:11:57',0),(128,0,'访客17944',NULL,NULL,NULL,NULL,'zh-CN',0,NULL,'2026-06-04 08:23:38','2026-06-04 08:23:38','2026-06-04 08:23:38',0),(129,0,'访客56105',NULL,NULL,NULL,NULL,'zh-CN',0,NULL,'2026-06-04 08:25:56','2026-06-04 08:25:56','2026-06-04 08:25:56',0),(130,0,'访客29134',NULL,NULL,NULL,NULL,'zh-CN',0,NULL,'2026-06-04 08:32:09','2026-06-04 08:32:09','2026-06-04 08:32:09',0),(131,0,'访客59234',NULL,NULL,NULL,NULL,'zh-CN',0,NULL,'2026-06-04 08:32:39','2026-06-04 08:32:39','2026-06-04 08:32:39',0),(132,0,'访客15496',NULL,NULL,NULL,NULL,'zh-CN',0,NULL,'2026-06-04 08:36:56','2026-06-04 08:36:55','2026-06-04 08:36:55',0),(133,0,'访客60665',NULL,NULL,NULL,NULL,'zh-CN',0,NULL,'2026-06-04 08:41:01','2026-06-04 08:41:01','2026-06-04 08:41:01',0),(134,0,'访客35129',NULL,NULL,NULL,NULL,'zh-CN',0,NULL,'2026-06-04 08:45:35','2026-06-04 08:45:35','2026-06-04 08:45:35',0),(135,0,'访客74481',NULL,NULL,NULL,NULL,'zh-CN',0,NULL,'2026-06-04 08:46:15','2026-06-04 08:46:14','2026-06-04 08:46:14',0),(136,0,'访客69528',NULL,NULL,NULL,NULL,'zh-CN',0,NULL,'2026-06-04 08:59:30','2026-06-04 08:59:30','2026-06-04 08:59:30',0),(137,0,'访客30044',NULL,NULL,NULL,NULL,'zh-CN',0,NULL,'2026-06-04 09:08:50','2026-06-04 09:08:50','2026-06-04 09:08:50',0),(138,0,'访客13818',NULL,NULL,NULL,NULL,'zh-CN',0,NULL,'2026-06-04 09:35:14','2026-06-04 09:35:14','2026-06-04 09:35:14',0),(139,0,'访客26862',NULL,NULL,NULL,NULL,'zh-CN',0,NULL,'2026-06-12 13:08:49','2026-06-12 13:08:47','2026-06-12 13:08:49',0),(140,0,'访客54515',NULL,NULL,NULL,NULL,'zh-CN',0,NULL,'2026-06-12 13:09:15','2026-06-12 13:09:15','2026-06-12 13:09:15',0),(141,0,'访客52967',NULL,NULL,NULL,NULL,'zh-CN',0,NULL,'2026-06-12 13:14:13','2026-06-12 13:14:13','2026-06-12 13:14:13',0);
/*!40000 ALTER TABLE `tb_user` ENABLE KEYS */;
UNLOCK TABLES;

--
-- Table structure for table `tb_user_behavior`
--

DROP TABLE IF EXISTS `tb_user_behavior`;
/*!40101 SET @saved_cs_client     = @@character_set_client */;
/*!50503 SET character_set_client = utf8mb4 */;
CREATE TABLE `tb_user_behavior` (
  `id` bigint NOT NULL AUTO_INCREMENT COMMENT '行为ID',
  `user_id` bigint NOT NULL COMMENT '用户ID',
  `behavior_type` varchar(30) COLLATE utf8mb4_unicode_ci NOT NULL COMMENT '行为类型：browse-浏览，purchase-购买，consult-咨询，click-点击',
  `target_id` varchar(100) COLLATE utf8mb4_unicode_ci DEFAULT NULL COMMENT '目标对象ID（商品ID/页面URL等）',
  `target_type` varchar(30) COLLATE utf8mb4_unicode_ci DEFAULT NULL COMMENT '目标类型：product/page/article等',
  `extra_data` json DEFAULT NULL COMMENT '附加数据（浏览时长、购买金额等）',
  `create_time` datetime NOT NULL DEFAULT CURRENT_TIMESTAMP COMMENT '创建时间',
  PRIMARY KEY (`id`),
  KEY `idx_user_id` (`user_id`),
  KEY `idx_behavior_type` (`behavior_type`),
  KEY `idx_create_time` (`create_time`)
) ENGINE=InnoDB DEFAULT CHARSET=utf8mb4 COLLATE=utf8mb4_unicode_ci COMMENT='用户行为记录表';
/*!40101 SET character_set_client = @saved_cs_client */;

--
-- Dumping data for table `tb_user_behavior`
--

LOCK TABLES `tb_user_behavior` WRITE;
/*!40000 ALTER TABLE `tb_user_behavior` DISABLE KEYS */;
/*!40000 ALTER TABLE `tb_user_behavior` ENABLE KEYS */;
UNLOCK TABLES;

--
-- Dumping routines for database 'ai_customer_service'
--
/*!40103 SET TIME_ZONE=@OLD_TIME_ZONE */;

/*!40101 SET SQL_MODE=@OLD_SQL_MODE */;
/*!40014 SET FOREIGN_KEY_CHECKS=@OLD_FOREIGN_KEY_CHECKS */;
/*!40014 SET UNIQUE_CHECKS=@OLD_UNIQUE_CHECKS */;
/*!40101 SET CHARACTER_SET_CLIENT=@OLD_CHARACTER_SET_CLIENT */;
/*!40101 SET CHARACTER_SET_RESULTS=@OLD_CHARACTER_SET_RESULTS */;
/*!40101 SET COLLATION_CONNECTION=@OLD_COLLATION_CONNECTION */;
/*!40111 SET SQL_NOTES=@OLD_SQL_NOTES */;

-- Dump completed on 2026-06-16 12:24:53
